{"이미지 정보":{"이미지 식별자":1233807,"이미지 높이":800,"이미지 파일명":"010-277-1,934-20,975-FallingJ_010_09.jpg","이미지 너비":800},"데이터셋 정보":{"파일 생성일자":"2020-11-19 16:18:25","데이터셋 상세설명":{"렉트좌표":{"아우터":[{}],"하의":[{}],"원피스":[{}],"상의":[{"X좌표":23.6384,"Y좌표":8.20122,"가로":634,"세로":603}]},"폴리곤좌표":{"아우터":[{}],"하의":[{}],"원피스":[{}],"상의":[{"X좌표30":130.804,"X좌표8":563.647,"X좌표9":627.466,"Y좌표30":72.7273,"X좌표2":210.039,"X좌표3":277.33,"X좌표1":130.873,"X좌표6":464.967,"X좌표7":526.356,"X좌표4":322.191,"X좌표5":412.398,"Y좌표26":272.93,"Y좌표25":437.648,"Y좌표28":129.045,"Y좌표9":215.64,"Y좌표27":177.655,"Y좌표22":476.675,"Y좌표21":526.882,"Y좌표24":431.19,"Y좌표23":424.454,"Y좌표20":594.658,"X좌표19":267.4,"X좌표18":327.121,"X좌표17":403.44,"X좌표16":480.245,"X좌표15":527.397,"X좌표14":570.452,"X좌표13":546.425,"X좌표12":536.078,"X좌표11":542.953,"Y좌표4":31.27,"X좌표10":658.715,"Y좌표3":44.9502,"Y좌표2":57.5193,"Y좌표1":72.8661,"Y좌표8":49.0473,"Y좌표7":32.6589,"Y좌표29":103.56,"Y좌표6":25.2285,"Y좌표5":8.70122,"Y좌표15":537.923,"Y좌표14":501.396,"Y좌표17":599.102,"Y좌표16":574.033,"Y좌표11":329.804,"Y좌표10":313.346,"Y좌표13":416.746,"Y좌표12":369.178,"X좌표29":83.9295,"X좌표28":53.9992,"X좌표27":27.9578,"X좌표26":24.1384,"X좌표25":27.3328,"X좌표24":85.5267,"X좌표23":147.193,"X좌표22":174.067,"X좌표21":203.164,"X좌표20":218.303,"Y좌표19":611.115,"Y좌표18":611.81}]},"라벨링":{"스타일":[{"스타일":"리조트"}],"아우터":[{}],"하의":[{}],"원피스":[{}],"상의":[{"색상":"화이트","카테고리":"티셔츠","디테일":["컷아웃"],"소매기장":"반팔","소재":["린넨"],"프린트":["무지"],"핏":"노멀"}]}},"파일 번호":1233807,"파일 이름":"010-277-1,934-20,975-FallingJ_010_09.jpg"}}