{"이미지 정보":{"이미지 식별자":1233808,"이미지 높이":800,"이미지 파일명":"010-277-1,934-20,975-FallingJ_010_10.jpg","이미지 너비":800},"데이터셋 정보":{"파일 생성일자":"2020-11-19 16:18:25","데이터셋 상세설명":{"렉트좌표":{"아우터":[{}],"하의":[{}],"원피스":[{}],"상의":[{"X좌표":-0.472467,"Y좌표":7.09013,"가로":744,"세로":773}]},"폴리곤좌표":{"아우터":[{}],"하의":[{}],"원피스":[{}],"상의":[{"X좌표31":395.301,"X좌표30":405.093,"X좌표8":584.049,"X좌표9":567.8,"Y좌표31":20.1766,"Y좌표30":78.0222,"X좌표2":468.148,"X좌표3":586.688,"X좌표1":399.26,"X좌표6":685.784,"X좌표7":631.618,"X좌표4":656.063,"X좌표5":744.326,"Y좌표26":322.807,"Y좌표25":314.474,"Y좌표28":222.602,"Y좌표9":529.937,"Y좌표27":275.239,"Y좌표22":213.644,"Y좌표21":379.542,"Y좌표24":239.546,"Y좌표23":174.895,"Y좌표20":432.249,"X좌표19":39.1938,"X좌표18":162.665,"X좌표17":224.609,"X좌표16":272.803,"X좌표15":329.191,"X좌표14":418.704,"X좌표13":485.995,"X좌표12":566.688,"X좌표11":571.202,"Y좌표4":124.323,"X좌표10":564.397,"Y좌표3":12.7289,"Y좌표2":7.59013,"Y좌표1":20.9925,"Y좌표8":461.814,"Y좌표7":453.828,"Y좌표29":160.589,"Y좌표6":417.926,"Y좌표5":360.15,"Y좌표15":781.198,"Y좌표14":773.906,"Y좌표17":617.035,"Y좌표16":689.95,"Y좌표11":662.92,"Y좌표10":596.394,"Y좌표13":760.92,"Y좌표12":733.977,"X좌표29":400.301,"X좌표28":378.496,"X좌표27":345.649,"X좌표26":301.761,"X좌표25":234.261,"X좌표24":136.832,"X좌표23":41.9716,"X좌표22":0.0275326,"X좌표21":8.84689,"X좌표20":28.7078,"Y좌표19":563.079,"Y좌표18":541.065}]},"라벨링":{"스타일":[{"스타일":"리조트"}],"아우터":[{}],"하의":[{}],"원피스":[{}],"상의":[{"색상":"화이트","카테고리":"티셔츠","디테일":["드롭숄더"],"소매기장":"반팔","소재":["린넨"],"프린트":["무지"],"넥라인":"유넥","핏":"노멀"}]}},"파일 번호":1233808,"파일 이름":"010-277-1,934-20,975-FallingJ_010_10.jpg"}}