{"이미지 정보":{"이미지 식별자":1233837,"이미지 높이":800,"이미지 파일명":"010-277-1,934-20,975-FallingJ_013_10.jpg","이미지 너비":800},"데이터셋 정보":{"파일 생성일자":"2020-11-19 16:18:32","데이터셋 상세설명":{"렉트좌표":{"아우터":[{}],"하의":[{"X좌표":207.234,"Y좌표":531.034,"가로":344,"세로":192}],"원피스":[{}],"상의":[{"X좌표":215.567,"Y좌표":8.96507,"가로":425,"세로":637}]},"폴리곤좌표":{"아우터":[{}],"하의":[{"Y좌표9":698.266,"Y좌표21":531.534,"Y좌표20":554.728,"X좌표19":218.636,"X좌표18":212.734,"X좌표17":207.734,"X좌표16":228.984,"X좌표15":263.15,"X좌표14":315.094,"X좌표13":355.857,"X좌표12":367.732,"X좌표11":380.579,"Y좌표4":632.504,"X좌표10":423.357,"Y좌표3":626.948,"Y좌표2":592.783,"Y좌표1":532.159,"Y좌표8":700.696,"Y좌표7":678.197,"Y좌표6":612.157,"Y좌표5":636.67,"Y좌표15":701.599,"Y좌표14":716.321,"X좌표8":505.022,"Y좌표17":657.225,"X좌표9":458.148,"Y좌표16":682.711,"Y좌표11":678.614,"Y좌표10":692.433,"Y좌표13":724.237,"Y좌표12":708.752,"X좌표2":296.066,"X좌표21":242.525,"X좌표3":354.468,"X좌표20":223.706,"X좌표1":240.442,"X좌표6":552.453,"Y좌표19":582.227,"X좌표7":544.328,"Y좌표18":616.393,"X좌표4":410.023,"X좌표5":458.981}],"원피스":[{}],"상의":[{"X좌표37":417.037,"X좌표36":419.676,"X좌표35":349.399,"X좌표34":311.622,"X좌표33":290.788,"X좌표32":270.858,"X좌표31":255.025,"X좌표30":240.928,"Y좌표37":12.7983,"Y좌표36":15.7843,"X좌표8":641.479,"X좌표9":572.869,"Y좌표33":60.7137,"Y좌표32":96.9627,"Y좌표35":14.0483,"Y좌표34":27.3812,"Y좌표31":157.933,"Y좌표30":205.571,"X좌표2":468.009,"X좌표3":524.328,"X좌표1":418.495,"X좌표6":625.16,"X좌표7":633.077,"X좌표4":571.688,"X좌표5":613.216,"Y좌표26":357.233,"Y좌표25":385.427,"Y좌표28":264.875,"Y좌표9":322.373,"Y좌표27":279.388,"Y좌표22":489.869,"Y좌표21":538.479,"Y좌표24":418.482,"Y좌표23":452.578,"Y좌표20":557.159,"X좌표19":297.663,"X좌표18":338.149,"X좌표17":394.746,"X좌표16":472.453,"X좌표15":538.286,"X좌표14":556.064,"X좌표13":570.23,"X좌표12":557.939,"X좌표11":553.702,"Y좌표4":44.1864,"X좌표10":551.966,"Y좌표3":22.7286,"Y좌표2":22.312,"Y좌표1":9.46507,"Y좌표8":305.915,"Y좌표7":198.279,"Y좌표29":256.264,"Y좌표6":138.142,"Y좌표5":79.5326,"Y좌표15":638.198,"Y좌표14":602.991,"Y좌표17":640.698,"Y좌표16":646.601,"Y좌표11":438.273,"Y좌표10":379.386,"Y좌표13":545.492,"Y좌표12":498.063,"X좌표29":226.345,"X좌표28":252.733,"X좌표27":334.052,"X좌표26":326.969,"X좌표25":313.497,"X좌표24":280.511,"X좌표23":247.803,"X좌표22":225.164,"X좌표21":216.067,"X좌표20":258.983,"Y좌표19":600.213,"Y좌표18":629.448}]},"라벨링":{"스타일":[{"스타일":"리조트"}],"아우터":[{}],"하의":[{"기장":"미니","색상":"화이트","카테고리":"팬츠","디테일":["롤업"],"소재":["우븐"],"프린트":["무지"],"핏":"스키니"}],"원피스":[{}],"상의":[{"기장":"노멀","색상":"핑크","카테고리":"티셔츠","소매기장":"반팔","소재":["저지"],"핏":"노멀"}]}},"파일 번호":1233837,"파일 이름":"010-277-1,934-20,975-FallingJ_013_10.jpg"}}