{"이미지 정보":{"이미지 식별자":1233809,"이미지 높이":800,"이미지 파일명":"010-277-1,934-20,975-FallingJ_010_11.jpg","이미지 너비":800},"데이터셋 정보":{"파일 생성일자":"2020-11-19 16:18:25","데이터셋 상세설명":{"렉트좌표":{"아우터":[{}],"하의":[{"X좌표":248.553,"Y좌표":392.307,"가로":369,"세로":401}],"원피스":[{}],"상의":[{"X좌표":132.235,"Y좌표":3.06246,"가로":512,"세로":488}]},"폴리곤좌표":{"아우터":[{}],"하의":[{"Y좌표9":506.762,"Y좌표22":487.249,"Y좌표21":543.15,"Y좌표23":455.097,"Y좌표20":635.786,"X좌표19":270.719,"X좌표18":304.052,"X좌표17":354.399,"X좌표16":402.315,"X좌표15":453.773,"X좌표14":469.051,"X좌표13":526.758,"X좌표12":572.452,"X좌표11":604.605,"Y좌표4":480.443,"X좌표10":618.632,"Y좌표3":463.013,"Y좌표2":468.708,"Y좌표1":456.138,"Y좌표8":392.807,"Y좌표7":437.32,"Y좌표6":445.028,"Y좌표5":483.36,"Y좌표15":755.575,"Y좌표14":718.076,"X좌표8":531.758,"Y좌표17":794.046,"X좌표9":579.744,"Y좌표16":784.185,"Y좌표11":688.841,"Y좌표10":614.745,"Y좌표13":735.089,"Y좌표12":717.034,"X좌표23":249.608,"X좌표22":252.664,"X좌표2":275.164,"X좌표21":250.719,"X좌표3":302.455,"X좌표20":255.997,"X좌표1":249.053,"X좌표6":386.412,"Y좌표19":744.256,"X좌표7":448.773,"Y좌표18":779.532,"X좌표4":311.413,"X좌표5":344.816}],"원피스":[{}],"상의":[{"X좌표8":555.161,"X좌표9":543.911,"X좌표2":187.387,"X좌표3":226.9,"X좌표1":138.498,"X좌표6":547.522,"X좌표7":644.743,"X좌표4":275.997,"X좌표5":307.386,"Y좌표26":90.2268,"Y좌표25":167.169,"Y좌표9":294.11,"Y좌표22":340.081,"Y좌표21":315.082,"Y좌표24":246.542,"Y좌표23":352.442,"Y좌표20":411.538,"X좌표19":310.927,"X좌표18":281.552,"X좌표17":241.761,"X좌표16":306.413,"X좌표15":352.038,"X좌표14":386.204,"X좌표13":429.259,"X좌표12":500.092,"X좌표11":551.272,"Y좌표4":13.5622,"X좌표10":544.536,"Y좌표3":18.8398,"Y좌표2":41.1309,"Y좌표1":86.6158,"Y좌표8":211.543,"Y좌표7":184.669,"Y좌표6":3.56246,"Y좌표5":3.97911,"Y좌표15":492.091,"Y좌표14":464.314,"Y좌표17":451.189,"Y좌표16":481.327,"Y좌표11":400.704,"Y좌표10":346.47,"Y좌표13":452.717,"Y좌표12":422.509,"X좌표26":132.735,"X좌표25":148.776,"X좌표24":178.428,"X좌표23":217.178,"X좌표22":268.705,"X좌표21":312.802,"X좌표20":327.108,"Y좌표19":446.884,"Y좌표18":451.536}]},"라벨링":{"스타일":[{"스타일":"리조트"}],"아우터":[{}],"하의":[{"기장":"미니","색상":"브라운","카테고리":"팬츠","디테일":["롤업"],"소재":["우븐"],"프린트":["무지"],"핏":"노멀"}],"원피스":[{}],"상의":[{"색상":"화이트","카테고리":"티셔츠","디테일":["컷아웃"],"소매기장":"반팔","소재":["린넨"],"프린트":["무지"],"핏":"노멀"}]}},"파일 번호":1233809,"파일 이름":"010-277-1,934-20,975-FallingJ_010_11.jpg"}}