{"이미지 정보":{"이미지 식별자":1233849,"이미지 높이":800,"이미지 파일명":"010-277-1,934-20,975-FallingJ_016_04.jpg","이미지 너비":800},"데이터셋 정보":{"파일 생성일자":"2020-11-19 16:18:35","데이터셋 상세설명":{"렉트좌표":{"아우터":[{}],"하의":[{"X좌표":196.817,"Y좌표":586.733,"가로":252,"세로":208}],"원피스":[{}],"상의":[{"X좌표":198.067,"Y좌표":-0.422829,"가로":286,"세로":624}]},"폴리곤좌표":{"아우터":[{}],"하의":[{"Y좌표9":795.838,"X좌표19":222.386,"X좌표18":204.609,"X좌표17":209.262,"X좌표16":226.345,"X좌표15":197.317,"X좌표14":221.622,"X좌표13":245.233,"X좌표12":235.997,"X좌표11":254.261,"Y좌표4":592.51,"X좌표10":304.677,"Y좌표3":617.302,"Y좌표2":609.385,"Y좌표1":592.719,"Y좌표8":789.311,"Y좌표7":761.95,"Y좌표6":714.591,"Y좌표5":661.675,"Y좌표15":666.467,"Y좌표14":684.939,"X좌표8":401.76,"Y좌표17":616.815,"X좌표9":349.816,"Y좌표16":630.287,"Y좌표11":761.048,"Y좌표10":784.728,"Y좌표13":706.535,"Y좌표12":744.034,"X좌표2":290.858,"X좌표3":371.899,"X좌표1":219.956,"X좌표6":449.745,"Y좌표19":590.844,"X좌표7":445.787,"Y좌표18":587.233,"X좌표4":445.995,"X좌표5":444.884}],"원피스":[{}],"상의":[{"Y좌표9":576.173,"Y좌표22":79.0334,"Y좌표21":113.269,"Y좌표20":140.351,"X좌표19":212.039,"X좌표18":198.567,"X좌표17":200.581,"X좌표16":198.706,"X좌표15":200.234,"X좌표14":203.775,"X좌표13":207.039,"X좌표12":293.497,"X좌표11":363.427,"Y좌표4":0.0771713,"X좌표10":430.926,"Y좌표3":16.9517,"Y좌표2":41.1177,"Y좌표1":77.9223,"Y좌표8":452.773,"Y좌표7":367.081,"Y좌표6":235.904,"Y좌표5":47.7842,"Y좌표15":442.843,"Y좌표14":505.272,"X좌표8":475.37,"Y좌표17":307.499,"X좌표9":485.023,"Y좌표16":369.234,"Y좌표11":624.713,"Y좌표10":612.908,"Y좌표13":590.756,"Y좌표12":615.685,"X좌표22":261.067,"X좌표2":289.608,"X좌표21":240.164,"X좌표3":320.094,"X좌표20":229.261,"X좌표1":259.955,"X좌표6":452.592,"Y좌표19":182.919,"X좌표7":465.509,"Y좌표18":221.946,"X좌표4":370.093,"X좌표5":423.982}]},"라벨링":{"스타일":[{"스타일":"리조트","서브스타일":"스트리트"}],"아우터":[{}],"하의":[{"기장":"미니","색상":"스카이블루","카테고리":"청바지","디테일":["디스트로이드"],"소재":["데님"],"프린트":["무지"],"핏":"노멀"}],"원피스":[{}],"상의":[{"기장":"노멀","색상":"카키","카테고리":"티셔츠","소매기장":"반팔","소재":["저지"],"프린트":["그래픽"],"넥라인":"라운드넥","핏":"노멀"}]}},"파일 번호":1233849,"파일 이름":"010-277-1,934-20,975-FallingJ_016_04.jpg"}}