{"이미지 정보":{"이미지 식별자":1233825,"이미지 높이":800,"이미지 파일명":"010-277-1,934-20,975-FallingJ_012_06.jpg","이미지 너비":800},"데이터셋 정보":{"파일 생성일자":"2020-11-19 16:18:29","데이터셋 상세설명":{"렉트좌표":{"아우터":[{}],"하의":[{}],"원피스":[{"X좌표":206.123,"Y좌표":6.18738,"가로":488,"세로":787}],"상의":[{}]},"폴리곤좌표":{"아우터":[{}],"하의":[{}],"원피스":[{"X좌표8":512.383,"X좌표9":540.994,"X좌표2":243.011,"X좌표3":290.997,"X좌표1":208.914,"X좌표6":418.634,"X좌표7":440.301,"X좌표4":328.08,"X좌표5":395.093,"Y좌표26":120.104,"Y좌표25":179.339,"Y좌표9":454.939,"Y좌표27":48.2314,"Y좌표22":355.029,"Y좌표21":478.706,"Y좌표24":221.074,"Y좌표23":268.642,"Y좌표20":642.938,"X좌표19":339.538,"X좌표18":383.426,"X좌표17":389.19,"X좌표16":422.384,"X좌표15":455.717,"X좌표14":505.578,"X좌표13":569.188,"X좌표12":625.646,"X좌표11":695.576,"Y좌표4":48.0751,"X좌표10":667.521,"Y좌표3":9.46507,"Y좌표2":6.68738,"Y좌표1":47.2418,"Y좌표8":382.58,"Y좌표7":246.056,"Y좌표6":151.892,"Y좌표5":96.8238,"Y좌표15":783.489,"Y좌표14":764.809,"Y좌표17":792.656,"Y좌표16":793.975,"Y좌표11":653.475,"Y좌표10":601.741,"Y좌표13":744.046,"Y좌표12":723.213,"X좌표27":206.623,"X좌표26":213.845,"X좌표25":230.928,"X좌표24":246.622,"X좌표23":260.094,"X좌표22":267.316,"X좌표21":293.705,"X좌표20":319.677,"Y좌표19":778.837,"Y좌표18":780.781}],"상의":[{}]},"라벨링":{"스타일":[{"스타일":"리조트"}],"아우터":[{}],"하의":[{}],"원피스":[{"기장":"미디","색상":"블루","서브색상":"화이트","카테고리":"드레스","디테일":["러플"],"소매기장":"민소매","소재":["우븐"],"프린트":["그래픽"],"넥라인":"라운드넥","핏":"루즈"}],"상의":[{}]}},"파일 번호":1233825,"파일 이름":"010-277-1,934-20,975-FallingJ_012_06.jpg"}}