{"이미지 정보":{"이미지 식별자":1233850,"이미지 높이":800,"이미지 파일명":"010-277-1,934-20,975-FallingJ_016_05.jpg","이미지 너비":800},"데이터셋 정보":{"파일 생성일자":"2020-11-19 16:18:36","데이터셋 상세설명":{"렉트좌표":{"아우터":[{}],"하의":[{"X좌표":281.747,"Y좌표":255.542,"가로":204,"세로":112}],"원피스":[{}],"상의":[{"X좌표":286.747,"Y좌표":8.67416,"가로":258,"세로":289}]},"폴리곤좌표":{"아우터":[{}],"하의":[{"Y좌표9":357.012,"Y좌표22":303.194,"Y좌표21":322.916,"Y좌표23":280.07,"Y좌표20":331.457,"X좌표19":336.969,"X좌표18":331.413,"X좌표17":334.885,"X좌표16":298.011,"X좌표15":293.566,"X좌표14":282.247,"X좌표13":317.941,"X좌표12":352.802,"X좌표11":387.454,"Y좌표4":263.612,"X좌표10":391.482,"Y좌표3":256.042,"Y좌표2":271.042,"Y좌표1":281.32,"Y좌표8":362.359,"Y좌표7":363.678,"Y좌표6":365.067,"Y좌표5":330.693,"Y좌표15":314.999,"Y좌표14":351.179,"X좌표8":412.732,"Y좌표17":276.945,"X좌표9":395.996,"Y좌표16":277.5,"Y좌표11":368.331,"Y좌표10":334.999,"Y좌표13":362.29,"Y좌표12":364.165,"X좌표23":373.843,"X좌표22":379.468,"X좌표2":397.593,"X좌표21":376.69,"X좌표3":424.884,"X좌표20":358.704,"X좌표1":371.413,"X좌표6":486.411,"Y좌표19":332.707,"X좌표7":456.759,"Y좌표18":306.18,"X좌표4":470.092,"X좌표5":482.453}],"원피스":[{}],"상의":[{"X좌표8":545.369,"X좌표9":503.217,"X좌표2":417.662,"X좌표3":444.537,"X좌표1":399.885,"X좌표6":534.189,"X좌표7":536.967,"X좌표4":468.912,"X좌표5":511.203,"Y좌표26":26.6042,"Y좌표25":45.9093,"Y좌표28":9.17416,"Y좌표9":184.1,"Y좌표27":12.5768,"Y좌표22":153.198,"Y좌표21":165.837,"Y좌표24":90.0747,"Y좌표23":121.741,"Y좌표20":162.573,"X좌표19":320.788,"X좌표18":309.677,"X좌표17":299.33,"X좌표16":353.913,"X좌표15":389.468,"X좌표14":415.718,"X좌표13":451.69,"X좌표12":477.523,"X좌표11":494.814,"Y좌표4":11.6741,"X좌표10":492.314,"Y좌표3":27.0209,"Y좌표2":29.4514,"Y좌표1":10.7713,"Y좌표8":160.698,"Y좌표7":115.56,"Y좌표29":11.3963,"Y좌표6":75.3529,"Y좌표5":26.3265,"Y좌표15":284.375,"Y좌표14":262.084,"Y좌표17":278.542,"Y좌표16":286.458,"Y좌표11":260.14,"Y좌표10":225.488,"Y좌표13":260.278,"Y좌표12":298.472,"X좌표29":399.537,"X좌표28":368.218,"X좌표27":348.635,"X좌표26":329.955,"X좌표25":318.427,"X좌표24":306.413,"X좌표23":299.677,"X좌표22":287.247,"X좌표21":308.011,"X좌표20":342.524,"Y좌표19":200.002,"Y좌표18":225.974}]},"라벨링":{"스타일":[{"스타일":"리조트","서브스타일":"스트리트"}],"아우터":[{}],"하의":[{"기장":"미니","색상":"스카이블루","카테고리":"청바지","디테일":["디스트로이드"],"소재":["데님"],"프린트":["무지"],"핏":"노멀"}],"원피스":[{}],"상의":[{"기장":"노멀","색상":"카키","카테고리":"티셔츠","소매기장":"반팔","소재":["저지"],"프린트":["그래픽"],"넥라인":"라운드넥","핏":"노멀"}]}},"파일 번호":1233850,"파일 이름":"010-277-1,934-20,975-FallingJ_016_05.jpg"}}