{"이미지 정보":{"이미지 식별자":1233830,"이미지 높이":800,"이미지 파일명":"010-277-1,934-20,975-FallingJ_013_01.jpg","이미지 너비":800},"데이터셋 정보":{"파일 생성일자":"2020-11-19 16:18:30","데이터셋 상세설명":{"렉트좌표":{"아우터":[{}],"하의":[{"X좌표":286.955,"Y좌표":586.995,"가로":339,"세로":192}],"원피스":[{}],"상의":[{"X좌표":212.164,"Y좌표":7.71511,"가로":473,"세로":608}]},"폴리곤좌표":{"아우터":[{}],"하의":[{"X좌표35":499.05,"X좌표34":457.245,"X좌표33":428.565,"X좌표32":392.176,"X좌표31":354.121,"X좌표30":318.913,"X좌표8":588.494,"X좌표9":597.938,"Y좌표33":594.579,"Y좌표32":595.898,"Y좌표35":591.454,"Y좌표34":592.634,"Y좌표31":595.551,"Y좌표30":594.509,"X좌표2":525.161,"X좌표3":509.606,"X좌표1":499.05,"X좌표6":542.175,"X좌표7":570.647,"X좌표4":505.717,"X좌표5":522.314,"Y좌표26":676.66,"Y좌표25":711.312,"Y좌표28":620.411,"Y좌표9":642.008,"Y좌표27":646.105,"Y좌표22":758.046,"Y좌표21":738.464,"Y좌표24":745.269,"Y좌표23":757.907,"Y좌표20":709.506,"X좌표19":455.37,"X좌표18":479.259,"X좌표17":523.703,"X좌표16":557.452,"X좌표15":590.299,"X좌표14":626.896,"X좌표13":626.966,"X좌표12":624.118,"X좌표11":619.118,"Y좌표4":670.827,"X좌표10":607.452,"Y좌표3":645.063,"Y좌표2":611.036,"Y좌표1":590.065,"Y좌표8":685.965,"Y좌표7":695.201,"Y좌표29":587.495,"Y좌표6":697.423,"Y좌표5":691.034,"Y좌표15":767.005,"Y좌표14":738.186,"Y좌표17":775.407,"Y좌표16":780.199,"Y좌표11":616.036,"Y좌표10":591.176,"Y좌표13":698.951,"Y좌표12":658.605,"X좌표29":291.344,"X좌표28":287.455,"X좌표27":289.538,"X좌표26":297.177,"X좌표25":304.608,"X좌표24":317.802,"X좌표23":357.107,"X좌표22":389.885,"X좌표21":430.093,"X좌표20":453.287,"Y좌표19":735.13,"Y좌표18":761.518}],"원피스":[{}],"상의":[{"Y좌표43":47.103,"Y좌표40":103.004,"Y좌표42":67.2413,"Y좌표41":80.7131,"X좌표39":239.053,"X좌표38":221.622,"X좌표37":215.859,"X좌표36":212.664,"X좌표35":215.442,"X좌표34":274.4,"X좌표33":296.969,"X좌표32":299.886,"X좌표31":292.663,"X좌표30":276.414,"Y좌표37":213.765,"Y좌표36":262.375,"X좌표8":483.703,"Y좌표39":129.809,"X좌표9":497.245,"Y좌표38":170.016,"Y좌표33":413.204,"Y좌표32":463.967,"Y좌표35":330.429,"Y좌표34":346.817,"Y좌표31":508.688,"Y좌표30":544.798,"X좌표2":322.385,"X좌표43":349.191,"X좌표3":340.232,"X좌표42":312.872,"X좌표41":291.9,"X좌표1":348.843,"X좌표40":263.428,"X좌표6":443.495,"X좌표7":466.064,"X좌표4":356.343,"X좌표5":398.148,"Y좌표26":616.601,"Y좌표25":603.685,"Y좌표28":605.213,"Y좌표9":8.21511,"Y좌표27":614.588,"Y좌표22":598.338,"Y좌표21":548.548,"Y좌표24":594.38,"Y좌표23":607.088,"Y좌표20":512.021,"X좌표19":611.341,"X좌표18":608.563,"X좌표17":620.577,"X좌표16":610.785,"X좌표15":685.854,"X좌표14":667.937,"X좌표13":670.646,"X좌표12":660.299,"X좌표11":625.716,"Y좌표4":166.405,"X좌표10":584.119,"Y좌표3":146.267,"Y좌표2":99.9487,"Y좌표1":49.1862,"Y좌표8":53.9778,"Y좌표7":91.4073,"Y좌표29":591.672,"Y좌표6":122.934,"Y좌표5":153.281,"Y좌표15":300.499,"Y좌표14":245.014,"Y좌표17":366.608,"Y좌표16":319.179,"Y좌표11":51.4778,"Y좌표10":14.6038,"Y좌표13":199.46,"Y좌표12":139.323,"X좌표29":275.303,"X좌표28":316.066,"X좌표27":373.496,"X좌표26":426.273,"X좌표25":494.328,"X좌표24":563.563,"X좌표23":606.133,"X좌표22":641.896,"X좌표21":631.688,"X좌표20":615.23,"Y좌표19":465.078,"Y좌표18":412.371}]},"라벨링":{"스타일":[{"스타일":"리조트"}],"아우터":[{}],"하의":[{"기장":"미니","색상":"화이트","카테고리":"팬츠","디테일":["롤업"],"소재":["우븐"],"프린트":["무지"],"핏":"스키니"}],"원피스":[{}],"상의":[{"기장":"노멀","색상":"핑크","카테고리":"티셔츠","디테일":["포켓"],"소매기장":"반팔","소재":["저지"],"프린트":["레터링"],"넥라인":"유넥","핏":"노멀"}]}},"파일 번호":1233830,"파일 이름":"010-277-1,934-20,975-FallingJ_013_01.jpg"}}