{"이미지 정보":{"이미지 식별자":1233777,"이미지 높이":800,"이미지 파일명":"010-277-1,934-20,975-FallingJ_007_05.jpg","이미지 너비":800},"데이터셋 정보":{"파일 생성일자":"2020-11-19 16:18:18","데이터셋 상세설명":{"렉트좌표":{"아우터":[{}],"하의":[{"X좌표":389.662,"Y좌표":223.126,"가로":194,"세로":471}],"원피스":[{}],"상의":[{"X좌표":451.745,"Y좌표":4.17355,"가로":164,"세로":316}]},"폴리곤좌표":{"아우터":[{}],"하의":[{"X좌표8":566.966,"X좌표9":550.439,"X좌표2":502.731,"X좌표3":491.55,"X좌표1":471.273,"X좌표6":548.703,"X좌표7":584.883,"X좌표4":498.147,"X좌표5":526.55,"Y좌표26":232.723,"Y좌표25":223.626,"Y좌표9":433.481,"Y좌표22":366.539,"Y좌표21":444.939,"Y좌표24":270.014,"Y좌표23":312.721,"Y좌표20":516.465,"X좌표19":405.232,"X좌표18":390.162,"X좌표17":423.148,"X좌표16":458.356,"X좌표15":470.856,"X좌표14":486.62,"X좌표13":496.62,"X좌표12":511.481,"X좌표11":542.036,"Y좌표4":323.554,"X좌표10":538.494,"Y좌표3":276.472,"Y좌표2":245.709,"Y좌표1":233.209,"Y좌표8":377.858,"Y좌표7":309.249,"Y좌표6":278.277,"Y좌표5":270.014,"Y좌표15":650.42,"Y좌표14":600.143,"Y좌표17":691.46,"Y좌표16":695.002,"Y좌표11":668.614,"Y좌표10":493.896,"Y좌표13":664.308,"Y좌표12":674.447,"X좌표26":471.551,"X좌표25":469.745,"X좌표24":463.009,"X좌표23":457.106,"X좌표22":451.412,"X좌표21":439.398,"X좌표20":424.745,"Y좌표19":603.616,"Y좌표18":677.989}],"원피스":[{}],"상의":[{"Y좌표9":285.846,"X좌표17":513.911,"X좌표16":493.634,"X좌표15":479.745,"X좌표14":463.495,"X좌표13":457.662,"X좌표12":452.245,"X좌표11":482.592,"Y좌표4":150.364,"X좌표10":516.411,"Y좌표3":64.7414,"Y좌표2":4.67355,"Y좌표1":23.5619,"Y좌표8":320.707,"Y좌표7":301.124,"Y좌표6":241.125,"Y좌표5":209.182,"Y좌표15":63.0053,"Y좌표14":98.3516,"X좌표8":583.494,"Y좌표17":19.6037,"X좌표9":548.355,"Y좌표16":40.1587,"Y좌표11":248.07,"Y좌표10":266.68,"Y좌표13":148.281,"Y좌표12":213.835,"X좌표2":575.091,"X좌표3":609.257,"X좌표1":511.133,"X좌표6":595.994,"X좌표7":602.105,"X좌표4":616.341,"X좌표5":608.285}]},"라벨링":{"스타일":[{"스타일":"리조트"}],"아우터":[{}],"하의":[{"기장":"발목","색상":"카키","카테고리":"팬츠","디테일":["포켓"],"소재":["린넨"],"프린트":["무지"],"핏":"스키니"}],"원피스":[{}],"상의":[{"색상":"화이트","서브색상":"블랙","카테고리":"티셔츠","디테일":["드롭숄더"],"소매기장":"반팔","소재":["저지"],"프린트":["그래픽"],"넥라인":"라운드넥","핏":"루즈"}]}},"파일 번호":1233777,"파일 이름":"010-277-1,934-20,975-FallingJ_007_05.jpg"}}