{"이미지 정보":{"이미지 식별자":1235448,"이미지 높이":800,"이미지 파일명":"012-279-949-21,968-Prau_016_07.jpg","이미지 너비":800},"데이터셋 정보":{"파일 생성일자":"2020-11-19 16:25:04","데이터셋 상세설명":{"렉트좌표":{"아우터":[{}],"하의":[{"X좌표":314.22,"Y좌표":192.576,"가로":345,"세로":502}],"원피스":[{}],"상의":[{"X좌표":409.133,"Y좌표":-0.469937,"가로":145,"세로":196}]},"폴리곤좌표":{"아우터":[{}],"하의":[{"Y좌표9":678.633,"Y좌표22":202.068,"Y좌표21":370.914,"Y좌표24":196.073,"Y좌표23":202.068,"Y좌표20":621.685,"X좌표19":647.416,"X좌표18":649.414,"X좌표17":617.444,"X좌표16":582.476,"X좌표15":578.479,"X좌표14":546.508,"X좌표13":525.528,"X좌표12":490.559,"X좌표11":455.591,"Y좌표4":684.628,"X좌표10":440.605,"Y좌표3":396.89,"Y좌표2":283.993,"Y좌표1":193.076,"Y좌표8":678.633,"Y좌표7":691.621,"Y좌표6":695.618,"Y좌표5":692.62,"Y좌표15":671.64,"Y좌표14":692.62,"X좌표8":406.636,"Y좌표17":664.646,"X좌표9":427.617,"Y좌표16":667.643,"Y좌표11":684.628,"Y좌표10":691.621,"Y좌표13":694.619,"Y좌표12":688.624,"X좌표24":418.625,"X좌표23":460.587,"X좌표22":521.531,"X좌표2":397.644,"X좌표21":562.494,"X좌표3":375.664,"X좌표20":660.404,"X좌표1":418.625,"X좌표6":366.672,"Y좌표19":639.669,"X좌표7":385.655,"Y좌표18":651.658,"X좌표4":314.72,"X좌표5":346.691}],"원피스":[{}],"상의":[{"X좌표8":529.524,"X좌표9":555.5,"Y좌표9":102.936,"Y좌표11":5.02551,"Y좌표10":20.0118,"Y좌표12":1.02915,"X좌표12":483.566,"X좌표11":547.507,"X좌표2":409.633,"Y좌표4":192.854,"X좌표10":552.503,"X좌표3":410.632,"Y좌표3":184.861,"Y좌표2":71.9644,"X좌표1":474.574,"Y좌표1":0.0300629,"X좌표6":500.55,"Y좌표8":189.857,"X좌표7":517.535,"Y좌표7":196.851,"X좌표4":444.601,"Y좌표6":196.851,"X좌표5":466.581,"Y좌표5":193.853}]},"라벨링":{"스타일":[{"스타일":"리조트"}],"아우터":[{}],"하의":[{"기장":"미디","색상":"네이비","카테고리":"스커트","디테일":["셔링"],"소재":["린넨"],"프린트":["무지"],"핏":"와이드"}],"원피스":[{}],"상의":[{"기장":"노멀","색상":"화이트","카테고리":"탑","소매기장":"캡","소재":["저지","스판덱스"],"프린트":["무지"],"넥라인":"라운드넥","핏":"타이트"}]}},"파일 번호":1235448,"파일 이름":"012-279-949-21,968-Prau_016_07.jpg"}}