{"이미지 정보":{"이미지 식별자":1235446,"이미지 높이":800,"이미지 파일명":"012-279-949-21,968-Prau_016_05.jpg","이미지 너비":800},"데이터셋 정보":{"파일 생성일자":"2020-11-19 16:25:03","데이터셋 상세설명":{"렉트좌표":{"아우터":[{}],"하의":[{"X좌표":256.273,"Y좌표":175.37,"가로":223,"세로":476}],"원피스":[{}],"상의":[{"X좌표":315.219,"Y좌표":2.52733,"가로":162,"세로":207}]},"폴리곤좌표":{"아우터":[{}],"하의":[{"Y좌표9":635.672,"X좌표18":344.692,"X좌표17":361.677,"X좌표16":443.602,"X좌표15":457.59,"X좌표14":480.569,"X좌표13":449.597,"X좌표12":434.61,"X좌표11":406.636,"Y좌표4":502.572,"X좌표10":372.667,"Y좌표3":319.738,"Y좌표2":245.806,"Y좌표1":179.866,"Y좌표8":632.675,"Y좌표7":615.691,"Y좌표6":595.709,"Y좌표5":579.501,"Y좌표15":264.011,"Y좌표14":642.666,"X좌표8":308.725,"Y좌표17":197.073,"X좌표9":343.693,"Y좌표16":200.07,"Y좌표11":649.66,"Y좌표10":638.67,"Y좌표13":646.662,"Y좌표12":652.657,"X좌표2":316.718,"X좌표3":302.731,"X좌표1":347.69,"X좌표6":304.729,"X좌표7":303.73,"Y좌표18":175.87,"X좌표4":272.758,"X좌표5":256.773}],"원피스":[{}],"상의":[{"Y좌표9":200.847,"X좌표17":379.661,"X좌표16":410.632,"X좌표15":436.609,"X좌표14":455.591,"X좌표13":466.581,"X좌표12":478.57,"X좌표11":468.579,"Y좌표4":136.905,"X좌표10":452.594,"Y좌표3":86.9508,"Y좌표2":28.0045,"Y좌표1":8.02277,"Y좌표8":190.856,"Y좌표7":185.861,"Y좌표6":185.861,"Y좌표5":188.858,"Y좌표15":3.02733,"Y좌표14":7.02368,"X좌표8":394.647,"Y좌표17":6.02459,"X좌표9":421.622,"Y좌표16":11.02,"Y좌표11":192.854,"Y좌표10":210.838,"Y좌표13":16.0155,"Y좌표12":59.9754,"X좌표2":356.682,"X좌표3":326.709,"X좌표1":382.658,"X좌표6":332.703,"X좌표7":372.667,"X좌표4":315.719,"X좌표5":320.714}]},"라벨링":{"스타일":[{"스타일":"리조트"}],"아우터":[{}],"하의":[{"기장":"미디","색상":"네이비","카테고리":"스커트","디테일":["셔링"],"소재":["린넨"],"프린트":["무지"],"핏":"와이드"}],"원피스":[{}],"상의":[{"기장":"노멀","색상":"화이트","카테고리":"탑","소매기장":"캡","소재":["저지","스판덱스"],"프린트":["무지"],"넥라인":"라운드넥","핏":"타이트"}]}},"파일 번호":1235446,"파일 이름":"012-279-949-21,968-Prau_016_05.jpg"}}