{"이미지 정보":{"이미지 식별자":1235447,"이미지 높이":800,"이미지 파일명":"012-279-949-21,968-Prau_016_06.jpg","이미지 너비":800},"데이터셋 정보":{"파일 생성일자":"2020-11-19 16:25:04","데이터셋 상세설명":{"렉트좌표":{"아우터":[{}],"하의":[{"X좌표":140.378,"Y좌표":222.549,"가로":345,"세로":568}],"원피스":[{}],"상의":[{"X좌표":184.338,"Y좌표":-0.469937,"가로":245,"세로":231}]},"폴리곤좌표":{"아우터":[{}],"하의":[{"Y좌표9":781.539,"Y좌표22":230.042,"Y좌표21":223.049,"Y좌표20":225.047,"X좌표19":486.563,"X좌표18":461.586,"X좌표17":465.582,"X좌표16":439.606,"X좌표15":410.632,"X좌표14":383.657,"X좌표13":368.671,"X좌표12":355.682,"X좌표11":322.713,"Y좌표4":767.552,"X좌표10":287.744,"Y좌표3":751.567,"Y좌표2":493.802,"Y좌표1":239.034,"Y좌표8":764.555,"Y좌표7":768.551,"Y좌표6":766.553,"Y좌표5":767.552,"Y좌표15":786.535,"Y좌표14":791.53,"X좌표8":263.766,"Y좌표17":760.558,"X좌표9":270.76,"Y좌표16":767.552,"Y좌표11":775.545,"Y좌표10":785.536,"Y좌표13":776.544,"Y좌표12":769.55,"X좌표22":212.813,"X좌표2":166.855,"X좌표21":337.699,"X좌표3":140.878,"X좌표20":375.664,"X좌표1":214.811,"X좌표6":217.808,"Y좌표19":724.591,"X좌표7":249.779,"Y좌표18":730.586,"X좌표4":164.857,"X좌표5":196.827}],"원피스":[{}],"상의":[{"Y좌표9":231.819,"Y좌표21":3.02733,"Y좌표20":14.0173,"X좌표19":286.745,"X좌표18":315.719,"X좌표17":340.696,"X좌표16":374.665,"X좌표15":415.628,"X좌표14":430.614,"X좌표13":394.647,"X좌표12":401.641,"X좌표11":379.661,"Y좌표4":102.936,"X좌표10":353.684,"Y좌표3":73.9626,"Y좌표2":33.0,"Y좌표1":0.0300629,"Y좌표8":230.82,"Y좌표7":230.82,"Y좌표6":203.844,"Y좌표5":161.882,"Y좌표15":13.0182,"Y좌표14":39.9936,"X좌표8":266.764,"Y좌표17":10.0209,"X좌표9":312.722,"Y좌표16":0.0300629,"Y좌표11":226.823,"Y좌표10":230.82,"Y좌표13":96.9417,"Y좌표12":167.877,"X좌표2":184.838,"X좌표21":256.773,"X좌표3":193.83,"X좌표20":261.768,"X좌표1":261.768,"X좌표6":223.803,"Y좌표19":25.0073,"X좌표7":226.8,"Y좌표18":23.0091,"X좌표4":201.823,"X좌표5":213.812}]},"라벨링":{"스타일":[{"스타일":"리조트"}],"아우터":[{}],"하의":[{"기장":"미디","색상":"네이비","카테고리":"스커트","디테일":["셔링"],"소재":["린넨"],"프린트":["무지"],"핏":"와이드"}],"원피스":[{}],"상의":[{"기장":"노멀","색상":"화이트","카테고리":"탑","소매기장":"캡","소재":["저지","스판덱스"],"프린트":["무지"],"넥라인":"라운드넥","핏":"타이트"}]}},"파일 번호":1235447,"파일 이름":"012-279-949-21,968-Prau_016_06.jpg"}}