{"이미지 정보":{"이미지 식별자":1224459,"이미지 높이":800,"이미지 파일명":"1-(9)-002-269-862-1,167-TROI_030_img.jpg","이미지 너비":800},"데이터셋 정보":{"파일 생성일자":"2020-11-19 15:39:09","데이터셋 상세설명":{"렉트좌표":{"아우터":[{}],"하의":[{}],"원피스":[{"X좌표":213.997,"Y좌표":3.50138,"가로":388,"세로":597}],"상의":[{}]},"폴리곤좌표":{"아우터":[{}],"하의":[{}],"원피스":[{"X좌표37":382.263,"X좌표36":365.287,"X좌표35":328.338,"X좌표34":236.466,"X좌표33":214.497,"X좌표32":234.469,"X좌표31":245.454,"X좌표30":276.411,"Y좌표37":6.99721,"Y좌표36":13.9875,"X좌표8":595.966,"X좌표9":602.956,"Y좌표33":149.799,"Y좌표32":176.761,"Y좌표35":20.9778,"Y좌표34":108.856,"Y좌표31":199.729,"Y좌표30":182.753,"X좌표2":392.25,"X좌표3":400.238,"X좌표1":386.258,"X좌표6":493.109,"X좌표7":547.034,"X좌표4":424.205,"X좌표5":439.184,"Y좌표26":271.629,"Y좌표25":301.587,"Y좌표28":160.783,"Y좌표9":135.818,"Y좌표27":163.779,"Y좌표22":596.178,"Y좌표21":601.171,"Y좌표24":527.274,"Y좌표23":570.214,"Y좌표20":586.192,"X좌표19":467.145,"X좌표18":478.13,"X좌표17":545.037,"X좌표16":574.995,"X좌표15":534.052,"X좌표14":495.107,"X좌표13":520.072,"X좌표12":559.018,"X좌표11":574.995,"Y좌표4":25.9708,"X좌표10":599.961,"Y좌표3":23.9736,"Y좌표2":19.9792,"Y좌표1":4.00138,"Y좌표8":121.837,"Y좌표7":71.9069,"Y좌표29":171.768,"Y좌표6":21.9764,"Y좌표5":9.99304,"Y좌표15":346.525,"Y좌표14":225.693,"Y좌표17":539.257,"Y좌표16":520.283,"Y좌표11":199.729,"Y좌표10":153.793,"Y좌표13":163.779,"Y좌표12":199.729,"X좌표29":295.384,"X좌표28":302.375,"X좌표27":308.366,"X좌표26":322.347,"X좌표25":310.363,"X좌표24":252.444,"X좌표23":278.408,"X좌표22":297.382,"X좌표21":360.294,"X좌표20":444.177,"Y좌표19":566.219,"Y좌표18":547.246}],"상의":[{}]},"라벨링":{"스타일":[{"스타일":"오리엔탈","서브스타일":"리조트"}],"아우터":[{}],"하의":[{}],"원피스":[{"기장":"미디","색상":"라벤더","카테고리":"드레스","옷깃":"차이나칼라","디테일":["단추","포켓"],"소매기장":"7부소매","소재":["린넨"],"프린트":["무지"],"넥라인":"라운드넥","핏":"루즈"}],"상의":[{}]}},"파일 번호":1224459,"파일 이름":"1-(9)-002-269-862-1,167-TROI_030_img.jpg"}}