{"이미지 정보":{"이미지 식별자":1231364,"이미지 높이":800,"이미지 파일명":"1-(9)-008-275-2,526-14,877-FLY_313_31.jpg","이미지 너비":800},"데이터셋 정보":{"파일 생성일자":"2020-11-19 16:08:28","데이터셋 상세설명":{"렉트좌표":{"아우터":[{}],"하의":[{"X좌표":269.132,"Y좌표":2.50277,"가로":286,"세로":778}],"원피스":[{}],"상의":[{}]},"폴리곤좌표":{"아우터":[{}],"하의":[{"Y좌표9":102.864,"Y좌표22":524.5,"Y좌표21":729.215,"Y좌표24":128.828,"Y좌표23":311.796,"Y좌표20":711.24,"X좌표19":361.504,"X좌표18":389.465,"X좌표17":387.468,"X좌표16":419.424,"X좌표15":482.336,"X좌표14":553.237,"X좌표13":556.233,"X좌표12":553.237,"X좌표11":552.239,"Y좌표4":12.9889,"X좌표10":546.247,"Y좌표3":6.99721,"Y좌표2":50.9361,"Y좌표1":125.832,"Y좌표8":42.9472,"Y좌표7":5.9986,"Y좌표6":3.00277,"Y좌표5":13.9875,"Y좌표15":781.143,"Y좌표14":778.147,"X좌표8":502.308,"Y좌표17":763.168,"X좌표9":539.257,"Y좌표16":775.151,"Y좌표11":429.41,"Y좌표10":245.665,"Y좌표13":739.201,"Y좌표12":590.186,"X좌표24":269.632,"X좌표23":272.628,"X좌표22":281.615,"X좌표2":289.604,"X좌표21":276.622,"X좌표3":321.56,"X좌표20":332.544,"X좌표1":270.631,"X좌표6":468.356,"Y좌표19":705.248,"X좌표7":487.329,"Y좌표18":705.248,"X좌표4":347.524,"X좌표5":439.396}],"원피스":[{}],"상의":[{}]},"라벨링":{"스타일":[{"스타일":"오리엔탈","서브스타일":"페미닌"}],"아우터":[{}],"하의":[{"기장":"발목","색상":"레드","카테고리":"팬츠","디테일":["단추","지퍼"],"소재":["우븐"],"핏":"루즈"}],"원피스":[{}],"상의":[{}]}},"파일 번호":1231364,"파일 이름":"1-(9)-008-275-2,526-14,877-FLY_313_31.jpg"}}