{"이미지 정보":{"이미지 식별자":1224452,"이미지 높이":800,"이미지 파일명":"1-(9)-002-269-862-1,167-TROI_030_53.JPG","이미지 너비":800},"데이터셋 정보":{"파일 생성일자":"2020-11-19 15:39:07","데이터셋 상세설명":{"렉트좌표":{"아우터":[{}],"하의":[{}],"원피스":[{"X좌표":339.822,"Y좌표":-1.49168,"가로":368,"세로":791}],"상의":[{}]},"폴리곤좌표":{"아우터":[{}],"하의":[{}],"원피스":[{"X좌표8":708.809,"X좌표9":634.912,"X좌표2":518.075,"X좌표3":524.066,"X좌표1":473.137,"X좌표6":634.912,"X좌표7":692.831,"X좌표4":563.012,"X좌표5":594.968,"Y좌표25":1.00554,"Y좌표9":722.003,"Y좌표22":218.259,"Y좌표21":324.112,"Y좌표24":9.99304,"Y좌표23":31.9625,"Y좌표20":323.113,"X좌표19":422.208,"X좌표18":465.148,"X좌표17":453.165,"X좌표16":463.151,"X좌표15":465.148,"X좌표14":499.101,"X좌표13":510.086,"X좌표12":563.012,"X좌표11":608.948,"Y좌표4":46.9417,"X좌표10":639.905,"Y좌표3":19.9792,"Y좌표2":22.975,"Y좌표1":-0.991678,"Y좌표8":690.047,"Y좌표7":629.132,"Y좌표6":397.454,"Y좌표5":218.703,"Y좌표15":717.564,"Y좌표14":731.545,"Y좌표17":640.671,"Y좌표16":661.642,"Y좌표11":781.476,"Y좌표10":763.501,"Y좌표13":784.471,"Y좌표12":790.463,"X좌표25":473.137,"X좌표24":423.207,"X좌표23":400.238,"X좌표22":340.322,"X좌표21":358.297,"X좌표20":409.226,"Y좌표19":441.948,"Y좌표18":610.713}],"상의":[{}]},"라벨링":{"스타일":[{"스타일":"오리엔탈","서브스타일":"리조트"}],"아우터":[{}],"하의":[{}],"원피스":[{"기장":"미디","색상":"라벤더","카테고리":"드레스","옷깃":"차이나칼라","디테일":["단추","포켓"],"소매기장":"7부소매","소재":["린넨"],"프린트":["무지"],"넥라인":"라운드넥","핏":"루즈"}],"상의":[{}]}},"파일 번호":1224452,"파일 이름":"1-(9)-002-269-862-1,167-TROI_030_53.JPG"}}