{"이미지 정보":{"이미지 식별자":1231361,"이미지 높이":800,"이미지 파일명":"1-(9)-008-275-2,526-14,877-FLY_313_08.jpg","이미지 너비":800},"데이터셋 정보":{"파일 생성일자":"2020-11-19 16:08:27","데이터셋 상세설명":{"렉트좌표":{"아우터":[{}],"하의":[{"X좌표":335.04,"Y좌표":248.161,"가로":159,"세로":491}],"원피스":[{}],"상의":[{"X좌표":296.094,"Y좌표":-0.493067,"가로":221,"세로":341}]},"폴리곤좌표":{"아우터":[{}],"하의":[{"Y좌표9":401.449,"Y좌표20":509.631,"X좌표19":362.503,"X좌표18":358.508,"X좌표17":359.507,"X좌표16":379.479,"X좌표15":399.451,"X좌표14":428.411,"X좌표13":437.399,"X좌표12":456.372,"X좌표11":477.343,"Y좌표4":308.578,"X좌표10":459.368,"Y좌표3":315.568,"Y좌표2":400.45,"Y좌표1":512.294,"Y좌표8":323.557,"Y좌표7":292.6,"Y좌표6":248.661,"Y좌표5":299.59,"Y좌표15":740.311,"Y좌표14":735.318,"X좌표8":495.318,"Y좌표17":724.333,"X좌표9":485.332,"Y좌표16":734.319,"Y좌표11":668.411,"Y좌표10":555.235,"Y좌표13":690.38,"Y좌표12":685.387,"X좌표2":335.54,"X좌표3":338.536,"X좌표20":346.525,"X좌표1":347.524,"X좌표6":438.397,"Y좌표19":554.569,"X좌표7":479.34,"Y좌표18":613.487,"X좌표4":395.457,"X좌표5":423.418}],"원피스":[{}],"상의":[{"X좌표8":459.368,"X좌표9":463.362,"X좌표2":360.506,"X좌표3":390.464,"X좌표1":351.518,"X좌표6":398.453,"X좌표7":422.419,"X좌표4":381.476,"X좌표5":378.481,"Y좌표26":158.786,"Y좌표25":185.749,"Y좌표9":61.9208,"Y좌표27":63.918,"Y좌표22":327.551,"Y좌표21":312.572,"Y좌표24":311.574,"Y좌표23":330.547,"Y좌표20":275.624,"X좌표19":477.343,"X좌표18":482.336,"X좌표17":507.301,"X좌표16":516.289,"X좌표15":518.286,"X좌표14":508.3,"X좌표13":486.331,"X좌표12":475.346,"X좌표11":493.321,"Y좌표4":35.9569,"X좌표10":472.35,"Y좌표3":17.9819,"Y좌표2":33.9597,"Y좌표1":61.9208,"Y좌표8":1.00554,"Y좌표7":1.00554,"Y좌표6":32.9611,"Y좌표5":46.9417,"Y좌표15":187.746,"Y좌표14":41.9486,"Y좌표17":336.539,"Y좌표16":272.628,"Y좌표11":41.9486,"Y좌표10":96.8722,"Y좌표13":0.00693311,"Y좌표12":0.00693311,"X좌표27":351.518,"X좌표26":338.536,"X좌표25":338.536,"X좌표24":296.594,"X좌표23":342.531,"X좌표22":398.453,"X좌표21":429.41,"X좌표20":439.396,"Y좌표19":320.561,"Y좌표18":341.532}]},"라벨링":{"스타일":[{"스타일":"오리엔탈","서브스타일":"페미닌"}],"아우터":[{}],"하의":[{"기장":"발목","색상":"레드","카테고리":"팬츠","소재":["우븐"],"핏":"루즈"}],"원피스":[{}],"상의":[{"기장":"롱","색상":"베이지","카테고리":"탑","소매기장":"민소매","소재":["린넨"],"넥라인":"유넥","핏":"루즈"}]}},"파일 번호":1231361,"파일 이름":"1-(9)-008-275-2,526-14,877-FLY_313_08.jpg"}}