{"이미지 정보":{"이미지 식별자":1231362,"이미지 높이":800,"이미지 파일명":"1-(9)-008-275-2,526-14,877-FLY_313_09.jpg","이미지 너비":800},"데이터셋 정보":{"파일 생성일자":"2020-11-19 16:08:28","데이터셋 상세설명":{"렉트좌표":{"아우터":[{}],"하의":[{"X좌표":299.09,"Y좌표":208.217,"가로":203,"세로":513}],"원피스":[{}],"상의":[{"X좌표":285.11,"Y좌표":7.49582,"가로":206,"세로":329}]},"폴리곤좌표":{"아우터":[{}],"하의":[{"X좌표31":319.562,"X좌표30":325.554,"X좌표8":416.428,"X좌표9":445.387,"Y좌표31":553.792,"Y좌표30":700.588,"X좌표2":306.581,"X좌표3":299.59,"X좌표1":316.567,"X좌표6":343.529,"X좌표7":381.476,"X좌표4":305.582,"X좌표5":327.551,"Y좌표26":717.564,"Y좌표25":666.635,"Y좌표28":710.574,"Y좌표9":212.711,"Y좌표27":722.558,"Y좌표22":541.809,"Y좌표21":562.78,"Y좌표24":556.788,"Y좌표23":440.949,"Y좌표20":687.606,"X좌표19":420.422,"X좌표18":446.386,"X좌표17":468.356,"X좌표16":498.314,"X좌표15":503.307,"X좌표14":502.308,"X좌표13":493.321,"X좌표12":480.339,"X좌표11":469.354,"Y좌표4":295.596,"X좌표10":462.364,"Y좌표3":341.532,"Y좌표2":405.443,"Y좌표1":553.237,"Y좌표8":208.717,"Y좌표7":208.717,"Y좌표29":704.583,"Y좌표6":245.665,"Y좌표5":245.665,"Y좌표15":588.189,"Y좌표14":502.308,"Y좌표17":702.585,"Y좌표16":703.584,"Y좌표11":270.631,"Y좌표10":229.687,"Y좌표13":383.474,"Y좌표12":322.558,"X좌표29":348.522,"X좌표28":360.506,"X좌표27":376.483,"X좌표26":387.468,"X좌표25":390.464,"X좌표24":395.457,"X좌표23":401.449,"X좌표22":413.432,"X좌표21":406.442,"X좌표20":393.46,"Y좌표19":696.594,"Y좌표18":693.598}],"원피스":[{}],"상의":[{"X좌표8":469.354,"X좌표9":463.362,"X좌표2":346.525,"X좌표3":369.493,"X좌표1":297.593,"X좌표6":408.439,"X좌표7":456.372,"X좌표4":407.44,"X좌표5":416.428,"Y좌표26":26.9694,"Y좌표25":43.9458,"Y좌표9":87.8847,"Y좌표22":143.807,"Y좌표21":202.725,"Y좌표24":76.9,"Y좌표23":97.8708,"Y좌표20":265.637,"X좌표19":290.603,"X좌표18":310.575,"X좌표17":313.571,"X좌표16":335.54,"X좌표15":347.524,"X좌표14":387.468,"X좌표13":406.442,"X좌표12":445.387,"X좌표11":461.365,"Y좌표4":55.9292,"X좌표10":492.322,"Y좌표3":30.9639,"Y좌표2":7.99582,"Y좌표1":22.975,"Y좌표8":46.9417,"Y좌표7":16.9833,"Y좌표6":8.99443,"Y좌표5":38.9528,"Y좌표15":255.651,"Y좌표14":220.7,"Y좌표17":309.576,"Y좌표16":260.644,"Y좌표11":256.65,"Y좌표10":205.721,"Y좌표13":227.69,"Y좌표12":230.686,"X좌표26":299.59,"X좌표25":309.576,"X좌표24":312.572,"X좌표23":308.578,"X좌표22":312.572,"X좌표21":293.599,"X좌표20":285.61,"Y좌표19":325.554,"Y좌표18":337.537}]},"라벨링":{"스타일":[{"스타일":"오리엔탈","서브스타일":"페미닌"}],"아우터":[{}],"하의":[{"기장":"발목","색상":"레드","카테고리":"팬츠","디테일":["단추","포켓"],"소재":["우븐"],"핏":"루즈"}],"원피스":[{}],"상의":[{"기장":"롱","색상":"베이지","카테고리":"탑","소매기장":"민소매","소재":["린넨"],"넥라인":"유넥","핏":"루즈"}]}},"파일 번호":1231362,"파일 이름":"1-(9)-008-275-2,526-14,877-FLY_313_09.jpg"}}