{"이미지 정보":{"이미지 식별자":1224454,"이미지 높이":800,"이미지 파일명":"1-(9)-002-269-862-1,167-TROI_030_55.JPG","이미지 너비":800},"데이터셋 정보":{"파일 생성일자":"2020-11-19 15:39:08","데이터셋 상세설명":{"렉트좌표":{"아우터":[{}],"하의":[{}],"원피스":[{"X좌표":208.005,"Y좌표":0.505544,"가로":354,"세로":773}],"상의":[{}]},"폴리곤좌표":{"아우터":[{}],"하의":[{}],"원피스":[{"X좌표31":403.234,"X좌표30":369.282,"X좌표8":558.019,"X좌표9":563.012,"Y좌표31":20.9778,"Y좌표30":43.9458,"X좌표2":405.232,"X좌표3":430.197,"X좌표1":408.227,"X좌표6":503.095,"X좌표7":536.05,"X좌표4":452.166,"X좌표5":479.129,"Y좌표26":177.76,"Y좌표25":231.685,"Y좌표28":119.84,"Y좌표9":679.062,"Y좌표27":149.799,"Y좌표22":212.711,"Y좌표21":249.66,"Y좌표24":248.661,"Y좌표23":248.661,"Y좌표20":277.621,"X좌표19":208.505,"X좌표18":232.472,"X좌표17":309.365,"X좌표16":324.344,"X좌표15":374.275,"X좌표14":482.125,"X좌표13":516.077,"X좌표12":516.077,"X좌표11":546.036,"Y좌표4":1.00554,"X좌표10":560.016,"Y좌표3":10.9917,"Y좌표2":30.9639,"Y좌표1":19.9792,"Y좌표8":466.358,"Y좌표7":217.704,"Y좌표29":75.9014,"Y좌표6":33.9597,"Y좌표5":15.9847,"Y좌표15":750.962,"Y좌표14":774.929,"Y좌표17":723.001,"Y좌표16":738.979,"Y좌표11":738.979,"Y좌표10":730.99,"Y좌표13":770.935,"Y좌표12":739.978,"X좌표29":352.305,"X좌표28":346.313,"X좌표27":328.338,"X좌표26":306.369,"X좌표25":293.387,"X좌표24":336.327,"X좌표23":347.312,"X좌표22":364.288,"X좌표21":358.297,"X좌표20":350.308,"Y좌표19":676.067,"Y좌표18":695.04}],"상의":[{}]},"라벨링":{"스타일":[{"스타일":"오리엔탈","서브스타일":"리조트"}],"아우터":[{}],"하의":[{}],"원피스":[{"기장":"미디","색상":"라벤더","카테고리":"드레스","옷깃":"차이나칼라","디테일":["단추","포켓"],"소매기장":"7부소매","소재":["린넨"],"프린트":["무지"],"넥라인":"라운드넥","핏":"루즈"}],"상의":[{}]}},"파일 번호":1224454,"파일 이름":"1-(9)-002-269-862-1,167-TROI_030_55.JPG"}}