{"이미지 정보":{"이미지 식별자":1237611,"이미지 높이":800,"이미지 파일명":"017-284-6,736-31,608---여기까지-PinkSpoon_159_16.jpg","이미지 너비":800},"데이터셋 정보":{"파일 생성일자":"2020-11-19 16:34:23","데이터셋 상세설명":{"렉트좌표":{"아우터":[{"X좌표":354.397,"Y좌표":-3.40952,"가로":202,"세로":421}],"하의":[{"X좌표":341.259,"Y좌표":387.105,"가로":191,"세로":332}],"원피스":[{}],"상의":[{}]},"폴리곤좌표":{"아우터":[{"X좌표8":358.325,"X좌표9":373.747,"X좌표2":423.441,"X좌표3":388.312,"X좌표1":454.285,"X좌표6":382.315,"X좌표7":368.606,"X좌표4":356.611,"X좌표5":354.897,"Y좌표25":-1.19672,"Y좌표9":364.483,"Y좌표22":5.65441,"Y좌표21":18.5003,"Y좌표24":3.0,"Y좌표23":-2.90952,"Y좌표20":51.8996,"X좌표19":542.535,"X좌표18":539.108,"X좌표17":546.819,"X좌표16":548.533,"X좌표15":552.817,"X좌표14":543.392,"X좌표13":531.397,"X좌표12":441.434,"X좌표11":401.164,"Y좌표4":35.6282,"X좌표10":371.176,"Y좌표3":12.5056,"Y좌표2":15.9311,"Y좌표1":-2.90952,"Y좌표8":337.935,"Y좌표7":296.828,"Y좌표6":142.677,"Y좌표5":81.8734,"Y좌표15":327.658,"Y좌표14":380.754,"Y좌표17":182.928,"Y좌표16":277.987,"Y좌표11":413.297,"Y좌표10":403.877,"Y좌표13":409.872,"Y좌표12":418.436,"X좌표25":454.285,"X좌표24":489.0,"X좌표23":488.557,"X좌표22":526.256,"X좌표21":548.533,"X좌표20":557.101,"Y좌표19":79.3042,"Y좌표18":119.555}],"하의":[{"X좌표8":532.824,"X좌표9":480.56,"X좌표2":498.552,"X좌표3":502.836,"X좌표1":376.031,"X좌표6":523.399,"X좌표7":528.54,"X좌표4":503.693,"X좌표5":523.399,"Y좌표25":387.605,"Y좌표9":683.917,"Y좌표22":522.059,"Y좌표21":605.129,"Y좌표24":440.701,"Y좌표23":480.095,"Y좌표20":696.763,"X좌표19":358.895,"X좌표18":383.742,"X좌표17":402.591,"X좌표16":409.446,"X좌표15":421.441,"X좌표14":430.866,"X좌표13":428.295,"X좌표12":435.15,"X좌표11":445.431,"Y좌표4":488.659,"X좌표10":463.424,"Y좌표3":448.409,"Y좌표2":394.456,"Y좌표1":393.6,"Y좌표8":671.927,"Y좌표7":632.533,"Y좌표6":585.432,"Y좌표5":533.192,"Y좌표15":629.964,"Y좌표14":566.591,"Y좌표17":705.327,"Y좌표16":674.496,"Y좌표11":500.649,"Y좌표10":582.006,"Y좌표13":517.777,"Y좌표12":485.234,"X좌표25":376.919,"X좌표24":364.036,"X좌표23":357.181,"X좌표22":355.468,"X좌표21":359.752,"X좌표20":341.759,"Y좌표19":716.46,"Y좌표18":719.885}],"원피스":[{}],"상의":[{}]},"라벨링":{"스타일":[{"스타일":"스포티","서브스타일":"스트리트"}],"아우터":[{"기장":"하프","색상":"블랙","서브색상":"화이트","카테고리":"짚업","소매기장":"긴팔","소재":["저지"],"프린트":["스트라이프","레터링"],"넥라인":"후드","핏":"루즈"}],"하의":[{"기장":"발목","색상":"블랙","서브색상":"화이트","카테고리":"래깅스","소재":["저지"],"프린트":["레터링"],"핏":"스키니"}],"원피스":[{}],"상의":[{}]}},"파일 번호":1237611,"파일 이름":"017-284-6,736-31,608---여기까지-PinkSpoon_159_16.jpg"}}