{"이미지 정보":{"이미지 식별자":1238024,"이미지 높이":800,"이미지 파일명":"017-284-6,736-31,608---여기까지-PinkSpoon_179_02.jpg","이미지 너비":800},"데이터셋 정보":{"파일 생성일자":"2020-11-19 16:36:50","데이터셋 상세설명":{"렉트좌표":{"아우터":[{}],"하의":[{"X좌표":260.089,"Y좌표":397.101,"가로":176,"세로":287}],"원피스":[{}],"상의":[{"X좌표":201.078,"Y좌표":-2.10323,"가로":287,"세로":377}]},"폴리곤좌표":{"아우터":[{}],"하의":[{"X좌표8":389.978,"X좌표9":376.621,"X좌표2":334.883,"X좌표3":389.143,"X좌표1":261.423,"X좌표6":422.534,"X좌표7":403.334,"X좌표4":437.56,"X좌표5":436.725,"Y좌표26":397.601,"Y좌표25":429.307,"Y좌표9":682.958,"Y좌표22":648.748,"Y좌표21":677.117,"Y좌표24":463.516,"Y좌표23":514.413,"Y좌표20":674.614,"X좌표19":344.066,"X좌표18":345.735,"X좌표17":343.231,"X좌표16":343.231,"X좌표15":338.222,"X좌표14":362.43,"X좌표13":366.604,"X좌표12":362.43,"X좌표11":343.231,"Y좌표4":405.11,"X좌표10":354.918,"Y좌표3":404.276,"Y좌표2":399.269,"Y좌표1":400.938,"Y좌표8":685.461,"Y좌표7":633.729,"Y좌표6":558.635,"Y좌표5":477.701,"Y좌표15":399.269,"Y좌표14":445.995,"Y좌표17":565.31,"Y좌표16":466.854,"Y좌표11":663.767,"Y좌표10":673.78,"Y좌표13":497.726,"Y좌표12":562.807,"X좌표26":261.423,"X좌표25":260.589,"X좌표24":269.771,"X좌표23":274.78,"X좌표22":294.814,"X좌표21":307.336,"X좌표20":330.709,"Y좌표19":657.926,"Y좌표18":617.876}],"원피스":[{}],"상의":[{"X좌표8":229.126,"X좌표9":258.343,"X좌표2":274.203,"X좌표3":227.456,"X좌표1":310.933,"X좌표6":218.274,"X좌표7":234.134,"X좌표4":201.578,"X좌표5":209.926,"Y좌표26":11.7468,"Y좌표25":30.1031,"Y좌표9":375.535,"Y좌표22":-1.60323,"Y좌표21":-0.768852,"Y좌표24":43.4532,"Y좌표23":23.4281,"Y좌표20":23.4281,"X좌표19":445.331,"X좌표18":463.696,"X좌표17":478.721,"X좌표16":489.573,"X좌표15":472.878,"X좌표14":472.043,"X좌표13":457.018,"X좌표12":454.513,"X좌표11":374.375,"Y좌표4":170.279,"X좌표10":301.751,"Y좌표3":45.9563,"Y좌표2":29.2687,"Y좌표1":13.4156,"Y좌표8":367.192,"Y좌표7":297.104,"Y좌표6":284.588,"Y좌표5":255.385,"Y좌표15":260.391,"Y좌표14":294.601,"Y좌표17":131.897,"Y좌표16":232.022,"Y좌표11":368.026,"Y좌표10":376.37,"Y좌표13":342.995,"Y좌표12":376.37,"X좌표26":315.107,"X좌표25":329.298,"X좌표24":345.993,"X좌표23":375.21,"X좌표22":373.541,"X좌표21":412.775,"X좌표20":420.288,"Y좌표19":36.7781,"Y좌표18":70.1532}]},"라벨링":{"스타일":[{"스타일":"스포티","서브스타일":"스트리트"}],"아우터":[{}],"하의":[{"기장":"발목","색상":"블랙","카테고리":"래깅스","프린트":["무지"],"핏":"스키니"}],"원피스":[{}],"상의":[{"기장":"노멀","색상":"오렌지","서브색상":"블랙","카테고리":"후드티","디테일":["포켓","드롭숄더"],"소매기장":"긴팔","프린트":["레터링"],"넥라인":"후드","핏":"루즈"}]}},"파일 번호":1238024,"파일 이름":"017-284-6,736-31,608---여기까지-PinkSpoon_179_02.jpg"}}