{"이미지 정보":{"이미지 식별자":1237895,"이미지 높이":800,"이미지 파일명":"017-284-6,736-31,608---여기까지-PinkSpoon_172_11.jpg","이미지 너비":800},"데이터셋 정보":{"파일 생성일자":"2020-11-19 16:36:09","데이터셋 상세설명":{"렉트좌표":{"아우터":[{}],"하의":[{"X좌표":129.923,"Y좌표":572.392,"가로":322,"세로":162}],"원피스":[{}],"상의":[{"X좌표":110.689,"Y좌표":4.87238,"가로":424,"세로":664}]},"폴리곤좌표":{"아우터":[{}],"하의":[{"Y좌표9":618.528,"Y좌표21":647.63,"Y좌표20":688.636,"X좌표19":172.111,"X좌표18":217.107,"X좌표17":262.764,"X좌표16":288.571,"X좌표15":303.128,"X좌표14":337.537,"X좌표13":373.931,"X좌표12":407.677,"X좌표11":432.822,"Y좌표4":572.892,"X좌표10":453.335,"Y좌표3":615.883,"Y좌표2":648.291,"Y좌표1":648.953,"Y좌표8":600.671,"Y좌표7":612.576,"Y좌표6":611.253,"Y좌표5":603.316,"Y좌표15":687.975,"Y좌표14":723.029,"X좌표8":434.807,"Y좌표17":715.092,"X좌표9":444.733,"Y좌표16":706.494,"Y좌표11":724.352,"Y좌표10":698.557,"Y좌표13":735.595,"Y좌표12":734.934,"X좌표2":192.624,"X좌표21":135.055,"X좌표3":189.315,"X좌표20":137.702,"X좌표1":130.423,"X좌표6":329.596,"Y좌표19":705.833,"X좌표7":384.518,"Y좌표18":715.092,"X좌표4":197.256,"X좌표5":272.028}],"원피스":[{}],"상의":[{"X좌표34":393.905,"X좌표33":423.02,"X좌표32":460.737,"X좌표31":495.146,"X좌표30":525.584,"X좌표8":122.438,"X좌표9":121.777,"Y좌표33":25.0718,"Y좌표32":39.6225,"Y좌표34":12.5054,"Y좌표31":63.4327,"Y좌표30":114.36,"X좌표2":279.017,"X좌표3":221.449,"X좌표1":392.83,"X좌표6":123.762,"X좌표7":125.085,"X좌표4":175.13,"X좌표5":139.643,"Y좌표26":509.414,"Y좌표25":574.231,"Y좌표28":256.173,"Y좌표9":536.108,"Y좌표27":355.382,"Y좌표22":616.56,"Y좌표21":610.608,"Y좌표24":597.38,"Y좌표23":619.867,"Y좌표20":625.82,"X좌표19":345.433,"X좌표18":285.879,"X좌표17":205.813,"X좌표16":205.151,"X좌표15":199.858,"X좌표14":205.813,"X좌표13":176.036,"X좌표12":148.245,"X좌표11":111.189,"Y좌표4":63.5751,"X좌표10":111.851,"Y좌표3":29.844,"Y좌표2":5.37238,"Y좌표1":11.3249,"Y좌표8":496.424,"Y좌표7":330.117,"Y좌표29":184.468,"Y좌표6":256.041,"Y좌표5":152.863,"Y좌표15":631.111,"Y좌표14":659.551,"Y좌표17":592.089,"Y좌표16":606.639,"Y좌표11":662.196,"Y좌표10":583.728,"Y좌표13":669.472,"Y좌표12":666.165,"X좌표29":531.539,"X좌표28":536.171,"X좌표27":534.848,"X좌표26":520.784,"X좌표25":516.152,"X좌표24":491.008,"X좌표23":485.714,"X좌표22":459.246,"X좌표21":438.071,"X좌표20":403.663,"Y좌표19":627.142,"Y좌표18":624.497}]},"라벨링":{"스타일":[{"스타일":"스포티","서브스타일":"스트리트"}],"아우터":[{}],"하의":[{"기장":"미니","색상":"베이지","서브색상":"블랙","카테고리":"팬츠","소재":["우븐"],"프린트":["호피"],"핏":"노멀"}],"원피스":[{}],"상의":[{"기장":"노멀","색상":"화이트","서브색상":"블랙","카테고리":"탑","소매기장":"긴팔","소재":["우븐"],"프린트":["호피"],"핏":"루즈"}]}},"파일 번호":1237895,"파일 이름":"017-284-6,736-31,608---여기까지-PinkSpoon_172_11.jpg"}}