{"이미지 정보":{"이미지 식별자":1237960,"이미지 높이":800,"이미지 파일명":"017-284-6,736-31,608---여기까지-PinkSpoon_176_06.jpg","이미지 너비":800},"데이터셋 정보":{"파일 생성일자":"2020-11-19 16:36:29","데이터셋 상세설명":{"렉트좌표":{"아우터":[{}],"하의":[{"X좌표":322.854,"Y좌표":433.779,"가로":163,"세로":317}],"원피스":[{}],"상의":[{"X좌표":292.527,"Y좌표":1.16985,"가로":288,"세로":492}]},"폴리곤좌표":{"아우터":[{}],"하의":[{"Y좌표9":619.395,"Y좌표22":514.794,"Y좌표21":530.622,"Y좌표24":435.655,"Y좌표23":479.698,"Y좌표20":562.277,"X좌표19":365.352,"X좌표18":359.844,"X좌표17":352.959,"X좌표16":377.744,"X좌표15":403.218,"X좌표14":405.284,"X좌표13":416.3,"X좌표12":426.627,"X좌표11":434.2,"Y좌표4":473.504,"X좌표10":452.101,"Y좌표3":466.623,"Y좌표2":452.171,"Y좌표1":434.279,"Y좌표8":602.879,"Y좌표7":574.664,"Y좌표6":548.514,"Y좌표5":518.923,"Y좌표15":750.146,"Y좌표14":728.125,"X좌표8":487.214,"Y좌표17":741.2,"X좌표9":478.263,"Y좌표16":752.21,"Y좌표11":626.276,"Y좌표10":638.663,"Y좌표13":690.964,"Y좌표12":662.749,"X좌표24":323.354,"X좌표23":329.55,"X좌표22":332.993,"X좌표2":378.433,"X좌표21":352.959,"X좌표3":414.923,"X좌표20":359.155,"X좌표1":323.354,"X좌표6":452.789,"Y좌표19":598.062,"X좌표7":466.559,"Y좌표18":701.974,"X좌표4":455.543,"X좌표5":432.135}],"원피스":[{}],"상의":[{"X좌표34":450.69,"X좌표33":478.229,"X좌표32":511.965,"X좌표31":536.751,"X좌표30":556.717,"X좌표8":321.255,"X좌표9":309.55,"Y좌표33":3.78821,"Y좌표32":16.8633,"Y좌표34":3.78821,"Y좌표31":49.8951,"Y좌표30":139.139,"X좌표2":413.512,"X좌표3":393.546,"X좌표1":448.625,"X좌표6":344.663,"X좌표7":328.828,"X좌표4":390.792,"X좌표5":366.695,"Y좌표26":296.729,"Y좌표25":329.761,"Y좌표28":237.547,"Y좌표9":225.323,"Y좌표27":289.159,"Y좌표22":432.297,"Y좌표21":457.759,"Y좌표24":363.481,"Y좌표23":393.072,"Y좌표20":488.038,"X좌표19":482.36,"X좌표18":446.559,"X좌표17":395.611,"X좌표16":342.598,"X좌표15":308.173,"X좌표14":300.6,"X좌표13":298.535,"X좌표12":310.239,"X좌표11":293.027,"Y좌표4":5.11066,"X좌표10":295.781,"Y좌표3":29.8845,"Y좌표2":14.745,"Y좌표1":1.66985,"Y좌표8":149.625,"Y좌표7":93.8837,"Y좌표29":191.44,"Y좌표6":48.465,"Y좌표5":20.9384,"Y좌표15":452.254,"Y좌표14":434.361,"Y좌표17":479.78,"Y좌표16":458.447,"Y좌표11":278.311,"Y좌표10":247.344,"Y좌표13":405.459,"Y좌표12":301.021,"X좌표29":573.24,"X좌표28":578.06,"X좌표27":567.044,"X좌표26":571.863,"X좌표25":574.617,"X좌표24":581.502,"X좌표23":556.717,"X좌표22":536.062,"X좌표21":520.227,"X좌표20":522.981,"Y좌표19":494.232,"Y좌표18":491.479}]},"라벨링":{"스타일":[{"스타일":"스포티","서브스타일":"스트리트"}],"아우터":[{}],"하의":[{"기장":"발목","색상":"실버","카테고리":"래깅스","프린트":["무지"],"핏":"스키니"}],"원피스":[{}],"상의":[{"기장":"롱","색상":"그린","서브색상":"레드","카테고리":"탑","디테일":["드롭숄더"],"소매기장":"긴팔","프린트":["레터링"],"넥라인":"라운드넥","핏":"오버사이즈"}]}},"파일 번호":1237960,"파일 이름":"017-284-6,736-31,608---여기까지-PinkSpoon_176_06.jpg"}}