{"이미지 정보":{"이미지 식별자":1237602,"이미지 높이":800,"이미지 파일명":"017-284-6,736-31,608---여기까지-PinkSpoon_159_07.jpg","이미지 너비":800},"데이터셋 정보":{"파일 생성일자":"2020-11-19 16:34:20","데이터셋 상세설명":{"렉트좌표":{"아우터":[{"X좌표":289.72,"Y좌표":0.159668,"가로":200,"세로":455}],"하의":[{"X좌표":310.204,"Y좌표":429.434,"가로":172,"세로":294}],"원피스":[{}],"상의":[{}]},"폴리곤좌표":{"아우터":[{"X좌표8":295.361,"X좌표9":305.643,"X좌표2":349.339,"X좌표3":332.203,"X좌표1":431.591,"X좌표6":303.929,"X좌표7":291.077,"X좌표4":316.781,"X좌표5":315.924,"Y좌표26":15.2183,"Y좌표25":34.059,"Y좌표9":231.886,"Y좌표27":2.37245,"Y좌표22":181.359,"Y좌표21":256.721,"Y좌표24":64.0327,"Y좌표23":112.847,"Y좌표20":316.669,"X좌표19":484.713,"X좌표18":479.572,"X좌표17":481.285,"X좌표16":451.298,"X좌표15":401.604,"X좌표14":334.774,"X좌표13":304.786,"X좌표12":301.359,"X좌표11":290.22,"Y좌표4":78.5914,"X좌표10":290.22,"Y좌표3":36.6282,"Y좌표2":0.659668,"Y좌표1":0.659668,"Y좌표8":220.753,"Y좌표7":171.082,"Y좌표6":138.539,"Y좌표5":117.129,"Y좌표15":456.261,"Y좌표14":448.553,"Y좌표17":441.702,"Y좌표16":451.979,"Y좌표11":364.627,"Y좌표10":318.381,"Y좌표13":439.989,"Y좌표12":406.59,"X좌표27":431.591,"X좌표26":441.873,"X좌표25":469.29,"X좌표24":484.713,"X좌표23":482.999,"X좌표22":490.71,"X좌표21":488.997,"X좌표20":477.001,"Y좌표19":355.206,"Y좌표18":415.154}],"하의":[{"X좌표32":351.643,"X좌표31":351.643,"X좌표30":348.914,"X좌표8":471.73,"X좌표9":474.459,"Y좌표32":440.164,"Y좌표31":481.765,"Y좌표30":510.409,"X좌표2":416.462,"X좌표3":445.802,"X좌표1":350.96,"X좌표6":479.235,"X좌표7":469.683,"X좌표4":469.683,"X좌표5":477.188,"Y좌표26":711.597,"Y좌표25":724.555,"Y좌표28":616.8,"Y좌표9":652.945,"Y좌표27":672.041,"Y좌표22":693.183,"Y좌표21":663.857,"Y좌표24":723.191,"Y좌표23":717.735,"Y좌표20":614.072,"X좌표19":389.852,"X좌표18":402.816,"X좌표17":419.192,"X좌표16":411.004,"X좌표15":411.004,"X좌표14":421.239,"X좌표13":434.885,"X좌표12":455.354,"X좌표11":480.6,"Y좌표4":429.934,"X좌표10":483.329,"Y좌표3":436.754,"Y좌표2":442.21,"Y좌표1":442.21,"Y좌표8":621.574,"Y좌표7":539.735,"Y좌표29":545.872,"Y좌표6":506.317,"Y좌표5":463.351,"Y좌표15":579.972,"Y좌표14":620.892,"Y좌표17":509.727,"Y좌표16":558.148,"Y좌표11":694.547,"Y좌표10":677.497,"Y좌표13":702.731,"Y좌표12":704.095,"X좌표29":335.95,"X좌표28":317.527,"X좌표27":312.069,"X좌표26":310.704,"X좌표25":322.986,"X좌표24":348.231,"X좌표23":363.924,"X좌표22":357.101,"X좌표21":362.56,"X좌표20":382.347,"Y좌표19":586.792,"Y좌표18":560.194}],"원피스":[{}],"상의":[{}]},"라벨링":{"스타일":[{"스타일":"스포티","서브스타일":"스트리트"}],"아우터":[{"기장":"하프","색상":"와인","서브색상":"화이트","카테고리":"짚업","소매기장":"긴팔","소재":["저지"],"프린트":["스트라이프","레터링"],"넥라인":"후드","핏":"루즈"}],"하의":[{"기장":"발목","색상":"블랙","서브색상":"화이트","카테고리":"래깅스","소재":["저지"],"프린트":["레터링"],"핏":"스키니"}],"원피스":[{}],"상의":[{}]}},"파일 번호":1237602,"파일 이름":"017-284-6,736-31,608---여기까지-PinkSpoon_159_07.jpg"}}