{"이미지 정보":{"이미지 식별자":1237890,"이미지 높이":800,"이미지 파일명":"017-284-6,736-31,608---여기까지-PinkSpoon_172_06.jpg","이미지 너비":800},"데이터셋 정보":{"파일 생성일자":"2020-11-19 16:36:07","데이터셋 상세설명":{"렉트좌표":{"아우터":[{}],"하의":[{"X좌표":289.458,"Y좌표":294.284,"가로":161,"세로":160}],"원피스":[{}],"상의":[{"X좌표":296.064,"Y좌표":1.39813,"가로":182,"세로":357}]},"폴리곤좌표":{"아우터":[{}],"하의":[{"Y좌표9":381.427,"X좌표18":307.162,"X좌표17":295.251,"X좌표16":289.958,"X좌표15":303.854,"X좌표14":336.939,"X좌표13":383.258,"X좌표12":401.124,"X좌표11":416.343,"Y좌표4":336.452,"X좌표10":442.811,"Y좌표3":321.24,"Y좌표2":294.784,"Y좌표1":315.288,"Y좌표8":346.373,"Y좌표7":337.114,"Y좌표6":314.626,"Y좌표5":301.398,"Y좌표15":421.111,"Y좌표14":442.275,"X좌표8":451.414,"Y좌표17":364.892,"X좌표9":446.12,"Y좌표16":397.301,"Y좌표11":426.402,"Y좌표10":406.56,"Y좌표13":455.503,"Y좌표12":446.244,"X좌표2":327.013,"X좌표3":334.292,"X좌표1":306.5,"X좌표6":399.139,"X좌표7":434.871,"Y좌표18":315.288,"X좌표4":347.526,"X좌표5":366.716}],"원피스":[{}],"상의":[{"X좌표8":298.549,"X좌표9":304.505,"X좌표2":385.232,"X좌표3":372.66,"X좌표1":425.596,"X좌표6":315.754,"X좌표7":305.828,"X좌표4":348.177,"X좌표5":327.003,"Y좌표25":3.88232,"Y좌표9":279.022,"Y좌표22":82.5882,"Y좌표21":129.547,"Y좌표24":16.4488,"Y좌표23":40.9204,"Y좌표20":193.041,"X좌표19":477.209,"X좌표18":468.607,"X좌표17":448.094,"X좌표16":421.626,"X좌표15":393.835,"X좌표14":369.352,"X좌표13":350.162,"X좌표12":329.649,"X좌표11":310.46,"Y좌표4":67.3762,"X좌표10":296.564,"Y좌표3":40.9204,"Y좌표2":14.4646,"Y좌표1":1.89813,"Y좌표8":245.953,"Y좌표7":215.528,"Y좌표6":163.94,"Y좌표5":99.7845,"Y좌표15":335.241,"Y좌표14":315.399,"Y좌표17":359.712,"Y좌표16":353.098,"Y좌표11":323.997,"Y좌표10":307.462,"Y좌표13":298.864,"Y좌표12":308.785,"X좌표25":428.243,"X좌표24":452.065,"X좌표23":466.622,"X좌표22":474.562,"X좌표21":477.209,"X좌표20":479.194,"Y좌표19":277.7,"Y좌표18":331.934}]},"라벨링":{"스타일":[{"스타일":"스포티","서브스타일":"스트리트"}],"아우터":[{}],"하의":[{"기장":"미니","색상":"베이지","서브색상":"블랙","카테고리":"팬츠","소재":["우븐"],"프린트":["호피"],"핏":"노멀"}],"원피스":[{}],"상의":[{"기장":"노멀","색상":"화이트","서브색상":"블랙","카테고리":"탑","소매기장":"긴팔","소재":["우븐"],"프린트":["호피"],"핏":"루즈"}]}},"파일 번호":1237890,"파일 이름":"017-284-6,736-31,608---여기까지-PinkSpoon_172_06.jpg"}}