{"이미지 정보":{"이미지 식별자":1237739,"이미지 높이":800,"이미지 파일명":"017-284-6,736-31,608---여기까지-PinkSpoon_165_10.jpg","이미지 너비":800},"데이터셋 정보":{"파일 생성일자":"2020-11-19 16:35:11","데이터셋 상세설명":{"렉트좌표":{"아우터":[{}],"하의":[{"X좌표":252.903,"Y좌표":384.086,"가로":261,"세로":313}],"원피스":[{}],"상의":[{"X좌표":290.942,"Y좌표":-0.89753,"가로":305,"세로":410}]},"폴리곤좌표":{"아우터":[{}],"하의":[{"X좌표8":480.88,"X좌표9":470.777,"X좌표2":386.841,"X좌표3":425.7,"X좌표1":339.432,"X좌표6":504.973,"X좌표7":485.543,"X좌표4":475.44,"X좌표5":515.077,"Y좌표26":540.728,"Y좌표25":632.393,"Y좌표28":438.964,"Y좌표9":620.74,"Y좌표27":482.466,"Y좌표22":693.762,"Y좌표21":654.921,"Y좌표24":684.44,"Y좌표23":698.423,"Y좌표20":611.419,"X좌표19":362.987,"X좌표18":377.753,"X좌표17":404.177,"X좌표16":422.053,"X좌표15":426.716,"X좌표14":425.162,"X좌표13":419.482,"X좌표12":419.482,"X좌표11":438.135,"Y좌표4":416.436,"X좌표10":462.228,"Y좌표3":417.213,"Y좌표2":404.783,"Y좌표1":385.363,"Y좌표8":578.792,"Y좌표7":518.2,"Y좌표29":384.586,"Y좌표6":446.732,"Y좌표5":402.453,"Y좌표15":452.17,"Y좌표14":512.762,"Y좌표17":449.839,"Y좌표16":415.659,"Y좌표11":666.573,"Y좌표10":666.573,"Y좌표13":606.758,"Y좌표12":650.26,"X좌표29":341.225,"X좌표28":320.241,"X좌표27":318.687,"X좌표26":294.594,"X좌표25":261.952,"X좌표24":253.403,"X좌표23":276.719,"X좌표22":301.589,"X좌표21":325.682,"X좌표20":347.443,"Y좌표19":561.702,"Y좌표18":513.539}],"원피스":[{}],"상의":[{"X좌표8":300.735,"X좌표9":295.666,"X좌표2":474.764,"X좌표3":435.903,"X좌표1":479.833,"X좌표6":320.165,"X좌표7":291.442,"X좌표4":394.508,"X좌표5":349.733,"Y좌표26":30.0011,"Y좌표25":49.4225,"Y좌표9":198.038,"Y좌표27":30.0011,"Y좌표22":196.349,"Y좌표21":232.659,"Y좌표24":78.1323,"Y좌표23":154.129,"Y좌표20":274.035,"X좌표19":561.779,"X좌표18":555.865,"X좌표17":542.348,"X좌표16":502.643,"X좌표15":453.644,"X좌표14":366.629,"X좌표13":331.993,"X좌표12":322.7,"X좌표11":315.097,"Y좌표4":7.20213,"X좌표10":317.631,"Y좌표3":-0.39753,"Y좌표2":49.4225,"Y좌표1":29.1567,"Y좌표8":166.795,"Y좌표7":131.33,"Y좌표6":83.1987,"Y좌표5":25.7791,"Y좌표15":409.984,"Y좌표14":393.096,"Y좌표17":375.363,"Y좌표16":403.229,"Y좌표11":324.699,"Y좌표10":224.215,"Y좌표13":379.585,"Y좌표12":353.409,"X좌표27":484.057,"X좌표26":512.78,"X좌표25":541.504,"X좌표24":562.624,"X좌표23":597.26,"X좌표22":585.433,"X좌표21":566.003,"X좌표20":552.486,"Y좌표19":309.5,"Y좌표18":335.676}]},"라벨링":{"스타일":[{"스타일":"스포티","서브스타일":"스트리트"}],"아우터":[{}],"하의":[{"기장":"발목","색상":"블랙","카테고리":"래깅스","소재":["스판덱스"],"프린트":["무지"],"핏":"스키니"}],"원피스":[{}],"상의":[{"기장":"노멀","색상":"레드","서브색상":"블랙","카테고리":"후드티","소매기장":"긴팔","소재":["저지"],"프린트":["레터링"],"넥라인":"후드","핏":"루즈"}]}},"파일 번호":1237739,"파일 이름":"017-284-6,736-31,608---여기까지-PinkSpoon_165_10.jpg"}}