{"이미지 정보":{"이미지 식별자":1237609,"이미지 높이":800,"이미지 파일명":"017-284-6,736-31,608---여기까지-PinkSpoon_159_14.jpg","이미지 너비":800},"데이터셋 정보":{"파일 생성일자":"2020-11-19 16:34:23","데이터셋 상세설명":{"렉트좌표":{"아우터":[{"X좌표":250.444,"Y좌표":-4.70723,"가로":332,"세로":404}],"하의":[{"X좌표":231.451,"Y좌표":161.714,"가로":278,"세로":545}],"원피스":[{}],"상의":[{"X좌표":309.422,"Y좌표":-5.56362,"가로":119,"세로":221}]},"폴리곤좌표":{"아우터":[{"Y좌표44":-0.781662,"Y좌표43":-4.20723,"Y좌표40":75.4373,"Y좌표42":-3.35085,"Y좌표41":36.0432,"X좌표39":548.251,"X좌표38":532.829,"X좌표37":583.38,"X좌표36":580.809,"X좌표35":542.254,"X좌표34":500.271,"X좌표33":477.137,"X좌표32":449.72,"X좌표31":446.293,"X좌표30":444.579,"Y좌표37":309.233,"Y좌표36":363.185,"X좌표8":302.351,"Y좌표39":111.406,"X좌표9":315.203,"Y좌표38":147.374,"Y좌표33":388.877,"Y좌표32":361.472,"Y좌표35":384.595,"Y좌표34":400.01,"Y좌표31":322.935,"Y좌표30":285.253,"X좌표44":355.492,"X좌표2":294.64,"X좌표43":354.635,"X좌표3":297.211,"X좌표42":525.118,"X좌표41":558.533,"X좌표1":288.643,"X좌표40":560.246,"X좌표6":250.944,"X좌표7":282.645,"X좌표4":294.64,"X좌표5":262.939,"Y좌표26":195.332,"Y좌표25":158.507,"Y좌표28":210.747,"Y좌표9":263.844,"Y좌표27":219.311,"Y좌표22":61.735,"Y좌표21":28.3357,"Y좌표24":120.826,"Y좌표23":98.5599,"Y좌표20":-1.63805,"X좌표19":286.072,"X좌표18":342.621,"X좌표17":326.342,"X좌표16":337.48,"X좌표15":347.761,"X좌표14":360.613,"X좌표13":362.327,"X좌표12":364.897,"X좌표11":354.616,"Y좌표4":149.087,"X좌표10":322.914,"Y좌표3":104.555,"Y좌표2":49.7455,"Y좌표1":0.0747299,"Y좌표8":227.875,"Y좌표7":229.588,"Y좌표29":235.583,"Y좌표6":210.747,"Y좌표5":179.917,"Y좌표15":156.795,"Y좌표14":189.337,"Y좌표17":42.038,"Y좌표16":106.267,"Y좌표11":285.253,"Y좌표10":293.817,"Y좌표13":223.593,"Y좌표12":256.993,"X좌표29":456.574,"X좌표28":452.29,"X좌표27":414.591,"X좌표26":401.74,"X좌표25":403.453,"X좌표24":418.875,"X좌표23":400.026,"X좌표22":372.608,"X좌표21":368.325,"X좌표20":354.616,"Y좌표19":-0.781662,"Y좌표18":-1.63805}],"하의":[{"X좌표35":322.771,"X좌표34":343.334,"X좌표33":322.771,"X좌표32":297.924,"X좌표31":255.941,"X좌표30":255.085,"X좌표8":456.431,"X좌표9":456.431,"Y좌표33":288.104,"Y좌표32":342.057,"Y좌표35":203.321,"Y좌표34":235.864,"Y좌표31":416.563,"Y좌표30":463.664,"X좌표2":368.181,"X좌표3":417.019,"X좌표1":325.342,"X좌표6":469.283,"X좌표7":464.999,"X좌표4":458.145,"X좌표5":468.426,"Y좌표26":707.736,"Y좌표25":705.167,"Y좌표28":643.507,"Y좌표9":402.861,"Y좌표27":693.178,"Y좌표22":558.724,"Y좌표21":514.192,"Y좌표24":674.337,"Y좌표23":605.826,"Y좌표20":462.808,"X좌표19":369.038,"X좌표18":386.174,"X좌표17":436.725,"X좌표16":442.722,"X좌표15":474.424,"X좌표14":510.409,"X좌표13":489.846,"X좌표12":487.276,"X좌표11":478.708,"Y좌표4":223.018,"X좌표10":466.713,"Y좌표3":162.214,"Y좌표2":184.48,"Y좌표1":200.752,"Y좌표8":347.195,"Y좌표7":331.78,"Y좌표29":511.622,"Y좌표6":303.519,"Y좌표5":239.29,"Y좌표15":697.46,"Y좌표14":686.327,"Y좌표17":642.651,"Y좌표16":697.46,"Y좌표11":518.474,"Y좌표10":476.51,"Y좌표13":622.953,"Y좌표12":577.565,"X좌표29":256.798,"X좌표28":243.946,"X좌표27":231.951,"X좌표26":264.509,"X좌표25":292.783,"X좌표24":298.781,"X좌표23":312.49,"X좌표22":323.628,"X좌표21":331.339,"X좌표20":329.626,"Y좌표19":420.845,"Y좌표18":482.505}],"원피스":[{}],"상의":[{"Y좌표9":173.922,"X좌표16":334.769,"X좌표15":370.0,"X좌표14":369.897,"X좌표13":378.465,"X좌표12":402.456,"X좌표11":429.873,"Y좌표4":101.985,"X좌표10":429.873,"Y좌표3":63.4478,"Y좌표2":36.0432,"Y좌표1":-5.06362,"Y좌표8":196.189,"Y좌표7":216.742,"Y좌표6":200.471,"Y좌표5":152.513,"Y좌표15":2.0,"Y좌표14":-4.20723,"X좌표8":373.325,"X좌표9":419.591,"Y좌표16":-4.20723,"Y좌표11":120.826,"Y좌표10":143.949,"Y좌표13":21.4846,"Y좌표12":78.0065,"X좌표2":309.922,"X좌표3":321.917,"X좌표1":338.196,"X좌표6":323.63,"X좌표7":349.334,"X좌표4":321.917,"X좌표5":322.774}]},"라벨링":{"스타일":[{"스타일":"스포티","서브스타일":"스트리트"}],"아우터":[{"기장":"하프","색상":"블랙","서브색상":"화이트","카테고리":"짚업","소매기장":"긴팔","소재":["저지"],"프린트":["스트라이프","레터링"],"넥라인":"후드","핏":"루즈"}],"하의":[{"기장":"발목","색상":"블랙","서브색상":"화이트","카테고리":"래깅스","소재":["저지"],"프린트":["레터링"],"핏":"스키니"}],"원피스":[{}],"상의":[{"기장":"노멀","색상":"화이트","카테고리":"티셔츠","소매기장":"없음","소재":["저지"],"프린트":["무지"],"넥라인":"라운드넥","핏":"노멀"}]}},"파일 번호":1237609,"파일 이름":"017-284-6,736-31,608---여기까지-PinkSpoon_159_14.jpg"}}