{"이미지 정보":{"이미지 식별자":1238025,"이미지 높이":800,"이미지 파일명":"017-284-6,736-31,608---여기까지-PinkSpoon_179_03.jpg","이미지 너비":800},"데이터셋 정보":{"파일 생성일자":"2020-11-19 16:36:51","데이터셋 상세설명":{"렉트좌표":{"아우터":[{}],"하의":[{}],"원피스":[{}],"상의":[{"X좌표":23.2298,"Y좌표":0.493866,"가로":516,"세로":643}]},"폴리곤좌표":{"아우터":[{}],"하의":[{}],"원피스":[{}],"상의":[{"X좌표39":212.387,"X좌표38":187.344,"X좌표37":178.162,"X좌표36":195.692,"X좌표35":186.51,"X좌표34":162.301,"X좌표33":120.563,"X좌표32":116.389,"X좌표31":101.363,"X좌표30":70.4768,"X좌표49":301.188,"X좌표48":271.971,"X좌표47":263.623,"X좌표46":231.902,"X좌표45":199.346,"X좌표44":203.52,"X좌표43":204.355,"X좌표42":221.05,"X좌표41":234.091,"X좌표40":219.066,"Y좌표26":160.997,"Y좌표25":168.507,"Y좌표28":184.36,"Y좌표27":156.825,"Y좌표22":153.488,"Y좌표21":118.444,"Y좌표24":190.2,"Y좌표23":192.704,"Y좌표20":93.4127,"X좌표59":520.732,"X좌표58":520.732,"X좌표57":534.088,"X좌표56":539.931,"X좌표55":530.749,"X좌표54":515.723,"X좌표53":500.697,"X좌표52":468.976,"X좌표51":446.437,"X좌표50":418.055,"Y좌표29":201.047,"Y좌표15":114.272,"Y좌표14":130.125,"Y좌표17":78.3939,"Y좌표16":95.0815,"Y좌표11":131.794,"Y좌표10":120.113,"Y좌표13":150.15,"Y좌표12":156.825,"X좌표62":437.255,"Y좌표19":72.5533,"X좌표61":504.036,"Y좌표18":60.872,"X좌표60":520.732,"Y좌표48":607.389,"Y좌표47":582.358,"Y좌표49":624.077,"Y좌표44":503.092,"Y좌표43":472.22,"Y좌표46":566.505,"Y좌표45":539.805,"Y좌표40":353.738,"Y좌표42":397.96,"Y좌표41":314.523,"Y좌표37":357.91,"Y좌표36":321.198,"X좌표8":132.25,"Y좌표39":380.439,"X좌표9":76.3202,"Y좌표38":375.432,"Y좌표33":285.319,"Y좌표32":257.785,"Y좌표35":307.848,"Y좌표34":292.829,"Y좌표31":236.091,"Y좌표30":210.226,"X좌표2":360.066,"X좌표3":371.752,"X좌표1":436.029,"X좌표6":291.69,"X좌표7":207.379,"X좌표4":335.857,"X좌표5":305.806,"Y좌표9":104.26,"Y좌표62":1.82824,"Y좌표61":0.993866,"Y좌표60":52.5282,"X좌표19":317.568,"X좌표18":315.899,"X좌표17":272.491,"X좌표16":217.396,"X좌표15":155.623,"X좌표14":87.1722,"X좌표13":46.2685,"X좌표12":24.5646,"X좌표11":23.7298,"Y좌표4":25.4127,"X좌표10":47.9381,"Y좌표3":20.4064,"Y좌표2":47.1065,"Y좌표1":2.88452,"Y좌표8":92.5783,"Y좌표7":69.2158,"Y좌표6":48.3563,"Y좌표5":42.1003,"Y좌표59":95.9158,"Y좌표58":133.463,"Y좌표55":321.198,"Y좌표54":463.042,"Y좌표57":192.704,"Y좌표56":238.594,"Y좌표51":618.236,"Y좌표50":644.102,"Y좌표53":528.958,"Y좌표52":584.861,"X좌표29":94.6851,"X좌표28":116.389,"X좌표27":123.067,"X좌표26":145.606,"X좌표25":171.484,"X좌표24":204.875,"X좌표23":223.239,"X좌표22":229.918,"X좌표21":234.926,"X좌표20":278.334}]},"라벨링":{"스타일":[{"스타일":"스포티","서브스타일":"스트리트"}],"아우터":[{}],"하의":[{}],"원피스":[{}],"상의":[{"기장":"노멀","색상":"오렌지","서브색상":"블랙","카테고리":"후드티","디테일":["포켓","드롭숄더"],"소매기장":"긴팔","프린트":["레터링"],"넥라인":"후드","핏":"루즈"}]}},"파일 번호":1238025,"파일 이름":"017-284-6,736-31,608---여기까지-PinkSpoon_179_03.jpg"}}