{"이미지 정보":{"이미지 식별자":1237894,"이미지 높이":800,"이미지 파일명":"017-284-6,736-31,608---여기까지-PinkSpoon_172_10.jpg","이미지 너비":800},"데이터셋 정보":{"파일 생성일자":"2020-11-19 16:36:08","데이터셋 상세설명":{"렉트좌표":{"아우터":[{}],"하의":[{"X좌표":388.981,"Y좌표":314.775,"가로":200,"세로":116}],"원피스":[{}],"상의":[{"X좌표":309.964,"Y좌표":2.29679,"가로":384,"세로":359}]},"폴리곤좌표":{"아우터":[{}],"하의":[{"Y좌표9":407.87,"X좌표14":397.422,"X좌표13":389.481,"X좌표12":420.582,"X좌표11":455.652,"Y좌표4":347.022,"X좌표10":479.473,"Y좌표3":347.683,"Y좌표2":331.81,"Y좌표1":315.275,"Y좌표8":431.68,"Y좌표7":421.759,"Y좌표6":358.927,"Y좌표5":325.196,"Y좌표14":315.936,"X좌표8":537.041,"X좌표9":503.956,"Y좌표11":426.389,"Y좌표10":427.712,"Y좌표13":407.209,"Y좌표12":427.05,"X좌표2":461.607,"X좌표3":503.295,"X좌표1":400.73,"X좌표6":589.978,"X좌표7":588.654,"X좌표4":541.012,"X좌표5":586.669}],"원피스":[{}],"상의":[{"X좌표37":552.648,"X좌표36":585.071,"X좌표35":611.539,"X좌표34":636.684,"X좌표33":657.197,"X좌표32":694.914,"X좌표31":692.929,"X좌표30":669.769,"Y좌표37":4.78098,"Y좌표36":9.41074,"X좌표8":379.943,"X좌표9":352.813,"Y좌표33":64.3065,"Y좌표32":121.186,"Y좌표35":18.0089,"Y좌표34":44.4646,"Y좌표31":145.658,"Y좌표30":180.05,"X좌표2":493.756,"X좌표3":459.347,"X좌표1":551.986,"X좌표6":411.043,"X좌표7":405.088,"X좌표4":425.601,"X좌표5":413.69,"Y좌표26":318.943,"Y좌표25":345.399,"Y좌표28":250.82,"Y좌표9":47.1102,"Y좌표27":290.503,"Y좌표22":353.997,"Y좌표21":340.108,"Y좌표24":357.966,"Y좌표23":362.595,"Y좌표20":332.171,"X좌표19":389.868,"X좌표18":405.749,"X좌표17":403.764,"X좌표16":407.073,"X좌표15":378.62,"X좌표14":354.798,"X좌표13":341.564,"X좌표12":322.375,"X좌표11":310.464,"Y좌표4":39.1735,"X좌표10":330.977,"Y좌표3":14.7019,"Y좌표2":2.79679,"Y좌표1":2.79679,"Y좌표8":66.952,"Y좌표7":86.7939,"Y좌표29":218.411,"Y좌표6":118.541,"Y좌표5":72.2432,"Y좌표15":201.215,"Y좌표14":178.066,"Y좌표17":258.095,"Y좌표16":217.75,"Y좌표11":77.5343,"Y좌표10":48.433,"Y좌표13":137.06,"Y좌표12":111.265,"X좌표29":610.216,"X좌표28":602.937,"X좌표27":594.997,"X좌표26":601.614,"X좌표25":593.012,"X좌표24":565.22,"X좌표23":520.886,"X좌표22":487.801,"X좌표21":433.541,"X좌표20":405.088,"Y좌표19":318.282,"Y좌표18":285.212}]},"라벨링":{"스타일":[{"스타일":"스포티","서브스타일":"스트리트"}],"아우터":[{}],"하의":[{"기장":"미니","색상":"베이지","서브색상":"블랙","카테고리":"팬츠","소재":["우븐"],"프린트":["호피"],"핏":"노멀"}],"원피스":[{}],"상의":[{"기장":"노멀","색상":"화이트","서브색상":"블랙","카테고리":"탑","소매기장":"긴팔","소재":["우븐"],"프린트":["호피"],"핏":"루즈"}]}},"파일 번호":1237894,"파일 이름":"017-284-6,736-31,608---여기까지-PinkSpoon_172_10.jpg"}}