{"이미지 정보":{"이미지 식별자":1237957,"이미지 높이":800,"이미지 파일명":"017-284-6,736-31,608---여기까지-PinkSpoon_176_03.jpg","이미지 너비":800},"데이터셋 정보":{"파일 생성일자":"2020-11-19 16:36:28","데이터셋 상세설명":{"렉트좌표":{"아우터":[{}],"하의":[{}],"원피스":[{}],"상의":[{"X좌표":215.283,"Y좌표":6.57883,"가로":473,"세로":687}]},"폴리곤좌표":{"아우터":[{}],"하의":[{}],"원피스":[{}],"상의":[{"X좌표36":528.356,"X좌표35":554.518,"X좌표34":593.073,"X좌표33":629.563,"X좌표32":646.087,"X좌표31":667.43,"X좌표30":689.461,"Y좌표36":11.2078,"X좌표8":325.864,"X좌표9":318.979,"Y좌표33":40.7988,"Y좌표32":95.1637,"Y좌표35":7.07883,"Y좌표34":10.5196,"Y좌표31":260.262,"Y좌표30":383.443,"X좌표2":497.297,"X좌표3":458.054,"X좌표1":528.279,"X좌표6":410.548,"X좌표7":366.485,"X좌표4":432.58,"X좌표5":438.087,"Y좌표26":694.921,"Y좌표25":688.04,"Y좌표28":620.6,"Y좌표9":154.551,"Y좌표27":658.449,"Y좌표22":683.911,"Y좌표21":682.534,"Y좌표24":674.965,"Y좌표23":674.965,"Y좌표20":645.374,"X좌표19":320.433,"X좌표18":313.548,"X좌표17":280.501,"X좌표16":253.65,"X좌표15":255.027,"X좌표14":233.684,"X좌표13":215.783,"X좌표12":230.241,"X좌표11":252.273,"Y좌표4":61.6486,"X좌표10":305.21,"Y좌표3":53.3907,"Y좌표2":34.8103,"Y좌표1":10.0364,"Y좌표8":84.358,"Y좌표7":57.5196,"Y좌표29":546.966,"Y좌표6":38.9392,"Y좌표5":37.5629,"Y좌표15":501.588,"Y좌표14":470.62,"Y좌표17":540.813,"Y좌표16":530.49,"Y좌표11":381.847,"Y좌표10":214.421,"Y좌표13":437.588,"Y좌표12":400.428,"X좌표29":668.807,"X좌표28":650.906,"X좌표27":636.448,"X좌표26":617.17,"X좌표25":535.24,"X좌표24":480.85,"X좌표23":385.151,"X좌표22":365.873,"X좌표21":334.891,"X좌표20":330.072,"Y좌표19":582.103,"Y좌표18":538.748}]},"라벨링":{"스타일":[{"스타일":"스포티","서브스타일":"스트리트"}],"아우터":[{}],"하의":[{}],"원피스":[{}],"상의":[{"기장":"롱","색상":"그린","서브색상":"레드","카테고리":"탑","디테일":["드롭숄더"],"소매기장":"긴팔","프린트":["레터링"],"넥라인":"라운드넥","핏":"오버사이즈"}]}},"파일 번호":1237957,"파일 이름":"017-284-6,736-31,608---여기까지-PinkSpoon_176_03.jpg"}}