{"이미지 정보":{"이미지 식별자":1237738,"이미지 높이":800,"이미지 파일명":"017-284-6,736-31,608---여기까지-PinkSpoon_165_08.jpg","이미지 너비":800},"데이터셋 정보":{"파일 생성일자":"2020-11-19 16:35:11","데이터셋 상세설명":{"렉트좌표":{"아우터":[{}],"하의":[{}],"원피스":[{}],"상의":[{"X좌표":181.794,"Y좌표":-0.620865,"가로":439,"세로":647}]},"폴리곤좌표":{"아우터":[{}],"하의":[{}],"원피스":[{}],"상의":[{"X좌표33":399.13,"X좌표32":416.228,"X좌표31":465.191,"X좌표30":521.148,"X좌표8":242.915,"X좌표9":225.04,"Y좌표33":16.9693,"Y좌표32":1.43279,"Y좌표31":-0.120865,"Y좌표30":10.7547,"X좌표2":375.814,"X좌표3":364.933,"X좌표1":396.021,"X좌표6":268.562,"X좌표7":246.024,"X좌표4":337.732,"X좌표5":281.774,"Y좌표26":231.2,"Y좌표25":297.23,"Y좌표28":90.7675,"Y좌표9":363.26,"Y좌표27":172.938,"Y좌표22":620.388,"Y좌표21":645.247,"Y좌표24":522.509,"Y좌표23":579.217,"Y좌표20":647.577,"X좌표19":396.798,"X좌표18":339.286,"X좌표17":263.122,"X좌표16":225.04,"X좌표15":217.268,"X좌표14":206.387,"X좌표13":204.833,"X좌표12":186.958,"X좌표11":182.294,"Y좌표4":37.9435,"X좌표10":192.398,"Y좌표3":15.4156,"Y좌표2":57.3641,"Y좌표1":19.2997,"Y좌표8":333.741,"Y좌표7":259.338,"Y좌표29":35.613,"Y좌표6":153.69,"Y좌표5":100.089,"Y좌표15":575.333,"Y좌표14":539.599,"Y좌표17":608.736,"Y좌표16":599.414,"Y좌표11":434.728,"Y좌표10":389.672,"Y좌표13":499.981,"Y좌표12":476.676,"X좌표29":554.567,"X좌표28":605.084,"X좌표27":618.297,"X좌표26":621.405,"X좌표25":621.405,"X좌표24":607.416,"X좌표23":591.872,"X좌표22":567.002,"X좌표21":525.811,"X좌표20":469.854,"Y좌표19":643.693,"Y좌표18":631.264}]},"라벨링":{"스타일":[{"스타일":"스포티","서브스타일":"스트리트"}],"아우터":[{}],"하의":[{}],"원피스":[{}],"상의":[{"기장":"노멀","색상":"레드","서브색상":"블랙","카테고리":"후드티","소매기장":"긴팔","소재":["저지"],"프린트":["레터링"],"넥라인":"후드","핏":"루즈"}]}},"파일 번호":1237738,"파일 이름":"017-284-6,736-31,608---여기까지-PinkSpoon_165_08.jpg"}}