{"이미지 정보":{"이미지 식별자":1237665,"이미지 높이":800,"이미지 파일명":"017-284-6,736-31,608---여기까지-PinkSpoon_162_03.jpg","이미지 너비":800},"데이터셋 정보":{"파일 생성일자":"2020-11-19 16:34:42","데이터셋 상세설명":{"렉트좌표":{"아우터":[{}],"하의":[{"X좌표":314.65,"Y좌표":306.887,"가로":170,"세로":403}],"원피스":[{}],"상의":[{"X좌표":261.685,"Y좌표":5.15663,"가로":263,"세로":330}]},"폴리곤좌표":{"아우터":[{}],"하의":[{"Y좌표9":583.432,"Y좌표22":315.586,"Y좌표21":344.284,"Y좌표20":383.231,"X좌표19":344.545,"X좌표18":345.912,"X좌표17":320.619,"X좌표16":328.822,"X좌표15":367.104,"X좌표14":400.6,"X좌표13":401.284,"X좌표12":422.475,"X좌표11":440.933,"Y좌표4":316.269,"X좌표10":434.097,"Y좌표3":316.269,"Y좌표2":307.387,"Y좌표1":316.953,"Y좌표8":556.784,"Y좌표7":482.307,"Y좌표6":377.081,"Y좌표5":334.035,"Y좌표15":710.523,"Y좌표14":710.523,"X좌표8":433.413,"Y좌표17":679.092,"X좌표9":425.893,"Y좌표16":707.106,"Y좌표11":668.843,"Y좌표10":640.828,"Y좌표13":687.974,"Y좌표12":678.409,"X좌표22":322.67,"X좌표2":377.358,"X좌표21":315.15,"X좌표3":423.843,"X좌표20":320.619,"X좌표1":321.302,"X좌표6":473.062,"Y좌표19":474.791,"X좌표7":453.237,"Y좌표18":544.485,"X좌표4":462.124,"X좌표5":485.367}],"원피스":[{}],"상의":[{"X좌표37":432.401,"X좌표36":463.847,"X좌표35":485.722,"X좌표34":502.129,"X좌표33":526.055,"X좌표32":520.586,"X좌표31":508.281,"X좌표30":518.535,"Y좌표37":13.856,"Y좌표36":5.65663,"X좌표8":284.06,"X좌표9":271.071,"Y좌표33":134.114,"Y좌표32":179.893,"Y좌표35":12.4894,"Y좌표34":43.2371,"Y좌표31":194.926,"Y좌표30":274.186,"X좌표2":401.639,"X좌표3":373.612,"X좌표1":431.034,"X좌표6":307.986,"X좌표7":292.263,"X좌표4":357.889,"X좌표5":341.482,"Y좌표26":262.571,"Y좌표25":209.275,"Y좌표28":319.283,"Y좌표9":147.096,"Y좌표27":289.902,"Y좌표22":282.386,"Y좌표21":322.699,"Y좌표24":210.641,"Y좌표23":250.955,"Y좌표20":326.799,"X좌표19":400.272,"X좌표18":342.166,"X좌표17":315.506,"X좌표16":310.72,"X좌표15":298.416,"X좌표14":303.884,"X좌표13":314.822,"X좌표12":297.732,"X좌표11":276.54,"Y좌표4":24.1052,"X좌표10":262.185,"Y좌표3":30.9381,"Y좌표2":28.2049,"Y좌표1":9.75633,"Y좌표8":109.515,"Y좌표7":51.4365,"Y좌표29":311.767,"Y좌표6":23.422,"Y좌표5":10.4396,"Y좌표15":298.784,"Y좌표14":260.521,"Y좌표17":336.365,"Y좌표16":322.016,"Y좌표11":201.075,"Y좌표10":178.527,"Y좌표13":208.591,"Y좌표12":212.691,"X좌표29":516.484,"X좌표28":499.394,"X좌표27":486.406,"X좌표26":485.722,"X좌표25":485.722,"X좌표24":470.0,"X좌표23":476.152,"X좌표22":475.468,"X좌표21":467.949,"X좌표20":447.441,"Y좌표19":328.849,"Y좌표18":328.849}]},"라벨링":{"스타일":[{"스타일":"스포티","서브스타일":"스트리트"}],"아우터":[{}],"하의":[{"기장":"발목","색상":"네이비","서브색상":"옐로우","카테고리":"팬츠","소재":["저지"],"프린트":["레터링"],"핏":"노멀"}],"원피스":[{}],"상의":[{"기장":"노멀","색상":"네이비","서브색상":"옐로우","카테고리":"탑","소매기장":"긴팔","소재":["저지"],"프린트":["레터링"],"넥라인":"라운드넥","핏":"루즈"}]}},"파일 번호":1237665,"파일 이름":"017-284-6,736-31,608---여기까지-PinkSpoon_162_03.jpg"}}