{"이미지 정보":{"이미지 식별자":1237900,"이미지 높이":800,"이미지 파일명":"017-284-6,736-31,608---여기까지-PinkSpoon_172_16.jpg","이미지 너비":800},"데이터셋 정보":{"파일 생성일자":"2020-11-19 16:36:10","데이터셋 상세설명":{"렉트좌표":{"아우터":[{}],"하의":[{"X좌표":315.263,"Y좌표":295.792,"가로":200,"세로":136}],"원피스":[{}],"상의":[{"X좌표":299.538,"Y좌표":6.57722,"가로":254,"세로":326}]},"폴리곤좌표":{"아우터":[{}],"하의":[{"Y좌표9":427.399,"X좌표19":316.903,"X좌표18":315.763,"X좌표17":321.466,"X좌표16":337.434,"X좌표15":362.527,"X좌표14":396.175,"X좌표13":418.416,"X좌표12":435.525,"X좌표11":448.642,"Y좌표4":305.982,"X좌표10":467.462,"Y좌표3":296.292,"Y좌표2":309.403,"Y좌표1":313.393,"Y좌표8":416.568,"Y좌표7":308.833,"Y좌표6":315.673,"Y좌표5":315.673,"Y좌표15":430.819,"Y좌표14":432.529,"X좌표8":515.937,"Y좌표17":418.849,"X좌표9":498.828,"Y좌표16":429.109,"Y좌표11":427.399,"Y좌표10":429.679,"Y좌표13":431.959,"Y좌표12":419.419,"X좌표2":340.856,"X좌표3":360.246,"X좌표1":318.614,"X좌표6":478.868,"Y좌표19":311.683,"X좌표7":507.383,"Y좌표18":356.715,"X좌표4":393.323,"X좌표5":436.666}],"원피스":[{}],"상의":[{"X좌표8":336.537,"X좌표9":336.537,"X좌표2":437.479,"X좌표3":418.66,"X좌표1":484.814,"X좌표6":350.224,"X좌표7":339.959,"X좌표4":387.864,"X좌표5":360.489,"Y좌표26":75.4062,"Y좌표25":132.409,"Y좌표28":32.0838,"Y좌표9":231.669,"Y좌표27":50.8949,"Y좌표22":265.797,"Y좌표21":298.288,"Y좌표24":167.181,"Y좌표23":212.214,"Y좌표20":322.8,"X좌표19":493.939,"X좌표18":462.573,"X좌표17":390.145,"X좌표16":365.052,"X좌표15":348.513,"X좌표14":326.842,"X좌표13":310.303,"X좌표12":300.038,"X좌표11":304.03,"Y좌표4":36.1488,"X좌표10":316.576,"Y좌표3":18.4778,"Y좌표2":7.07722,"Y좌표1":19.0479,"Y좌표8":202.028,"Y좌표7":155.855,"Y좌표29":20.6832,"Y좌표6":103.982,"Y좌표5":60.6601,"Y좌표15":329.145,"Y좌표14":328.575,"Y좌표17":314.324,"Y좌표16":310.904,"Y좌표11":280.692,"Y좌표10":257.321,"Y좌표13":318.884,"Y좌표12":302.923,"X좌표29":488.806,"X좌표28":514.47,"X좌표27":535.571,"X좌표26":542.414,"X좌표25":548.117,"X좌표24":554.961,"X좌표23":549.828,"X좌표22":530.438,"X좌표21":515.04,"X좌표20":513.329,"Y좌표19":330.78,"Y좌표18":333.63}]},"라벨링":{"스타일":[{"스타일":"스포티","서브스타일":"스트리트"}],"아우터":[{}],"하의":[{"기장":"미니","색상":"실버","서브색상":"블랙","카테고리":"팬츠","소재":["우븐"],"프린트":["호피"],"핏":"노멀"}],"원피스":[{}],"상의":[{"기장":"노멀","색상":"블랙","서브색상":"실버","카테고리":"탑","소매기장":"긴팔","소재":["우븐"],"프린트":["호피"],"핏":"루즈"}]}},"파일 번호":1237900,"파일 이름":"017-284-6,736-31,608---여기까지-PinkSpoon_172_16.jpg"}}