{"이미지 정보":{"이미지 식별자":1237741,"이미지 높이":800,"이미지 파일명":"017-284-6,736-31,608---여기까지-PinkSpoon_165_12.jpg","이미지 너비":800},"데이터셋 정보":{"파일 생성일자":"2020-11-19 16:35:12","데이터셋 상세설명":{"렉트좌표":{"아우터":[{}],"하의":[{"X좌표":328.242,"Y좌표":378.464,"가로":149,"세로":313}],"원피스":[{}],"상의":[{"X좌표":260.105,"Y좌표":4.69656,"가로":323,"세로":387}]},"폴리곤좌표":{"아우터":[{}],"하의":[{"Y좌표9":615.819,"Y좌표22":480.596,"Y좌표21":534.858,"Y좌표24":397.913,"Y좌표23":442.7,"Y좌표20":596.009,"X좌표19":349.422,"X좌표18":375.273,"X좌표17":396.816,"X좌표16":392.507,"X좌표15":401.986,"X좌표14":402.847,"X좌표13":404.571,"X좌표12":407.156,"X좌표11":408.879,"Y좌표4":428.058,"X좌표10":405.433,"Y좌표3":378.964,"Y좌표2":393.606,"Y좌표1":398.774,"Y좌표8":623.571,"Y좌표7":582.229,"Y좌표6":530.551,"Y좌표5":469.4,"Y좌표15":581.367,"Y좌표14":519.354,"X좌표8":445.07,"Y좌표17":682.138,"X좌표9":421.805,"Y좌표16":647.687,"Y좌표11":502.99,"Y좌표10":596.871,"Y좌표13":403.942,"Y좌표12":463.371,"X좌표24":329.604,"X좌표23":331.327,"X좌표22":338.22,"X좌표2":401.986,"X좌표21":333.05,"X좌표3":478.676,"X좌표20":338.22,"X좌표1":328.742,"X좌표6":460.581,"Y좌표19":692.474,"X좌표7":450.241,"Y좌표18":689.029,"X좌표4":477.815,"X좌표5":470.921}],"원피스":[{}],"상의":[{"X좌표8":260.605,"X좌표9":275.254,"X좌표2":416.572,"X좌표3":385.551,"X좌표1":432.082,"X좌표6":295.073,"X좌표7":265.775,"X좌표4":368.317,"X좌표5":333.849,"Y좌표26":79.2675,"Y좌표25":127.5,"Y좌표28":30.174,"Y좌표9":248.08,"Y좌표27":48.261,"Y좌표22":88.7417,"Y좌표21":126.638,"Y좌표24":81.8513,"Y좌표23":90.4642,"Y좌표20":168.842,"X좌표19":521.529,"X좌표18":489.646,"X좌표17":506.018,"X좌표16":507.742,"X좌표15":484.476,"X좌표14":425.881,"X좌표13":363.839,"X좌표12":326.786,"X좌표11":289.903,"Y좌표4":5.19656,"X좌표10":291.626,"Y좌표3":26.7288,"Y좌표2":56.0126,"Y좌표1":34.4804,"Y좌표8":192.096,"Y좌표7":137.835,"Y좌표29":35.3417,"Y좌표6":65.4868,"Y좌표5":29.3127,"Y좌표15":372.106,"Y좌표14":378.996,"Y좌표17":273.919,"Y좌표16":324.735,"Y좌표11":334.209,"Y좌표10":279.948,"Y좌표13":386.748,"Y좌표12":392.777,"X좌표29":428.202,"X좌표28":466.978,"X좌표27":491.106,"X좌표26":503.169,"X좌표25":507.478,"X좌표24":549.701,"X좌표23":563.488,"X좌표22":583.307,"X좌표21":584.432,"X좌표20":555.135,"Y좌표19":197.264,"Y좌표18":213.629}]},"라벨링":{"스타일":[{"스타일":"스포티","서브스타일":"스트리트"}],"아우터":[{}],"하의":[{"기장":"발목","색상":"블랙","카테고리":"래깅스","소재":["스판덱스"],"프린트":["무지"],"핏":"스키니"}],"원피스":[{}],"상의":[{"기장":"노멀","색상":"블랙","서브색상":"레드","카테고리":"후드티","소매기장":"긴팔","소재":["저지"],"프린트":["레터링"],"넥라인":"후드","핏":"루즈"}]}},"파일 번호":1237741,"파일 이름":"017-284-6,736-31,608---여기까지-PinkSpoon_165_12.jpg"}}