{"이미지 정보":{"이미지 식별자":1237959,"이미지 높이":800,"이미지 파일명":"017-284-6,736-31,608---여기까지-PinkSpoon_176_05.jpg","이미지 너비":800},"데이터셋 정보":{"파일 생성일자":"2020-11-19 16:36:29","데이터셋 상세설명":{"렉트좌표":{"아우터":[{}],"하의":[{"X좌표":218.692,"Y좌표":409.737,"가로":158,"세로":297}],"원피스":[{}],"상의":[{"X좌표":100.825,"Y좌표":6.59025,"가로":556,"세로":465}]},"폴리곤좌표":{"아우터":[{}],"하의":[{"X좌표8":341.169,"X좌표9":335.661,"X좌표2":290.221,"X좌표3":355.627,"X좌표1":222.749,"X좌표6":358.381,"X좌표7":352.184,"X좌표4":377.658,"X좌표5":374.216,"Y좌표26":605.814,"Y좌표25":690.458,"Y좌표28":481.944,"Y좌표9":638.707,"Y좌표27":521.858,"Y좌표22":700.092,"Y좌표21":664.308,"Y좌표24":707.662,"Y좌표23":705.597,"Y좌표20":628.523,"X좌표19":287.352,"X좌표18":286.663,"X좌표17":291.483,"X좌표16":294.237,"X좌표15":294.237,"X좌표14":286.663,"X좌표13":286.663,"X좌표12":297.679,"X좌표11":316.957,"Y좌표4":410.237,"X좌표10":331.415,"Y좌표3":415.742,"Y좌표2":433.634,"Y좌표1":453.591,"Y좌표8":600.858,"Y좌표7":521.031,"Y좌표29":452.353,"Y좌표6":481.117,"Y좌표5":447.397,"Y좌표15":455.794,"Y좌표14":564.524,"Y좌표17":492.267,"Y좌표16":433.085,"Y좌표11":680.135,"Y좌표10":662.243,"Y좌표13":656.05,"Y좌표12":671.189,"X좌표29":224.699,"X좌표28":219.192,"X좌표27":219.88,"X좌표26":228.142,"X좌표25":241.223,"X좌표24":252.239,"X좌표23":274.959,"X좌표22":292.86,"X좌표21":289.417,"X좌표20":287.352,"Y좌표19":567.965,"Y좌표18":539.062}],"원피스":[{}],"상의":[{"Y좌표43":38.7458,"Y좌표40":51.8209,"Y좌표42":38.0576,"Y좌표41":47.6919,"X좌표39":499.27,"X좌표38":528.186,"X좌표37":573.626,"X좌표36":588.084,"X좌표35":644.54,"X좌표34":658.31,"X좌표33":654.179,"X좌표32":631.459,"X좌표31":591.527,"X좌표30":540.579,"Y좌표37":21.5417,"Y좌표36":16.7245,"X좌표8":173.849,"Y좌표39":46.3156,"X좌표9":155.948,"Y좌표38":35.3049,"Y좌표33":40.8103,"Y좌표32":61.4551,"Y좌표35":7.09025,"Y좌표34":16.7245,"Y좌표31":111.613,"Y좌표30":144.645,"X좌표2":309.48,"X좌표43":334.033,"X좌표3":287.449,"X좌표42":373.277,"X좌표41":407.701,"X좌표1":334.266,"X좌표40":454.518,"X좌표6":232.37,"X좌표7":202.076,"X좌표4":270.237,"X좌표5":260.598,"Y좌표26":320.126,"Y좌표25":357.287,"Y좌표28":206.579,"Y좌표9":125.343,"Y좌표27":256.127,"Y좌표22":438.49,"Y좌표21":462.576,"Y좌표24":388.254,"Y좌표23":418.534,"Y좌표20":472.21,"X좌표19":212.171,"X좌표18":186.009,"X좌표17":170.173,"X좌표16":143.323,"X좌표15":115.783,"X좌표14":119.226,"X좌표13":112.341,"X좌표12":101.325,"X좌표11":103.39,"Y좌표4":37.2577,"X좌표10":133.916,"Y좌표3":47.5802,"Y좌표2":46.2039,"Y좌표1":35.8814,"Y좌표8":72.3541,"Y좌표7":31.7524,"Y좌표29":168.042,"Y좌표6":16.6128,"Y좌표5":19.3655,"Y좌표15":345.588,"Y좌표14":324.255,"Y좌표17":348.341,"Y좌표16":346.277,"Y좌표11":234.794,"Y좌표10":167.321,"Y좌표13":307.739,"Y좌표12":265.761,"X좌표29":507.531,"X좌표28":493.073,"X좌표27":479.303,"X좌표26":464.845,"X좌표25":455.207,"X좌표24":442.125,"X좌표23":382.227,"X좌표22":332.656,"X좌표21":254.169,"X좌표20":222.498,"Y좌표19":453.63,"Y좌표18":383.437}]},"라벨링":{"스타일":[{"스타일":"스포티","서브스타일":"스트리트"}],"아우터":[{}],"하의":[{"기장":"발목","색상":"실버","카테고리":"래깅스","프린트":["무지"],"핏":"스키니"}],"원피스":[{}],"상의":[{"기장":"롱","색상":"그린","서브색상":"레드","카테고리":"탑","디테일":["드롭숄더"],"소매기장":"긴팔","프린트":["레터링"],"넥라인":"라운드넥","핏":"오버사이즈"}]}},"파일 번호":1237959,"파일 이름":"017-284-6,736-31,608---여기까지-PinkSpoon_176_05.jpg"}}