{"이미지 정보":{"이미지 식별자":1237903,"이미지 높이":800,"이미지 파일명":"017-284-6,736-31,608---여기까지-PinkSpoon_172_19.jpg","이미지 너비":800},"데이터셋 정보":{"파일 생성일자":"2020-11-19 16:36:11","데이터셋 상세설명":{"렉트좌표":{"아우터":[{}],"하의":[{"X좌표":452.582,"Y좌표":298.282,"가로":140,"세로":135}],"원피스":[{}],"상의":[{"X좌표":431.335,"Y좌표":6.61002,"가로":230,"세로":337}]},"폴리곤좌표":{"아우터":[{}],"하의":[{"Y좌표9":352.782,"X좌표18":453.222,"X좌표17":457.884,"X좌표16":475.292,"X좌표15":506.507,"X좌표14":531.718,"X좌표13":564.133,"X좌표12":567.135,"X좌표11":587.544,"Y좌표4":329.982,"X좌표10":592.347,"Y좌표3":298.782,"Y좌표2":300.582,"Y좌표1":318.582,"Y좌표8":328.182,"Y좌표7":318.582,"Y좌표6":310.182,"Y좌표5":322.182,"Y좌표15":426.582,"Y좌표14":429.582,"X좌표8":589.345,"Y좌표17":362.382,"X좌표9":593.547,"Y좌표16":434.382,"Y좌표11":411.582,"Y좌표10":387.582,"Y좌표13":425.382,"Y좌표12":410.382,"X좌표2":468.689,"X좌표3":493.901,"X좌표1":453.082,"X좌표6":540.723,"X좌표7":562.333,"Y좌표18":319.738,"X좌표4":511.309,"X좌표5":528.717}],"원피스":[{}],"상의":[{"X좌표34":526.679,"X좌표33":543.487,"X좌표32":553.091,"X좌표31":566.898,"X좌표30":581.305,"X좌표8":435.436,"X좌표9":448.642,"Y좌표33":19.582,"Y좌표32":33.982,"Y좌표34":9.982,"Y좌표31":57.982,"Y좌표30":80.182,"X좌표2":493.664,"X좌표3":467.251,"X좌표1":525.478,"X좌표6":432.435,"X좌표7":442.039,"X좌표4":446.842,"X좌표5":431.835,"Y좌표26":117.382,"Y좌표25":120.382,"Y좌표28":115.582,"Y좌표9":329.182,"Y좌표27":128.782,"Y좌표22":174.982,"Y좌표21":186.382,"Y좌표24":137.782,"Y좌표23":161.182,"Y좌표20":219.982,"X좌표19":605.316,"X좌표18":610.718,"X좌표17":599.913,"X좌표16":575.302,"X좌표15":545.888,"X좌표14":526.679,"X좌표13":502.668,"X좌표12":487.661,"X좌표11":476.255,"Y좌표4":67.71,"X좌표10":460.048,"Y좌표3":19.11,"Y좌표2":7.11002,"Y좌표1":7.11002,"Y좌표8":299.782,"Y좌표7":277.582,"Y좌표29":94.582,"Y좌표6":190.71,"Y좌표5":146.31,"Y좌표15":324.382,"Y좌표14":336.982,"Y좌표17":336.382,"Y좌표16":341.182,"Y좌표11":316.582,"Y좌표10":341.782,"Y좌표13":344.782,"Y좌표12":321.382,"X좌표29":593.31,"X좌표28":599.913,"X좌표27":602.314,"X좌표26":633.529,"X좌표25":658.141,"X좌표24":659.941,"X좌표23":662.343,"X좌표22":635.93,"X좌표21":604.115,"X좌표20":604.716,"Y좌표19":256.582,"Y좌표18":309.382}]},"라벨링":{"스타일":[{"스타일":"스포티","서브스타일":"스트리트"}],"아우터":[{}],"하의":[{"기장":"미니","색상":"실버","서브색상":"블랙","카테고리":"팬츠","소재":["우븐"],"프린트":["호피"],"핏":"노멀"}],"원피스":[{}],"상의":[{"기장":"노멀","색상":"블랙","서브색상":"실버","카테고리":"탑","소매기장":"긴팔","소재":["우븐"],"프린트":["레터링"],"넥라인":"라운드넥","핏":"루즈"}]}},"파일 번호":1237903,"파일 이름":"017-284-6,736-31,608---여기까지-PinkSpoon_172_19.jpg"}}