{"이미지 정보":{"이미지 식별자":1237604,"이미지 높이":800,"이미지 파일명":"017-284-6,736-31,608---여기까지-PinkSpoon_159_09.jpg","이미지 너비":800},"데이터셋 정보":{"파일 생성일자":"2020-11-19 16:34:21","데이터셋 상세설명":{"렉트좌표":{"아우터":[{"X좌표":208.602,"Y좌표":8.99505,"가로":463,"세로":456}],"하의":[{"X좌표":181.162,"Y좌표":325.024,"가로":228,"세로":387}],"원피스":[{}],"상의":[{"X좌표":276.444,"Y좌표":60.97,"가로":85,"세로":278}]},"폴리곤좌표":{"아우터":[{"Y좌표48":19.5067,"Y좌표47":44.3421,"Y좌표44":200.206,"Y좌표43":336.372,"Y좌표46":82.8798,"Y좌표45":130.838,"Y좌표40":452.841,"Y좌표42":416.017,"Y좌표41":464.831,"X좌표39":401.023,"X좌표38":438.722,"X좌표37":448.147,"X좌표36":454.145,"X좌표35":464.426,"X좌표34":475.565,"X좌표33":504.695,"X좌표32":582.664,"X좌표31":615.222,"X좌표30":654.634,"Y좌표37":426.293,"Y좌표36":398.032,"X좌표8":213.386,"Y좌표39":439.996,"X좌표9":212.529,"Y좌표38":441.708,"Y좌표33":209.891,"Y좌표32":229.588,"Y좌표35":338.941,"Y좌표34":197.901,"Y좌표31":239.865,"Y좌표30":248.429,"X좌표48":371.892,"X좌표47":347.902,"X좌표46":344.475,"X좌표45":341.905,"X좌표44":334.194,"X좌표2":260.509,"X좌표43":327.339,"X좌표3":237.376,"X좌표42":324.769,"X좌표41":339.334,"X좌표1":307.633,"X좌표40":365.038,"X좌표6":219.383,"X좌표7":218.526,"X좌표4":220.24,"X좌표5":209.102,"Y좌표26":149.943,"Y좌표25":134.528,"Y좌표28":198.758,"Y좌표9":400.866,"Y좌표27":169.64,"Y좌표22":15.4898,"Y좌표21":10.3514,"Y좌표24":67.7298,"Y좌표23":26.6229,"Y좌표20":32.6177,"X좌표19":314.487,"X좌표18":299.065,"X좌표17":302.492,"X좌표16":294.781,"X좌표15":299.922,"X좌표14":305.919,"X좌표13":287.927,"X좌표12":259.652,"X좌표11":239.089,"Y좌표4":154.225,"X좌표10":216.813,"Y좌표3":86.5704,"Y좌표2":43.7508,"Y좌표1":9.49505,"Y좌표8":341.775,"Y좌표7":293.817,"Y좌표29":227.019,"Y좌표6":256.993,"Y좌표5":217.598,"Y좌표15":268.982,"Y좌표14":341.775,"Y좌표17":162.789,"Y좌표16":236.439,"Y좌표11":454.819,"Y좌표10":433.409,"Y좌표13":410.287,"Y좌표12":465.952,"X좌표29":672.627,"X좌표28":670.914,"X좌표27":621.219,"X좌표26":592.089,"X좌표25":558.673,"X좌표24":472.994,"X좌표23":411.305,"X좌표22":373.606,"X좌표21":309.347,"X좌표20":328.196,"Y좌표19":63.4478,"Y좌표18":110.549}],"하의":[{"X좌표36":289.618,"X좌표35":284.478,"X좌표34":274.196,"X좌표33":251.919,"X좌표32":236.497,"X좌표31":233.07,"X좌표30":226.216,"Y좌표36":325.524,"X좌표8":384.722,"X좌표9":370.157,"Y좌표33":449.701,"Y좌표32":430.861,"Y좌표35":364.918,"Y좌표34":407.738,"Y좌표31":462.547,"Y좌표30":516.5,"X좌표2":349.594,"X좌표3":343.596,"X좌표1":290.475,"X좌표6":396.717,"X좌표7":386.436,"X좌표4":349.594,"X좌표5":410.426,"Y좌표26":713.47,"Y좌표25":698.055,"Y좌표28":697.199,"Y좌표9":633.826,"Y좌표27":703.193,"Y좌표22":595.288,"Y좌표21":547.33,"Y좌표24":655.235,"Y좌표23":624.405,"Y좌표20":486.526,"X좌표19":317.892,"X좌표18":333.315,"X좌표17":326.46,"X좌표16":329.888,"X좌표15":326.46,"X좌표14":320.463,"X좌표13":312.752,"X좌표12":336.742,"X좌표11":360.732,"Y좌표4":436.855,"X좌표10":361.589,"Y좌표3":413.733,"Y좌표2":328.093,"Y좌표1":325.524,"Y좌표8":590.15,"Y좌표7":549.043,"Y좌표29":593.575,"Y좌표6":478.819,"Y좌표5":426.579,"Y좌표15":557.607,"Y좌표14":647.528,"Y좌표17":411.164,"Y좌표16":465.116,"Y좌표11":700.624,"Y좌표10":667.225,"Y좌표13":698.911,"Y좌표12":707.475,"X좌표29":210.793,"X좌표28":181.662,"X좌표27":193.657,"X좌표26":221.075,"X좌표25":242.495,"X좌표24":249.349,"X좌표23":262.201,"X좌표22":274.196,"X좌표21":286.191,"X좌표20":305.897,"Y좌표19":443.706,"Y좌표18":371.77}],"원피스":[{}],"상의":[{"Y좌표9":338.941,"X좌표15":308.645,"X좌표14":292.366,"X좌표13":284.655,"X좌표12":276.944,"X좌표11":284.655,"Y좌표4":94.8693,"X좌표10":286.369,"Y좌표3":64.0392,"Y좌표2":64.8955,"Y좌표1":61.47,"Y좌표8":339.798,"Y좌표7":300.404,"Y좌표6":255.015,"Y좌표5":190.785,"Y좌표15":61.47,"Y좌표14":79.4542,"X좌표8":348.914,"X좌표9":296.65,"Y좌표11":224.185,"Y좌표10":278.994,"Y좌표13":120.561,"Y좌표12":168.519,"X좌표2":331.779,"X좌표3":362.623,"X좌표1":308.645,"X좌표6":351.485,"X좌표7":351.485,"X좌표4":360.053,"X좌표5":349.771}]},"라벨링":{"스타일":[{"스타일":"스포티","서브스타일":"스트리트"}],"아우터":[{"기장":"하프","색상":"와인","서브색상":"화이트","카테고리":"짚업","소매기장":"긴팔","소재":["저지"],"프린트":["스트라이프","레터링"],"넥라인":"후드","핏":"루즈"}],"하의":[{"기장":"발목","색상":"블랙","서브색상":"화이트","카테고리":"래깅스","소재":["저지"],"프린트":["레터링"],"핏":"스키니"}],"원피스":[{}],"상의":[{"기장":"노멀","색상":"화이트","카테고리":"티셔츠","소매기장":"없음","소재":["저지"],"프린트":["무지"],"넥라인":"라운드넥","핏":"노멀"}]}},"파일 번호":1237604,"파일 이름":"017-284-6,736-31,608---여기까지-PinkSpoon_159_09.jpg"}}