{"이미지 정보":{"이미지 식별자":1237899,"이미지 높이":800,"이미지 파일명":"017-284-6,736-31,608---여기까지-PinkSpoon_172_15.jpg","이미지 너비":800},"데이터셋 정보":{"파일 생성일자":"2020-11-19 16:36:10","데이터셋 상세설명":{"렉트좌표":{"아우터":[{}],"하의":[{"X좌표":241.522,"Y좌표":294.655,"가로":147,"세로":146}],"원피스":[{}],"상의":[{"X좌표":234.195,"Y좌표":2.00711,"가로":182,"세로":355}]},"폴리곤좌표":{"아우터":[{}],"하의":[{"Y좌표9":405.171,"X좌표18":258.561,"X좌표17":258.561,"X좌표16":252.858,"X좌표15":242.022,"X좌표14":259.701,"X좌표13":285.935,"X좌표12":317.872,"X좌표11":345.816,"Y좌표4":321.376,"X좌표10":357.792,"Y좌표3":317.386,"Y좌표2":295.155,"Y좌표1":312.256,"Y좌표8":347.598,"Y좌표7":332.777,"Y좌표6":308.266,"Y좌표5":296.865,"Y좌표15":412.011,"Y좌표14":424.552,"X좌표8":389.729,"Y좌표17":339.617,"X좌표9":362.925,"Y좌표16":364.129,"Y좌표11":441.653,"Y좌표10":427.972,"Y좌표13":430.822,"Y좌표12":441.653,"X좌표2":282.513,"X좌표3":306.466,"X좌표1":259.701,"X좌표6":346.957,"X좌표7":376.042,"Y좌표18":311.116,"X좌표4":321.293,"X좌표5":330.988}],"원피스":[{}],"상의":[{"X좌표8":251.234,"X좌표9":250.663,"X좌표2":313.396,"X좌표3":295.717,"X좌표1":344.763,"X좌표6":266.632,"X좌표7":264.921,"X좌표4":279.749,"X좌표5":264.351,"Y좌표26":26.087,"Y좌표25":63.139,"Y좌표28":3.3898,"Y좌표9":273.842,"Y좌표27":5.66991,"Y좌표22":258.083,"Y좌표21":295.705,"Y좌표24":130.973,"Y좌표23":230.152,"Y좌표20":339.028,"X좌표19":387.838,"X좌표18":356.472,"X좌표17":334.8,"X좌표16":321.113,"X좌표15":301.723,"X좌표14":281.763,"X좌표13":273.475,"X좌표12":263.78,"X좌표11":250.663,"Y좌표4":90.8619,"X좌표10":234.695,"Y좌표3":52.6698,"Y좌표2":28.7285,"Y좌표1":2.50711,"Y좌표8":241.35,"Y좌표7":203.728,"Y좌표6":166.106,"Y좌표5":120.504,"Y좌표15":328.197,"Y좌표14":303.686,"Y좌표17":310.526,"Y좌표16":336.748,"Y좌표11":324.005,"Y좌표10":301.773,"Y좌표13":338.255,"Y좌표12":343.386,"X좌표28":342.467,"X좌표27":386.951,"X좌표26":410.65,"X좌표25":415.212,"X좌표24":417.493,"X좌표23":413.501,"X좌표22":415.783,"X좌표21":410.08,"X좌표20":398.674,"Y좌표19":357.839,"Y좌표18":331.047}]},"라벨링":{"스타일":[{"스타일":"스포티","서브스타일":"스트리트"}],"아우터":[{}],"하의":[{"기장":"미니","색상":"실버","서브색상":"블랙","카테고리":"팬츠","소재":["우븐"],"프린트":["호피"],"핏":"노멀"}],"원피스":[{}],"상의":[{"기장":"노멀","색상":"블랙","서브색상":"실버","카테고리":"탑","소매기장":"긴팔","소재":["우븐"],"프린트":["레터링"],"넥라인":"라운드넥","핏":"루즈"}]}},"파일 번호":1237899,"파일 이름":"017-284-6,736-31,608---여기까지-PinkSpoon_172_15.jpg"}}