{"이미지 정보":{"이미지 식별자":1237958,"이미지 높이":800,"이미지 파일명":"017-284-6,736-31,608---여기까지-PinkSpoon_176_04.jpg","이미지 너비":800},"데이터셋 정보":{"파일 생성일자":"2020-11-19 16:36:28","데이터셋 상세설명":{"렉트좌표":{"아우터":[{}],"하의":[{"X좌표":395.998,"Y좌표":430.048,"가로":131,"세로":276}],"원피스":[{}],"상의":[{"X좌표":320.362,"Y좌표":5.57883,"가로":308,"세로":460}]},"폴리곤좌표":{"아우터":[{}],"하의":[{"Y좌표9":706.501,"Y좌표20":456.01,"X좌표19":436.431,"X좌표18":417.841,"X좌표17":396.498,"X좌표16":410.268,"X좌표15":432.3,"X좌표14":451.577,"X좌표13":447.446,"X좌표12":457.774,"X좌표11":466.724,"Y좌표4":506.934,"X좌표10":478.428,"Y좌표3":473.214,"Y좌표2":430.548,"Y좌표1":453.257,"Y좌표8":689.297,"Y좌표7":652.136,"Y좌표6":606.029,"Y좌표5":547.535,"Y좌표15":552.352,"Y좌표14":536.525,"X좌표8":512.852,"Y좌표17":514.503,"X좌표9":512.164,"Y좌표16":570.933,"Y좌표11":700.308,"Y좌표10":707.189,"Y좌표13":579.191,"Y좌표12":620.481,"X좌표2":521.803,"X좌표3":527.311,"X좌표20":441.25,"X좌표1":439.873,"X좌표6":518.36,"Y좌표19":466.332,"X좌표7":515.606,"Y좌표18":484.224,"X좌표4":527.999,"X좌표5":516.983}],"원피스":[{}],"상의":[{"X좌표36":486.099,"X좌표35":521.211,"X좌표34":543.931,"X좌표33":551.505,"X좌표32":564.586,"X좌표31":604.518,"X좌표30":620.353,"Y좌표36":21.5908,"X좌표8":346.336,"X좌표9":335.32,"Y좌표33":85.59,"Y좌표32":134.472,"Y좌표35":25.0316,"Y좌표34":50.4937,"Y좌표31":208.106,"Y좌표30":256.277,"X좌표2":495.737,"X좌표3":470.263,"X좌표1":484.722,"X좌표6":380.072,"X좌표7":360.106,"X좌표4":444.101,"X좌표5":406.923,"Y좌표26":335.934,"Y좌표25":308.407,"Y좌표28":316.665,"Y좌표9":193.259,"Y좌표27":329.052,"Y좌표22":415.072,"Y좌표21":438.47,"Y좌표24":351.073,"Y좌표23":388.234,"Y좌표20":450.857,"X좌표19":439.281,"X좌표18":401.415,"X좌표17":390.399,"X좌표16":369.744,"X좌표15":336.697,"X좌표14":345.647,"X좌표13":333.943,"X좌표12":336.697,"X좌표11":320.862,"Y좌표4":14.3368,"X좌표10":320.862,"Y좌표3":26.7237,"Y좌표2":31.5409,"Y좌표1":18.4658,"Y좌표8":149.217,"Y좌표7":80.4005,"Y좌표29":298.085,"Y좌표6":27.4119,"Y좌표5":6.07883,"Y좌표15":353.601,"Y좌표14":332.268,"Y좌표17":426.083,"Y좌표16":360.483,"Y좌표11":268.957,"Y좌표10":236.614,"Y좌표13":313.0,"Y좌표12":286.849,"X좌표29":625.173,"X좌표28":629.303,"X좌표27":614.845,"X좌표26":591.437,"X좌표25":576.979,"X좌표24":571.471,"X좌표23":565.274,"X좌표22":570.782,"X좌표21":545.308,"X좌표20":494.36,"Y좌표19":466.685,"Y좌표18":463.932}]},"라벨링":{"스타일":[{"스타일":"스포티","서브스타일":"스트리트"}],"아우터":[{}],"하의":[{"기장":"발목","색상":"실버","카테고리":"래깅스","프린트":["무지"],"핏":"스키니"}],"원피스":[{}],"상의":[{"기장":"롱","색상":"그린","서브색상":"레드","카테고리":"탑","디테일":["드롭숄더"],"소매기장":"긴팔","프린트":["레터링"],"넥라인":"라운드넥","핏":"오버사이즈"}]}},"파일 번호":1237958,"파일 이름":"017-284-6,736-31,608---여기까지-PinkSpoon_176_04.jpg"}}