{"이미지 정보":{"이미지 식별자":1237600,"이미지 높이":800,"이미지 파일명":"017-284-6,736-31,608---여기까지-PinkSpoon_159_05.jpg","이미지 너비":800},"데이터셋 정보":{"파일 생성일자":"2020-11-19 16:34:20","데이터셋 상세설명":{"렉트좌표":{"아우터":[{"X좌표":294.096,"Y좌표":6.08495,"가로":326,"세로":733}],"하의":[{}],"원피스":[{}],"상의":[{}]},"폴리곤좌표":{"아우터":[{"X좌표8":348.499,"X좌표9":338.946,"X좌표2":443.34,"X좌표3":421.506,"X좌표1":491.102,"X좌표6":380.567,"X좌표7":368.286,"X좌표4":390.12,"X좌표5":378.52,"Y좌표26":63.8724,"Y좌표25":102.064,"Y좌표28":6.58495,"Y좌표9":417.256,"Y좌표27":27.7267,"Y좌표22":277.336,"Y좌표21":346.217,"Y좌표24":155.941,"Y좌표23":206.409,"Y좌표20":375.505,"X좌표19":615.965,"X좌표18":598.907,"X좌표17":598.225,"X좌표16":551.145,"X좌표15":492.466,"X좌표14":333.488,"X좌표13":294.596,"X좌표12":302.784,"X좌표11":298.69,"Y좌표4":75.7905,"X좌표10":298.69,"Y좌표3":69.6526,"Y좌표2":40.3269,"Y좌표1":11.6832,"Y좌표8":258.565,"Y좌표7":209.461,"Y좌표29":12.0409,"Y좌표6":167.86,"Y좌표5":114.664,"Y좌표15":717.183,"Y좌표14":739.689,"Y좌표17":695.359,"Y좌표16":712.409,"Y좌표11":655.122,"Y좌표10":616.93,"Y좌표13":726.731,"Y좌표12":694.677,"X좌표29":493.149,"X좌표28":517.03,"X좌표27":542.958,"X좌표26":566.839,"X좌표25":581.849,"X좌표24":590.719,"X좌표23":596.178,"X좌표22":613.918,"X좌표21":621.423,"X좌표20":609.142,"Y좌표19":571.237,"Y좌표18":668.761}],"하의":[{}],"원피스":[{}],"상의":[{}]},"라벨링":{"스타일":[{"스타일":"스포티","서브스타일":"스트리트"}],"아우터":[{"기장":"하프","색상":"와인","서브색상":"화이트","카테고리":"짚업","소매기장":"긴팔","소재":["저지"],"프린트":["스트라이프","레터링"],"넥라인":"후드","핏":"루즈"}],"하의":[{}],"원피스":[{}],"상의":[{}]}},"파일 번호":1237600,"파일 이름":"017-284-6,736-31,608---여기까지-PinkSpoon_159_05.jpg"}}