{"이미지 정보":{"이미지 식별자":1237608,"이미지 높이":800,"이미지 파일명":"017-284-6,736-31,608---여기까지-PinkSpoon_159_13.jpg","이미지 너비":800},"데이터셋 정보":{"파일 생성일자":"2020-11-19 16:34:22","데이터셋 상세설명":{"렉트좌표":{"아우터":[{"X좌표":359.126,"Y좌표":-0.952438,"가로":255,"세로":452}],"하의":[{"X좌표":402.516,"Y좌표":270.481,"가로":197,"세로":435}],"원피스":[{}],"상의":[{"X좌표":487.21,"Y좌표":53.8567,"가로":72,"세로":235}]},"폴리곤좌표":{"아우터":[{"Y좌표43":-0.452438,"Y좌표40":49.2183,"Y좌표42":3.82953,"Y좌표41":25.2393,"X좌표39":500.14,"X좌표38":512.992,"X좌표37":533.555,"X좌표36":538.695,"X좌표35":537.839,"X좌표34":532.698,"X좌표33":528.414,"X좌표32":511.278,"X좌표31":500.14,"X좌표30":539.552,"Y좌표37":148.56,"Y좌표36":187.954,"X좌표8":379.332,"Y좌표39":79.1921,"X좌표9":389.613,"Y좌표38":99.7455,"Y좌표33":62.0642,"Y좌표32":41.5108,"Y좌표35":159.693,"Y좌표34":97.1763,"Y좌표31":20.101,"Y좌표30":27.8085,"X좌표2":435.023,"X좌표43":453.873,"X좌표3":403.322,"X좌표42":470.152,"X좌표41":474.436,"X좌표1":452.159,"X좌표40":490.715,"X좌표6":359.626,"X좌표7":369.907,"X좌표4":387.043,"X좌표5":364.766,"Y좌표26":165.688,"Y좌표25":188.81,"Y좌표28":74.9101,"Y좌표9":444.872,"Y좌표27":111.735,"Y좌표22":354.094,"Y좌표21":404.621,"Y좌표24":224.779,"Y좌표23":246.189,"Y좌표20":436.308,"X좌표19":575.538,"X좌표18":552.404,"X좌표17":549.834,"X좌표16":547.263,"X좌표15":540.409,"X좌표14":539.552,"X좌표13":532.698,"X좌표12":516.419,"X좌표11":478.72,"Y좌표4":49.2183,"X좌표10":435.023,"Y좌표3":16.6754,"Y좌표2":21.8138,"Y좌표1":-0.452438,"Y좌표8":404.621,"Y좌표7":357.52,"Y좌표29":31.2341,"Y좌표6":176.821,"Y좌표5":113.448,"Y좌표15":247.045,"Y좌표14":295.859,"Y좌표17":380.642,"Y좌표16":323.264,"Y좌표11":451.723,"Y좌표10":450.866,"Y좌표13":392.632,"Y좌표12":450.866,"X좌표29":561.829,"X좌표28":579.822,"X좌표27":587.533,"X좌표26":585.819,"X좌표25":602.955,"X좌표24":601.241,"X좌표23":590.96,"X좌표22":614.95,"X좌표21":607.239,"X좌표20":602.955,"Y좌표19":450.01,"Y좌표18":434.595}],"하의":[{"X좌표30":530.359,"X좌표8":600.079,"X좌표9":571.805,"Y좌표30":285.54,"X좌표2":556.382,"X좌표3":576.089,"X좌표1":528.108,"X좌표6":593.224,"X좌표7":595.795,"X좌표4":597.508,"X좌표5":587.227,"Y좌표26":445.685,"Y좌표25":496.213,"Y좌표28":438.834,"Y좌표9":702.603,"Y좌표27":430.27,"Y좌표22":689.757,"Y좌표21":706.029,"Y좌표24":551.022,"Y좌표23":627.241,"Y좌표20":700.034,"X좌표19":453.567,"X좌표18":468.132,"X좌표17":475.844,"X좌표16":490.409,"X좌표15":501.547,"X좌표14":516.113,"X좌표13":522.967,"X좌표12":525.538,"X좌표11":537.533,"Y좌표4":421.706,"X좌표10":546.101,"Y좌표3":409.717,"Y좌표2":270.981,"Y좌표1":288.109,"Y좌표8":694.896,"Y좌표7":665.778,"Y좌표29":426.845,"Y좌표6":624.672,"Y좌표5":507.346,"Y좌표15":438.834,"Y좌표14":428.558,"Y좌표17":578.426,"Y좌표16":509.059,"Y좌표11":614.395,"Y좌표10":695.752,"Y좌표13":467.095,"Y좌표12":514.197,"X좌표29":514.399,"X좌표28":499.834,"X좌표27":423.579,"X좌표26":424.436,"X좌표25":422.722,"X좌표24":415.011,"X좌표23":404.73,"X좌표22":403.016,"X좌표21":419.295,"X좌표20":448.426,"Y좌표19":670.917,"Y좌표18":627.241}],"원피스":[{}],"상의":[{"Y좌표9":252.183,"X좌표18":492.851,"X좌표17":487.71,"X좌표16":500.562,"X좌표15":519.411,"X좌표14":532.263,"X좌표13":546.829,"X좌표12":535.691,"X좌표11":528.836,"Y좌표4":54.3567,"X좌표10":560.538,"Y좌표3":68.059,"Y좌표2":76.6229,"Y좌표1":71.4846,"Y좌표8":210.22,"Y좌표7":168.257,"Y좌표6":117.73,"Y좌표5":80.0485,"Y좌표15":137.427,"Y좌표14":187.954,"X좌표8":548.543,"Y좌표17":86.0432,"X좌표9":552.827,"Y좌표16":104.027,"Y좌표11":289.865,"Y좌표10":280.444,"Y좌표13":211.077,"Y좌표12":240.194,"X좌표2":509.987,"X좌표3":527.979,"X좌표1":490.281,"X좌표6":548.543,"X좌표7":551.97,"Y좌표18":70.6282,"X좌표4":539.118,"X좌표5":545.972}]},"라벨링":{"스타일":[{"스타일":"스포티","서브스타일":"스트리트"}],"아우터":[{"기장":"하프","색상":"블랙","서브색상":"화이트","카테고리":"짚업","소매기장":"긴팔","소재":["저지"],"프린트":["스트라이프","레터링"],"넥라인":"후드","핏":"루즈"}],"하의":[{"기장":"발목","색상":"블랙","서브색상":"화이트","카테고리":"래깅스","소재":["저지"],"프린트":["레터링"],"핏":"스키니"}],"원피스":[{}],"상의":[{"기장":"노멀","색상":"화이트","카테고리":"티셔츠","소매기장":"없음","소재":["저지"],"프린트":["무지"],"넥라인":"라운드넥","핏":"노멀"}]}},"파일 번호":1237608,"파일 이름":"017-284-6,736-31,608---여기까지-PinkSpoon_159_13.jpg"}}