{"이미지 정보":{"이미지 식별자":1237614,"이미지 높이":800,"이미지 파일명":"017-284-6,736-31,608---여기까지-PinkSpoon_159_19.jpg","이미지 너비":800},"데이터셋 정보":{"파일 생성일자":"2020-11-19 16:34:24","데이터셋 상세설명":{"렉트좌표":{"아우터":[{"X좌표":156.881,"Y좌표":-0.322495,"가로":318,"세로":458}],"하의":[{"X좌표":257.291,"Y좌표":258.763,"가로":244,"세로":431}],"원피스":[{}],"상의":[{"X좌표":246.997,"Y좌표":55.343,"가로":125,"세로":249}]},"폴리곤좌표":{"아우터":[{"Y좌표40":12.167,"X좌표39":306.788,"X좌표38":315.356,"X좌표37":318.783,"X좌표36":322.211,"X좌표35":358.196,"X좌표34":381.329,"X좌표33":416.458,"X좌표32":449.016,"X좌표31":456.727,"X좌표30":443.875,"Y좌표37":91.8115,"Y좌표36":144.051,"X좌표8":179.657,"Y좌표39":38.7152,"X좌표9":194.223,"Y좌표38":55.843,"Y좌표33":429.23,"Y좌표32":408.677,"Y좌표35":262.234,"Y좌표34":367.57,"Y좌표31":383.841,"Y좌표30":311.904,"X좌표2":205.361,"X좌표3":181.371,"X좌표1":254.198,"X좌표40":300.791,"X좌표6":168.519,"X좌표7":178.801,"X좌표4":170.233,"X좌표5":157.381,"Y좌표26":189.44,"Y좌표25":149.19,"Y좌표28":257.952,"Y좌표9":315.33,"Y좌표27":232.26,"Y좌표22":19.8745,"Y좌표21":0.177505,"Y좌표24":93.5243,"Y좌표23":50.7047,"Y좌표20":11.3106,"X좌표19":254.198,"X좌표18":245.63,"X좌표17":258.482,"X좌표16":273.048,"X좌표15":285.9,"X좌표14":279.902,"X좌표13":271.334,"X좌표12":259.339,"X좌표11":218.213,"Y좌표4":110.652,"X좌표10":201.077,"Y좌표3":63.5506,"Y좌표2":20.7309,"Y좌표1":18.1617,"Y좌표8":293.064,"Y좌표7":260.521,"Y좌표29":269.085,"Y좌표6":222.84,"Y좌표5":192.866,"Y좌표15":251.957,"Y좌표14":328.176,"Y좌표17":83.2476,"Y좌표16":142.339,"Y좌표11":451.496,"Y좌표10":424.948,"Y좌표13":418.953,"Y좌표12":458.348,"X좌표29":434.451,"X좌표28":462.725,"X좌표27":470.11,"X좌표26":476.108,"X좌표25":467.54,"X좌표24":427.271,"X좌표23":405.851,"X좌표22":363.868,"X좌표21":327.026,"X좌표20":298.752,"Y좌표19":16.449,"Y좌표18":45.5663}],"하의":[{"X좌표8":471.132,"X좌표9":478.844,"X좌표2":328.905,"X좌표3":364.033,"X좌표1":279.211,"X좌표6":435.147,"X좌표7":450.569,"X좌표4":391.451,"X좌표5":419.725,"Y좌표26":450.239,"Y좌표25":535.878,"Y좌표28":358.605,"Y좌표9":575.272,"Y좌표27":408.276,"Y좌표22":683.178,"Y좌표21":654.06,"Y좌표24":686.603,"Y좌표23":690.885,"Y좌표20":616.379,"X좌표19":342.613,"X좌표18":339.186,"X좌표17":334.902,"X좌표16":334.045,"X좌표15":351.181,"X좌표14":376.028,"X좌표13":431.72,"X좌표12":457.424,"X좌표11":501.977,"Y좌표4":357.749,"X좌표10":485.698,"Y좌표3":259.263,"Y좌표2":261.833,"Y좌표1":285.812,"Y좌표8":540.16,"Y좌표7":481.925,"Y좌표29":287.524,"Y좌표6":389.435,"Y좌표5":403.994,"Y좌표15":386.009,"Y좌표14":451.095,"Y좌표17":421.122,"Y좌표16":350.041,"Y좌표11":664.337,"Y좌표10":614.666,"Y좌표13":596.682,"Y좌표12":680.609,"X좌표29":282.638,"X좌표28":264.645,"X좌표27":257.791,"X좌표26":267.216,"X좌표25":277.497,"X좌표24":294.633,"X좌표23":310.055,"X좌표22":343.47,"X좌표21":345.184,"X좌표20":336.616,"Y좌표19":574.416,"Y좌표18":507.617}],"원피스":[{}],"상의":[{"Y좌표9":283.643,"X좌표14":247.497,"X좌표13":248.354,"X좌표12":259.492,"X좌표11":271.487,"Y좌표4":55.843,"X좌표10":268.917,"Y좌표3":72.1145,"Y좌표2":75.5401,"Y좌표1":71.2581,"Y좌표8":261.377,"Y좌표7":206.568,"Y좌표6":167.174,"Y좌표5":84.9604,"Y좌표14":68.6889,"X좌표8":372.589,"X좌표9":316.897,"Y좌표11":224.552,"Y좌표10":305.053,"Y좌표13":96.0935,"Y좌표12":143.195,"X좌표2":279.198,"X좌표3":299.761,"X좌표1":247.497,"X좌표6":338.317,"X좌표7":356.31,"X좌표4":324.608,"X좌표5":334.033}]},"라벨링":{"스타일":[{"스타일":"스포티","서브스타일":"스트리트"}],"아우터":[{"기장":"하프","색상":"블랙","서브색상":"화이트","카테고리":"짚업","소매기장":"긴팔","소재":["저지"],"프린트":["스트라이프","레터링"],"넥라인":"후드","핏":"루즈"}],"하의":[{"기장":"발목","색상":"블랙","서브색상":"화이트","카테고리":"래깅스","소재":["저지"],"프린트":["레터링"],"핏":"스키니"}],"원피스":[{}],"상의":[{"기장":"노멀","색상":"화이트","카테고리":"티셔츠","소매기장":"없음","소재":["저지"],"프린트":["무지"],"넥라인":"라운드넥","핏":"노멀"}]}},"파일 번호":1237614,"파일 이름":"017-284-6,736-31,608---여기까지-PinkSpoon_159_19.jpg"}}