{"이미지 정보":{"이미지 식별자":1237612,"이미지 높이":800,"이미지 파일명":"017-284-6,736-31,608---여기까지-PinkSpoon_159_17.jpg","이미지 너비":800},"데이터셋 정보":{"파일 생성일자":"2020-11-19 16:34:24","데이터셋 상세설명":{"렉트좌표":{"아우터":[{"X좌표":257.812,"Y좌표":2.48889,"가로":282,"세로":450}],"하의":[{"X좌표":250.123,"Y좌표":418.627,"가로":209,"세로":298}],"원피스":[{}],"상의":[{}]},"폴리곤좌표":{"아우터":[{"X좌표8":258.312,"X좌표9":266.023,"X좌표2":371.409,"X좌표3":347.419,"X좌표1":462.229,"X좌표6":304.579,"X좌표7":288.3,"X좌표4":317.431,"X좌표5":302.009,"Y좌표26":2.98889,"Y좌표25":44.9218,"Y좌표9":279.987,"Y좌표22":207.636,"Y좌표21":249.6,"Y좌표24":62.906,"Y좌표23":104.869,"Y좌표20":282.999,"X좌표19":514.494,"X좌표18":501.642,"X좌표17":499.928,"X좌표16":429.671,"X좌표15":367.125,"X좌표14":308.863,"X좌표13":278.019,"X좌표12":266.88,"X좌표11":276.305,"Y좌표4":78.735,"X좌표10":289.157,"Y좌표3":41.0537,"Y좌표2":16.2183,"Y좌표1":5.08524,"Y좌표8":248.301,"Y좌표7":209.763,"Y좌표6":185.784,"Y좌표5":121.555,"Y좌표15":449.139,"Y좌표14":448.283,"Y좌표17":436.293,"Y좌표16":453.421,"Y좌표11":357.063,"Y좌표10":291.977,"Y좌표13":429.0,"Y좌표12":396.457,"X좌표26":461.372,"X좌표25":479.365,"X좌표24":501.642,"X좌표23":517.064,"X좌표22":541.054,"X좌표21":535.914,"X좌표20":511.923,"Y좌표19":328.388,"Y좌표18":400.325}],"하의":[{"X좌표8":441.688,"X좌표9":440.831,"X좌표2":400.562,"X좌표3":459.681,"X좌표1":289.179,"X좌표6":444.259,"X좌표7":451.113,"X좌표4":451.113,"X좌표5":445.972,"Y좌표26":490.207,"Y좌표25":531.314,"Y좌표28":419.127,"Y좌표9":705.162,"Y좌표27":457.664,"Y좌표22":708.588,"Y좌표21":675.188,"Y좌표24":635.794,"Y좌표23":695.742,"Y좌표20":645.214,"X좌표19":329.448,"X좌표18":337.159,"X좌표17":354.295,"X좌표16":377.429,"X좌표15":377.429,"X좌표14":379.999,"X좌표13":385.14,"X좌표12":391.994,"X좌표11":388.567,"Y좌표4":484.213,"X좌표10":418.555,"Y좌표3":429.404,"Y좌표2":427.691,"Y좌표1":419.127,"Y좌표8":670.05,"Y좌표7":621.235,"Y좌표6":563.857,"Y좌표5":530.458,"Y좌표15":462.803,"Y좌표14":501.341,"Y좌표17":496.202,"Y좌표16":431.116,"Y좌표11":711.157,"Y좌표10":717.151,"Y좌표13":550.155,"Y좌표12":612.672,"X좌표28":285.752,"X좌표27":278.897,"X좌표26":275.47,"X좌표25":271.186,"X좌표24":254.907,"X좌표23":250.623,"X좌표22":293.463,"X좌표21":300.317,"X좌표20":307.172,"Y좌표19":604.964,"Y좌표18":535.596}],"원피스":[{}],"상의":[{}]},"라벨링":{"스타일":[{"스타일":"스포티","서브스타일":"스트리트"}],"아우터":[{"기장":"하프","색상":"블랙","서브색상":"화이트","카테고리":"짚업","소매기장":"긴팔","소재":["저지"],"프린트":["스트라이프","레터링"],"넥라인":"후드","핏":"루즈"}],"하의":[{"기장":"발목","색상":"블랙","서브색상":"화이트","카테고리":"래깅스","소재":["저지"],"프린트":["레터링"],"핏":"스키니"}],"원피스":[{}],"상의":[{}]}},"파일 번호":1237612,"파일 이름":"017-284-6,736-31,608---여기까지-PinkSpoon_159_17.jpg"}}