{"이미지 정보":{"이미지 식별자":1237965,"이미지 높이":800,"이미지 파일명":"017-284-6,736-31,608---여기까지-PinkSpoon_176_11.jpg","이미지 너비":800},"데이터셋 정보":{"파일 생성일자":"2020-11-19 16:36:31","데이터셋 상세설명":{"렉트좌표":{"아우터":[{}],"하의":[{"X좌표":345.048,"Y좌표":389.639,"가로":213,"세로":299}],"원피스":[{}],"상의":[{"X좌표":242.791,"Y좌표":-5.84077,"가로":337,"세로":469}]},"폴리곤좌표":{"아우터":[{}],"하의":[{"X좌표31":346.925,"X좌표30":348.302,"X좌표8":547.274,"X좌표9":550.717,"Y좌표31":457.579,"Y좌표30":475.471,"X좌표2":402.004,"X좌표3":452.952,"X좌표1":345.548,"X좌표6":528.685,"X좌표7":533.505,"X좌표4":487.376,"X좌표5":517.669,"Y좌표26":615.856,"Y좌표25":677.791,"Y좌표28":543.599,"Y좌표9":615.856,"Y좌표27":570.437,"Y좌표22":602.781,"Y좌표21":559.427,"Y좌표24":666.092,"Y좌표23":638.565,"Y좌표20":507.126,"X좌표19":414.397,"X좌표18":406.135,"X좌표17":443.313,"X좌표16":458.46,"X좌표15":483.245,"X좌표14":488.753,"X좌표13":516.292,"X좌표12":539.701,"X좌표11":558.979,"Y좌표4":411.472,"X좌표10":558.29,"Y좌표3":422.482,"Y좌표2":444.503,"Y좌표1":454.826,"Y좌표8":581.448,"Y좌표7":517.449,"Y좌표29":495.427,"Y좌표6":425.235,"Y좌표5":390.139,"Y좌표15":540.158,"Y좌표14":591.77,"Y좌표17":430.74,"Y좌표16":469.277,"Y좌표11":680.543,"Y좌표10":657.146,"Y좌표13":688.801,"Y좌표12":689.49,"X좌표29":345.548,"X좌표28":346.237,"X좌표27":353.121,"X좌표26":366.203,"X좌표25":382.038,"X좌표24":403.381,"X좌표23":400.627,"X좌표22":401.315,"X좌표21":405.446,"X좌표20":406.135,"Y좌표19":472.718,"Y좌표18":443.127}],"원피스":[{}],"상의":[{"X좌표34":419.169,"X좌표33":434.315,"X좌표32":468.051,"X좌표31":460.478,"X좌표30":445.331,"X좌표8":249.487,"X좌표9":243.291,"Y좌표33":28.3792,"Y좌표32":31.82,"Y좌표34":25.6266,"Y좌표31":22.8739,"Y좌표30":0.164536,"X좌표2":397.512,"X좌표3":374.103,"X좌표1":417.478,"X좌표6":295.616,"X좌표7":271.519,"X좌표4":357.58,"X좌표5":333.483,"Y좌표26":102.709,"Y좌표25":128.859,"Y좌표28":11.1752,"Y좌표9":233.882,"Y좌표27":34.5727,"Y좌표22":356.641,"Y좌표21":382.792,"Y좌표24":163.956,"Y좌표23":200.428,"Y좌표20":405.501,"X좌표19":477.69,"X좌표18":428.119,"X좌표17":354.451,"X좌표16":327.286,"X좌표15":296.993,"X좌표14":308.009,"X좌표13":274.961,"X좌표12":270.142,"X좌표11":258.438,"Y좌표4":21.9278,"X좌표10":243.979,"Y좌표3":44.6372,"Y좌표2":43.949,"Y좌표1":25.3686,"Y좌표8":180.894,"Y좌표7":102.443,"Y좌표29":-5.34077,"Y좌표6":36.3792,"Y좌표5":15.7343,"Y좌표15":397.931,"Y좌표14":382.525,"Y좌표17":463.995,"Y좌표16":455.737,"Y좌표11":309.58,"Y좌표10":281.365,"Y좌표13":366.009,"Y좌표12":337.795,"X좌표29":524.507,"X좌표28":534.834,"X좌표27":559.62,"X좌표26":580.963,"X좌표25":567.193,"X좌표24":536.211,"X좌표23":524.507,"X좌표22":538.965,"X좌표21":538.965,"X좌표20":522.442,"Y좌표19":435.092,"Y좌표18":446.103}]},"라벨링":{"스타일":[{"스타일":"스포티","서브스타일":"스트리트"}],"아우터":[{}],"하의":[{"기장":"발목","색상":"실버","카테고리":"래깅스","프린트":["무지"],"핏":"스키니"}],"원피스":[{}],"상의":[{"기장":"롱","색상":"그린","서브색상":"레드","카테고리":"탑","디테일":["드롭숄더"],"소매기장":"긴팔","프린트":["레터링"],"넥라인":"라운드넥","핏":"오버사이즈"}]}},"파일 번호":1237965,"파일 이름":"017-284-6,736-31,608---여기까지-PinkSpoon_176_11.jpg"}}