{"이미지 정보":{"이미지 식별자":1237735,"이미지 높이":800,"이미지 파일명":"017-284-6,736-31,608---여기까지-PinkSpoon_165_05.jpg","이미지 너비":800},"데이터셋 정보":{"파일 생성일자":"2020-11-19 16:35:10","데이터셋 상세설명":{"렉트좌표":{"아우터":[{}],"하의":[{"X좌표":292.984,"Y좌표":316.758,"가로":192,"세로":369}],"원피스":[{}],"상의":[{"X좌표":239.619,"Y좌표":-3.24216,"가로":317,"세로":416}]},"폴리곤좌표":{"아우터":[{}],"하의":[{"X좌표30":320.536,"X좌표8":447.529,"X좌표9":437.009,"Y좌표30":317.258,"X좌표2":388.917,"X좌표3":437.76,"X좌표1":319.033,"X좌표6":465.563,"X좌표7":457.298,"X좌표4":464.812,"X좌표5":485.852,"Y좌표26":609.43,"Y좌표25":682.286,"Y좌표28":405.886,"Y좌표9":616.19,"Y좌표27":503.527,"Y좌표22":655.246,"Y좌표21":616.941,"Y좌표24":686.792,"Y좌표23":680.032,"Y좌표20":550.094,"X좌표19":368.628,"X좌표18":384.408,"X좌표17":400.94,"X좌표16":400.188,"X좌표15":394.177,"X좌표14":385.16,"X좌표13":370.882,"X좌표12":389.668,"X좌표11":417.471,"Y좌표4":384.104,"X좌표10":425.737,"Y좌표3":362.323,"Y좌표2":332.28,"Y좌표1":317.258,"Y좌표8":580.889,"Y좌표7":531.317,"Y좌표29":362.323,"Y좌표6":466.724,"Y좌표5":398.375,"Y좌표15":511.038,"Y좌표14":598.915,"Y좌표17":390.113,"Y좌표16":466.724,"Y좌표11":677.028,"Y좌표10":658.251,"Y좌표13":668.015,"Y좌표12":672.521,"X좌표29":320.536,"X좌표28":310.016,"X좌표27":293.484,"X좌표26":310.016,"X좌표25":328.802,"X좌표24":350.594,"X좌표23":376.142,"X좌표22":373.137,"X좌표21":366.374,"X좌표20":360.362,"Y좌표19":511.038,"Y좌표18":456.209}],"원피스":[{}],"상의":[{"Y좌표9":290.932,"Y좌표22":52.8382,"Y좌표21":85.1349,"Y좌표24":26.5502,"Y좌표23":47.5806,"Y좌표20":146.724,"X좌표19":541.581,"X좌표18":558.112,"X좌표17":544.452,"X좌표16":527.169,"X좌표15":501.62,"X좌표14":505.377,"X좌표13":487.342,"X좌표12":459.539,"X좌표11":413.701,"Y좌표4":-2.74216,"X좌표10":342.315,"Y좌표3":22.7948,"Y좌표2":42.323,"Y좌표1":25.7991,"Y좌표8":252.627,"Y좌표7":155.737,"Y좌표6":66.3577,"Y좌표5":-1.99106,"Y좌표15":395.333,"Y좌표14":369.796,"X좌표8":293.471,"Y좌표17":383.316,"X좌표9":297.229,"Y좌표16":413.359,"Y좌표11":333.744,"Y좌표10":310.461,"Y좌표13":383.316,"Y좌표12":365.29,"X좌표24":451.408,"X좌표23":469.443,"X좌표22":491.986,"X좌표2":412.199,"X좌표21":517.535,"X좌표3":406.939,"X좌표20":528.806,"X좌표1":449.019,"X좌표6":255.148,"Y좌표19":245.116,"X좌표7":271.68,"Y좌표18":366.041,"X좌표4":413.701,"X좌표5":240.119}]},"라벨링":{"스타일":[{"스타일":"스포티","서브스타일":"스트리트"}],"아우터":[{}],"하의":[{"기장":"발목","색상":"블랙","카테고리":"래깅스","소재":["스판덱스"],"프린트":["무지"],"핏":"스키니"}],"원피스":[{}],"상의":[{"기장":"노멀","색상":"레드","서브색상":"블랙","카테고리":"후드티","소매기장":"긴팔","소재":["저지"],"프린트":["레터링"],"넥라인":"후드","핏":"루즈"}]}},"파일 번호":1237735,"파일 이름":"017-284-6,736-31,608---여기까지-PinkSpoon_165_05.jpg"}}