{"이미지 정보":{"이미지 식별자":1237664,"이미지 높이":800,"이미지 파일명":"017-284-6,736-31,608---여기까지-PinkSpoon_162_02.jpg","이미지 너비":800},"데이터셋 정보":{"파일 생성일자":"2020-11-19 16:34:42","데이터셋 상세설명":{"렉트좌표":{"아우터":[{}],"하의":[{"X좌표":278.555,"Y좌표":271.772,"가로":274,"세로":432}],"원피스":[{}],"상의":[{"X좌표":241.426,"Y좌표":3.80772,"가로":341,"세로":306}]},"폴리곤좌표":{"아우터":[{}],"하의":[{"Y좌표9":519.62,"Y좌표22":469.249,"Y좌표21":488.38,"Y좌표24":289.545,"Y좌표23":321.66,"Y좌표20":485.647,"X좌표19":362.455,"X좌표18":341.263,"X좌표17":333.743,"X좌표16":332.376,"X좌표15":335.794,"X좌표14":350.834,"X좌표13":373.392,"X좌표12":408.94,"X좌표11":410.99,"Y좌표4":275.006,"X좌표10":401.42,"Y좌표3":272.272,"Y좌표2":277.055,"Y좌표1":289.354,"Y좌표8":491.606,"Y좌표7":456.758,"Y좌표6":415.762,"Y좌표5":345.384,"Y좌표15":674.233,"Y좌표14":698.148,"X좌표8":540.875,"Y좌표17":558.758,"X좌표9":496.441,"Y좌표16":627.087,"Y좌표11":660.567,"Y좌표10":563.35,"Y좌표13":704.297,"Y좌표12":685.849,"X좌표24":279.739,"X좌표23":286.575,"X좌표22":302.298,"X좌표2":351.517,"X좌표21":316.653,"X좌표3":406.205,"X좌표20":349.466,"X좌표1":279.055,"X좌표6":544.976,"Y좌표19":517.762,"X좌표7":553.18,"Y좌표18":532.794,"X좌표4":477.983,"X좌표5":512.847}],"원피스":[{}],"상의":[{"Y좌표40":5.65663,"Y좌표41":4.97335,"X좌표39":493.491,"X좌표38":531.773,"X좌표37":563.902,"X좌표36":581.676,"X좌표35":583.727,"X좌표34":561.168,"X좌표33":539.976,"X좌표32":516.734,"X좌표31":493.491,"X좌표30":464.097,"Y좌표37":69.8851,"Y좌표36":102.683,"X좌표8":241.926,"Y좌표39":20.0055,"X좌표9":250.129,"Y좌표38":56.9028,"Y좌표33":163.495,"Y좌표32":134.797,"Y좌표35":134.114,"Y좌표34":148.463,"Y좌표31":149.146,"Y좌표30":172.377,"X좌표2":379.33,"X좌표3":349.252,"X좌표41":413.104,"X좌표1":413.51,"X좌표40":468.506,"X좌표6":269.954,"X좌표7":248.078,"X좌표4":329.427,"X좌표5":295.247,"Y좌표26":216.791,"Y좌표25":179.21,"Y좌표28":227.723,"Y좌표9":151.897,"Y좌표27":235.923,"Y좌표22":173.557,"Y좌표21":221.387,"Y좌표24":160.762,"Y좌표23":161.445,"Y좌표20":258.284,"X좌표19":479.136,"X좌표18":435.385,"X좌표17":369.076,"X좌표16":310.97,"X좌표15":276.79,"X좌표14":261.067,"X좌표13":280.891,"X좌표12":276.79,"X좌표11":252.864,"Y좌표4":5.67429,"X좌표10":248.762,"Y좌표3":26.1727,"Y좌표2":23.4396,"Y좌표1":4.30772,"Y좌표8":126.615,"Y좌표7":76.0523,"Y좌표29":198.342,"Y좌표6":28.9059,"Y좌표5":15.9235,"Y좌표15":310.418,"Y좌표14":283.77,"Y좌표17":283.565,"Y좌표16":300.647,"Y좌표11":220.908,"Y좌표10":187.427,"Y좌표13":246.873,"Y좌표12":220.908,"X좌표29":438.12,"X좌표28":437.436,"X좌표27":455.893,"X좌표26":452.475,"X좌표25":469.565,"X좌표24":501.011,"X좌표23":524.254,"X좌표22":522.886,"X좌표21":509.214,"X좌표20":494.175,"Y좌표19":286.982,"Y좌표18":276.732}]},"라벨링":{"스타일":[{"스타일":"스포티","서브스타일":"스트리트"}],"아우터":[{}],"하의":[{"기장":"발목","색상":"네이비","서브색상":"옐로우","카테고리":"팬츠","소재":["저지"],"프린트":["레터링"],"핏":"노멀"}],"원피스":[{}],"상의":[{"기장":"노멀","색상":"네이비","서브색상":"옐로우","카테고리":"탑","소매기장":"긴팔","소재":["저지"],"프린트":["레터링"],"넥라인":"라운드넥","핏":"루즈"}]}},"파일 번호":1237664,"파일 이름":"017-284-6,736-31,608---여기까지-PinkSpoon_162_02.jpg"}}