{"이미지 정보":{"이미지 식별자":1238147,"이미지 높이":800,"이미지 파일명":"017-284-6,736-31,608---여기까지-PinkSpoon_185_08.jpg","이미지 너비":800},"데이터셋 정보":{"파일 생성일자":"2020-11-19 16:37:36","데이터셋 상세설명":{"렉트좌표":{"아우터":[{"X좌표":424.5,"Y좌표":9.05556,"가로":204,"세로":464}],"하의":[{"X좌표":443.5,"Y좌표":409.056,"가로":144,"세로":300}],"원피스":[{}],"상의":[{"X좌표":443.5,"Y좌표":43.0556,"가로":55,"세로":303}]},"폴리곤좌표":{"아우터":[{"Y좌표44":26.5556,"Y좌표43":9.55556,"Y좌표45":27.5556,"Y좌표40":26.5556,"Y좌표42":11.5556,"Y좌표41":10.5556,"X좌표39":596.0,"X좌표38":603.0,"X좌표37":629.0,"X좌표36":610.0,"X좌표35":614.0,"X좌표34":610.0,"X좌표33":601.0,"X좌표32":604.0,"X좌표31":596.0,"X좌표30":554.0,"Y좌표37":194.556,"Y좌표36":283.556,"X좌표8":435.0,"Y좌표39":49.5556,"X좌표9":438.0,"Y좌표38":105.556,"Y좌표33":400.556,"Y좌표32":419.556,"Y좌표35":348.556,"Y좌표34":390.556,"Y좌표31":428.556,"Y좌표30":446.556,"X좌표45":476.0,"X좌표44":503.0,"X좌표2":435.0,"X좌표43":515.0,"X좌표3":431.0,"X좌표42":532.0,"X좌표41":578.0,"X좌표1":476.0,"X좌표40":582.0,"X좌표6":425.0,"X좌표7":433.0,"X좌표4":434.0,"X좌표5":425.0,"Y좌표26":435.556,"Y좌표25":401.556,"Y좌표28":473.556,"Y좌표9":422.556,"Y좌표27":456.556,"Y좌표22":176.556,"Y좌표21":106.556,"Y좌표24":346.556,"Y좌표23":294.556,"Y좌표20":46.5556,"X좌표19":476.0,"X좌표18":454.0,"X좌표17":445.0,"X좌표16":444.0,"X좌표15":458.0,"X좌표14":466.0,"X좌표13":468.0,"X좌표12":449.0,"X좌표11":449.0,"Y좌표4":161.556,"X좌표10":439.0,"Y좌표3":98.5556,"Y좌표2":68.5556,"Y좌표1":30.5556,"Y좌표8":410.556,"Y좌표7":393.556,"Y좌표29":473.556,"Y좌표6":377.556,"Y좌표5":271.556,"Y좌표15":281.556,"Y좌표14":367.556,"Y좌표17":127.556,"Y좌표16":192.556,"Y좌표11":442.556,"Y좌표10":441.556,"Y좌표13":412.556,"Y좌표12":428.556,"X좌표29":509.0,"X좌표28":491.0,"X좌표27":488.0,"X좌표26":483.0,"X좌표25":472.0,"X좌표24":475.0,"X좌표23":479.0,"X좌표22":483.0,"X좌표21":493.0,"X좌표20":495.0,"Y좌표19":49.5556,"Y좌표18":81.5556}],"하의":[{"X좌표8":480.0,"X좌표9":495.0,"X좌표2":452.0,"X좌표3":444.0,"X좌표1":471.0,"X좌표6":454.0,"X좌표7":448.0,"X좌표4":452.0,"X좌표5":452.0,"Y좌표26":410.556,"Y좌표25":473.556,"Y좌표9":697.556,"Y좌표22":497.556,"Y좌표21":539.556,"Y좌표24":441.556,"Y좌표23":469.556,"Y좌표20":609.556,"X좌표19":588.0,"X좌표18":575.0,"X좌표17":552.0,"X좌표16":544.0,"X좌표15":532.0,"X좌표14":504.0,"X좌표13":501.0,"X좌표12":510.0,"X좌표11":505.0,"Y좌표4":527.556,"X좌표10":495.0,"Y좌표3":482.556,"Y좌표2":450.556,"Y좌표1":409.556,"Y좌표8":709.556,"Y좌표7":697.556,"Y좌표6":659.556,"Y좌표5":601.556,"Y좌표15":577.556,"Y좌표14":490.556,"Y좌표17":658.556,"Y좌표16":623.556,"Y좌표11":592.556,"Y좌표10":655.556,"Y좌표13":508.556,"Y좌표12":540.556,"X좌표26":474.0,"X좌표25":493.0,"X좌표24":551.0,"X좌표23":552.0,"X좌표22":560.0,"X좌표21":575.0,"X좌표20":583.0,"Y좌표19":646.556,"Y좌표18":655.556}],"원피스":[{}],"상의":[{"Y좌표9":107.556,"X좌표13":470.0,"X좌표12":485.0,"X좌표11":499.0,"Y좌표4":250.556,"X좌표10":491.0,"Y좌표3":142.556,"Y좌표2":113.556,"Y좌표1":57.5556,"Y좌표8":165.556,"Y좌표7":234.556,"Y좌표6":311.556,"Y좌표5":346.556,"X좌표8":484.0,"X좌표9":491.0,"Y좌표11":43.5556,"Y좌표10":70.5556,"Y좌표13":57.5556,"Y좌표12":53.5556,"X좌표2":450.0,"X좌표3":444.0,"X좌표1":469.0,"X좌표6":475.0,"X좌표7":478.0,"X좌표4":450.0,"X좌표5":471.0}]},"라벨링":{"스타일":[{"스타일":"스포티","서브스타일":"스트리트"}],"아우터":[{"기장":"하프","색상":"블랙","서브색상":"화이트","카테고리":"짚업","디테일":["자수"],"소매기장":"긴팔","프린트":["무지"],"넥라인":"후드","핏":"루즈"}],"하의":[{"기장":"발목","색상":"블랙","서브색상":"화이트","카테고리":"래깅스","프린트":["무지"],"핏":"스키니"}],"원피스":[{}],"상의":[{"기장":"롱","색상":"블랙","서브색상":"화이트","카테고리":"탑","디테일":["자수"],"소매기장":"없음","프린트":["무지"],"넥라인":"라운드넥","핏":"루즈"}]}},"파일 번호":1238147,"파일 이름":"017-284-6,736-31,608---여기까지-PinkSpoon_185_08.jpg"}}