{"이미지 정보":{"이미지 식별자":1237733,"이미지 높이":800,"이미지 파일명":"017-284-6,736-31,608---여기까지-PinkSpoon_165_02.jpg","이미지 너비":800},"데이터셋 정보":{"파일 생성일자":"2020-11-19 16:35:09","데이터셋 상세설명":{"렉트좌표":{"아우터":[{}],"하의":[{"X좌표":310.69,"Y좌표":369.825,"가로":135,"세로":318}],"원피스":[{}],"상의":[{"X좌표":237.887,"Y좌표":5.02848,"가로":304,"세로":379}]},"폴리곤좌표":{"아우터":[{}],"하의":[{"Y좌표9":581.38,"Y좌표21":370.325,"Y좌표20":410.132,"X좌표19":317.953,"X좌표18":329.976,"X좌표17":349.513,"X좌표16":351.016,"X좌표15":347.259,"X좌표14":338.241,"X좌표13":360.785,"X좌표12":390.842,"X좌표11":396.854,"Y좌표4":391.355,"X좌표10":405.119,"Y좌표3":386.098,"Y좌표2":379.338,"Y좌표1":371.827,"Y좌표8":555.092,"Y좌표7":513.031,"Y좌표6":471.721,"Y좌표5":430.412,"Y좌표15":632.454,"Y좌표14":686.532,"X좌표8":423.905,"Y좌표17":518.289,"X좌표9":425.408,"Y좌표16":558.096,"Y좌표11":654.235,"Y좌표10":615.93,"Y좌표13":688.785,"Y좌표12":685.781,"X좌표2":366.796,"X좌표21":314.195,"X좌표3":405.871,"X좌표20":311.19,"X좌표1":312.693,"X좌표6":420.9,"Y좌표19":443.18,"X좌표7":414.137,"Y좌표18":483.739,"X좌표4":446.448,"X좌표5":433.674}],"원피스":[{}],"상의":[{"Y좌표40":31.0654,"Y좌표42":16.0437,"Y좌표41":7.78173,"X좌표39":466.072,"X좌표38":494.627,"X좌표37":508.904,"X좌표36":511.158,"X좌표35":533.701,"X좌표34":542.719,"X좌표33":526.187,"X좌표32":511.158,"X좌표31":487.864,"X좌표30":469.829,"Y좌표37":92.6544,"Y좌표36":156.497,"X좌표8":250.41,"Y좌표39":33.3186,"X좌표9":257.172,"Y좌표38":50.5936,"Y좌표33":347.272,"Y좌표32":375.814,"Y좌표35":284.181,"Y좌표34":334.504,"Y좌표31":380.32,"Y좌표30":363.045,"X좌표2":384.917,"X좌표3":373.645,"X좌표42":399.946,"X좌표41":408.963,"X좌표1":400.697,"X좌표40":427.749,"X좌표6":300.004,"X좌표7":278.213,"X좌표4":348.096,"X좌표5":324.802,"Y좌표26":368.303,"Y좌표25":362.294,"Y좌표28":377.316,"Y좌표9":49.0914,"Y좌표27":372.809,"Y좌표22":278.173,"Y좌표21":207.571,"Y좌표24":348.024,"Y좌표23":320.984,"Y좌표20":200.06,"X좌표19":254.167,"X좌표18":242.144,"X좌표17":238.387,"X좌표16":238.387,"X좌표15":256.421,"X좌표14":277.461,"X좌표13":290.236,"X좌표12":302.259,"X좌표11":307.519,"Y좌표4":20.5502,"X좌표10":278.964,"Y좌표3":5.52848,"Y좌표2":39.3273,"Y좌표1":16.0437,"Y좌표8":28.8121,"Y좌표7":24.3056,"Y좌표29":384.827,"Y좌표6":32.5676,"Y좌표5":35.5719,"Y좌표15":71.624,"Y좌표14":64.8642,"Y좌표17":108.427,"Y좌표16":82.1392,"Y좌표11":58.1045,"Y좌표10":48.3404,"Y좌표13":85.1436,"Y좌표12":76.8816,"X좌표29":460.812,"X좌표28":434.512,"X좌표27":402.2,"X좌표26":339.831,"X좌표25":307.519,"X좌표24":292.49,"X좌표23":281.219,"X좌표22":279.716,"X좌표21":291.739,"X좌표20":274.456,"Y좌표19":180.531,"Y좌표18":144.479}]},"라벨링":{"스타일":[{"스타일":"스포티","서브스타일":"스트리트"}],"아우터":[{}],"하의":[{"기장":"발목","색상":"블랙","카테고리":"래깅스","소재":["스판덱스"],"프린트":["무지"],"핏":"스키니"}],"원피스":[{}],"상의":[{"기장":"노멀","색상":"레드","서브색상":"블랙","카테고리":"후드티","소매기장":"긴팔","소재":["저지"],"프린트":["레터링"],"넥라인":"후드","핏":"루즈"}]}},"파일 번호":1237733,"파일 이름":"017-284-6,736-31,608---여기까지-PinkSpoon_165_02.jpg"}}