{"이미지 정보":{"이미지 식별자":1240711,"이미지 높이":800,"이미지 파일명":"018-285-4,257-35,865-Hanna_332_07.jpg","이미지 너비":800},"데이터셋 정보":{"파일 생성일자":"2020-11-19 16:49:47","데이터셋 상세설명":{"렉트좌표":{"아우터":[{}],"하의":[{}],"원피스":[{"X좌표":263.295,"Y좌표":8.50694,"가로":288,"세로":739}],"상의":[{}]},"폴리곤좌표":{"아우터":[{}],"하의":[{}],"원피스":[{"X좌표8":552.795,"X좌표9":536.795,"X좌표2":378.795,"X좌표3":403.795,"X좌표1":337.795,"X좌표6":508.795,"X좌표7":530.795,"X좌표4":449.795,"X좌표5":466.795,"Y좌표26":129.007,"Y좌표25":156.007,"Y좌표28":29.0069,"Y좌표9":171.007,"Y좌표27":77.0069,"Y좌표22":714.007,"Y좌표21":737.007,"Y좌표24":249.007,"Y좌표23":338.007,"Y좌표20":749.007,"X좌표19":449.795,"X좌표18":479.795,"X좌표17":478.795,"X좌표16":497.795,"X좌표15":480.795,"X좌표14":500.795,"X좌표13":515.795,"X좌표12":518.795,"X좌표11":505.795,"Y좌표4":9.00694,"X좌표10":540.795,"Y좌표3":64.0069,"Y좌표2":43.0069,"Y좌표1":19.0069,"Y좌표8":160.007,"Y좌표7":63.0069,"Y좌표29":19.0069,"Y좌표6":20.0069,"Y좌표5":18.0069,"Y좌표15":570.007,"Y좌표14":493.007,"Y좌표17":698.007,"Y좌표16":692.007,"Y좌표11":271.007,"Y좌표10":260.007,"Y좌표13":393.007,"Y좌표12":338.007,"X좌표29":337.795,"X좌표28":295.795,"X좌표27":286.795,"X좌표26":263.795,"X좌표25":269.795,"X좌표24":285.795,"X좌표23":284.795,"X좌표22":280.795,"X좌표21":298.795,"X좌표20":389.795,"Y좌표19":744.007,"Y좌표18":729.007}],"상의":[{}]},"라벨링":{"스타일":[{"스타일":"컨트리","서브스타일":"리조트"}],"아우터":[{}],"하의":[{}],"원피스":[{"기장":"발목","색상":"와인","서브색상":"핑크","카테고리":"드레스","디테일":["단추","드롭숄더"],"소매기장":"7부소매","소재":["저지"],"프린트":["무지"],"넥라인":"브이넥","핏":"루즈"}],"상의":[{}]}},"파일 번호":1240711,"파일 이름":"018-285-4,257-35,865-Hanna_332_07.jpg"}}