{"이미지 정보":{"이미지 식별자":1240708,"이미지 높이":800,"이미지 파일명":"018-285-4,257-35,865-Hanna_332_04.jpg","이미지 너비":800},"데이터셋 정보":{"파일 생성일자":"2020-11-19 16:49:46","데이터셋 상세설명":{"렉트좌표":{"아우터":[{}],"하의":[{}],"원피스":[{"X좌표":335.295,"Y좌표":5.50694,"가로":241,"세로":786}],"상의":[{}]},"폴리곤좌표":{"아우터":[{}],"하의":[{}],"원피스":[{"X좌표8":572.795,"X좌표9":577.795,"X좌표2":379.795,"X좌표3":458.795,"X좌표1":348.795,"X좌표6":527.795,"X좌표7":555.795,"X좌표4":463.795,"X좌표5":492.795,"Y좌표26":73.0069,"Y좌표25":152.007,"Y좌표9":207.007,"Y좌표27":23.0069,"Y좌표22":516.007,"Y좌표21":690.007,"Y좌표24":296.007,"Y좌표23":402.007,"Y좌표20":793.007,"X좌표19":507.795,"X좌표18":542.795,"X좌표17":544.795,"X좌표16":557.795,"X좌표15":562.795,"X좌표14":553.795,"X좌표13":548.795,"X좌표12":533.795,"X좌표11":543.795,"Y좌표4":12.0069,"X좌표10":564.795,"Y좌표3":44.0069,"Y좌표2":6.00694,"Y좌표1":27.0069,"Y좌표8":182.007,"Y좌표7":137.007,"Y좌표6":73.0069,"Y좌표5":27.0069,"Y좌표15":496.007,"Y좌표14":379.007,"Y좌표17":708.007,"Y좌표16":567.007,"Y좌표11":246.007,"Y좌표10":234.007,"Y좌표13":322.007,"Y좌표12":260.007,"X좌표27":346.795,"X좌표26":338.795,"X좌표25":335.795,"X좌표24":348.795,"X좌표23":370.795,"X좌표22":375.795,"X좌표21":396.795,"X좌표20":392.795,"Y좌표19":788.007,"Y좌표18":757.007}],"상의":[{}]},"라벨링":{"스타일":[{"스타일":"컨트리","서브스타일":"리조트"}],"아우터":[{}],"하의":[{}],"원피스":[{"기장":"발목","색상":"와인","서브색상":"핑크","카테고리":"드레스","디테일":["단추","드롭숄더"],"소매기장":"7부소매","소재":["저지"],"프린트":["무지"],"넥라인":"브이넥","핏":"루즈"}],"상의":[{}]}},"파일 번호":1240708,"파일 이름":"018-285-4,257-35,865-Hanna_332_04.jpg"}}