{"이미지 정보":{"이미지 식별자":1240709,"이미지 높이":800,"이미지 파일명":"018-285-4,257-35,865-Hanna_332_05.jpg","이미지 너비":800},"데이터셋 정보":{"파일 생성일자":"2020-11-19 16:49:46","데이터셋 상세설명":{"렉트좌표":{"아우터":[{}],"하의":[{}],"원피스":[{"X좌표":257.295,"Y좌표":0.506943,"가로":228,"세로":647}],"상의":[{}]},"폴리곤좌표":{"아우터":[{}],"하의":[{}],"원피스":[{"Y좌표9":540.007,"Y좌표22":10.0069,"Y좌표21":1.00694,"Y좌표20":21.0069,"X좌표19":282.795,"X좌표18":257.795,"X좌표17":260.795,"X좌표16":263.795,"X좌표15":260.795,"X좌표14":317.795,"X좌표13":334.795,"X좌표12":357.795,"X좌표11":413.795,"Y좌표4":4.00694,"X좌표10":462.795,"Y좌표3":1.00694,"Y좌표2":44.0069,"Y좌표1":11.0069,"Y좌표8":319.007,"Y좌표7":184.007,"Y좌표6":113.007,"Y좌표5":41.0069,"Y좌표15":618.007,"Y좌표14":609.007,"X좌표8":477.795,"Y좌표17":334.007,"X좌표9":468.795,"Y좌표16":557.007,"Y좌표11":627.007,"Y좌표10":613.007,"Y좌표13":593.007,"Y좌표12":649.007,"X좌표22":334.795,"X좌표2":342.795,"X좌표21":297.795,"X좌표3":377.795,"X좌표20":297.795,"X좌표1":332.795,"X좌표6":482.795,"Y좌표19":97.0069,"X좌표7":486.795,"Y좌표18":234.007,"X좌표4":456.795,"X좌표5":475.795}],"상의":[{}]},"라벨링":{"스타일":[{"스타일":"컨트리","서브스타일":"리조트"}],"아우터":[{}],"하의":[{}],"원피스":[{"기장":"발목","색상":"와인","서브색상":"핑크","카테고리":"드레스","디테일":["단추","드롭숄더"],"소매기장":"7부소매","소재":["저지"],"프린트":["무지"],"넥라인":"브이넥","핏":"루즈"}],"상의":[{}]}},"파일 번호":1240709,"파일 이름":"018-285-4,257-35,865-Hanna_332_05.jpg"}}