{"이미지 정보":{"이미지 식별자":1240713,"이미지 높이":800,"이미지 파일명":"018-285-4,257-35,865-Hanna_332_09.jpg","이미지 너비":800},"데이터셋 정보":{"파일 생성일자":"2020-11-19 16:49:47","데이터셋 상세설명":{"렉트좌표":{"아우터":[{}],"하의":[{}],"원피스":[{"X좌표":292.295,"Y좌표":-1.49306,"가로":295,"세로":632}],"상의":[{}]},"폴리곤좌표":{"아우터":[{}],"하의":[{}],"원피스":[{"X좌표31":395.795,"X좌표30":358.795,"X좌표8":559.795,"X좌표9":588.795,"Y좌표31":28.0069,"Y좌표30":11.0069,"X좌표2":424.795,"X좌표3":456.795,"X좌표1":396.795,"X좌표6":530.795,"X좌표7":540.795,"X좌표4":483.795,"X좌표5":513.795,"Y좌표26":137.007,"Y좌표25":198.007,"Y좌표28":63.0069,"Y좌표9":89.0069,"Y좌표27":129.007,"Y좌표22":309.007,"Y좌표21":621.007,"Y좌표24":238.007,"Y좌표23":253.007,"Y좌표20":610.007,"X좌표19":422.795,"X좌표18":493.795,"X좌표17":523.795,"X좌표16":540.795,"X좌표15":537.795,"X좌표14":530.795,"X좌표13":530.795,"X좌표12":520.795,"X좌표11":555.795,"Y좌표4":7.00694,"X좌표10":586.795,"Y좌표3":-0.993057,"Y좌표2":53.0069,"Y좌표1":27.0069,"Y좌표8":72.0069,"Y좌표7":92.0069,"Y좌표29":26.0069,"Y좌표6":42.0069,"Y좌표5":17.0069,"Y좌표15":551.007,"Y좌표14":390.007,"Y좌표17":632.007,"Y좌표16":608.007,"Y좌표11":172.007,"Y좌표10":121.007,"Y좌표13":317.007,"Y좌표12":186.007,"X좌표29":332.795,"X좌표28":313.795,"X좌표27":300.795,"X좌표26":292.795,"X좌표25":302.795,"X좌표24":310.795,"X좌표23":334.795,"X좌표22":342.795,"X좌표21":344.795,"X좌표20":388.795,"Y좌표19":614.007,"Y좌표18":630.007}],"상의":[{}]},"라벨링":{"스타일":[{"스타일":"컨트리","서브스타일":"리조트"}],"아우터":[{}],"하의":[{}],"원피스":[{"기장":"발목","색상":"와인","서브색상":"핑크","카테고리":"드레스","디테일":["단추","드롭숄더"],"소매기장":"긴팔","소재":["저지"],"프린트":["무지"],"넥라인":"브이넥","핏":"루즈"}],"상의":[{}]}},"파일 번호":1240713,"파일 이름":"018-285-4,257-35,865-Hanna_332_09.jpg"}}