{"이미지 정보":{"이미지 식별자":1233925,"이미지 높이":800,"이미지 파일명":"010-277-1,934-20,975-FallingJ_028_10.jpg","이미지 너비":800},"데이터셋 정보":{"파일 생성일자":"2020-11-19 16:18:55","데이터셋 상세설명":{"렉트좌표":{"아우터":[{}],"하의":[{"X좌표":270.428,"Y좌표":295.416,"가로":224,"세로":385}],"원피스":[{}],"상의":[{"X좌표":250.219,"Y좌표":3.06246,"가로":324,"세로":365}]},"폴리곤좌표":{"아우터":[{}],"하의":[{"Y좌표40":319.596,"Y좌표42":322.373,"Y좌표41":348.831,"X좌표39":284.261,"X좌표38":291.969,"X좌표37":281.622,"X좌표36":275.789,"X좌표35":270.928,"X좌표34":273.358,"X좌표33":272.039,"X좌표32":270.997,"X좌표31":273.566,"X좌표30":273.844,"Y좌표37":395.982,"Y좌표36":434.592,"X좌표8":485.578,"Y좌표39":343.206,"X좌표9":479.675,"Y좌표38":364.317,"Y좌표33":531.881,"Y좌표32":580.491,"Y좌표35":454.036,"Y좌표34":491.674,"Y좌표31":630.49,"Y좌표30":677.016,"X좌표2":404.329,"X좌표3":430.509,"X좌표42":355.927,"X좌표41":344.746,"X좌표1":354.607,"X좌표40":292.177,"X좌표6":495.925,"X좌표7":493.842,"X좌표4":450.926,"X좌표5":471.828,"Y좌표26":613.685,"Y좌표25":567.367,"Y좌표28":667.225,"Y좌표9":439.037,"Y좌표27":641.254,"Y좌표22":440.426,"Y좌표21":394.732,"Y좌표24":532.715,"Y좌표23":490.771,"Y좌표20":442.509,"X좌표19":366.829,"X좌표18":361.829,"X좌표17":358.704,"X좌표16":358.218,"X좌표15":370.371,"X좌표14":402.801,"X좌표13":416.898,"X좌표12":444.329,"X좌표11":470.439,"Y좌표4":324.595,"X좌표10":475.439,"Y좌표3":331.192,"Y좌표2":330.706,"Y좌표1":321.748,"Y좌표8":395.705,"Y좌표7":353.136,"Y좌표29":681.044,"Y좌표6":295.916,"Y좌표5":311.471,"Y좌표15":618.06,"Y좌표14":616.671,"Y좌표17":544.589,"Y좌표16":591.533,"Y좌표11":518.687,"Y좌표10":486.119,"Y좌표13":584.727,"Y좌표12":557.992,"X좌표29":324.885,"X좌표28":347.663,"X좌표27":345.371,"X좌표26":349.885,"X좌표25":347.732,"X좌표24":352.941,"X좌표23":360.579,"X좌표22":368.635,"X좌표21":379.26,"X좌표20":372.246,"Y좌표19":480.008,"Y좌표18":508.34}],"원피스":[{}],"상의":[{"Y좌표47":6.47905,"Y좌표44":50.4362,"Y좌표43":44.3947,"Y좌표46":4.60409,"Y좌표45":23.7702,"Y좌표40":7.729,"Y좌표42":28.3535,"Y좌표41":5.15963,"X좌표39":358.149,"X좌표38":337.802,"X좌표37":319.955,"X좌표36":304.747,"X좌표35":287.594,"X좌표34":275.997,"X좌표33":266.483,"X좌표32":250.719,"X좌표31":253.706,"X좌표30":254.261,"Y좌표37":65.5747,"Y좌표36":97.171,"X좌표8":560.925,"Y좌표39":15.5066,"X좌표9":539.675,"Y좌표38":35.7838,"Y좌표33":198.071,"Y좌표32":202.377,"Y좌표35":136.823,"Y좌표34":169.252,"Y좌표31":229.39,"Y좌표30":267.375,"X좌표47":504.606,"X좌표46":495.925,"X좌표45":478.842,"X좌표44":476.412,"X좌표2":517.661,"X좌표43":443.495,"X좌표3":561.48,"X좌표42":440.995,"X좌표41":422.037,"X좌표1":501.967,"X좌표40":383.01,"X좌표6":574.119,"X좌표7":565.855,"X좌표4":574.952,"X좌표5":574.258,"Y좌표26":313.415,"Y좌표25":275.986,"Y좌표28":335.706,"Y좌표9":286.61,"Y좌표27":347.234,"Y좌표22":109.532,"Y좌표21":47.2418,"Y좌표24":225.57,"Y좌표23":174.113,"Y좌표20":49.464,"X좌표19":479.675,"X좌표18":484.467,"X좌표17":486.273,"X좌표16":490.995,"X좌표15":490.717,"X좌표14":497.592,"X좌표13":495.161,"X좌표12":491.967,"X좌표11":529.953,"Y좌표4":112.518,"X좌표10":521.55,"Y좌표3":49.6029,"Y좌표2":27.3812,"Y좌표1":3.56246,"Y좌표8":258.417,"Y좌표7":227.237,"Y좌표29":284.249,"Y좌표6":194.46,"Y좌표5":153.558,"Y좌표15":259.875,"Y좌표14":294.735,"Y좌표17":162.586,"Y좌표16":213.626,"Y좌표11":333.484,"Y좌표10":300.985,"Y좌표13":331.817,"Y좌표12":369.316,"X좌표29":293.705,"X좌표28":279.747,"X좌표27":344.816,"X좌표26":360.163,"X좌표25":380.024,"X좌표24":400.301,"X좌표23":416.759,"X좌표22":431.968,"X좌표21":442.662,"X좌표20":475.509,"Y좌표19":95.0878,"Y좌표18":124.393}]},"라벨링":{"스타일":[{"스타일":"톰보이"}],"아우터":[{}],"하의":[{"기장":"발목","색상":"그레이","카테고리":"팬츠","디테일":["롤업"],"소재":["우븐"],"프린트":["무지"],"핏":"루즈"}],"원피스":[{}],"상의":[{"기장":"롱","색상":"화이트","카테고리":"셔츠","옷깃":"셔츠칼라","소매기장":"7부소매","소재":["우븐"],"프린트":["무지"],"핏":"노멀"}]}},"파일 번호":1233925,"파일 이름":"010-277-1,934-20,975-FallingJ_028_10.jpg"}}