{"이미지 정보":{"이미지 식별자":778510,"이미지 높이":533,"이미지 파일명":"1-(50)-bl705(1)-중국(3880#)5.8-2-IMG_3672.jpg","이미지 너비":800},"데이터셋 정보":{"파일 생성일자":"2020-11-02 18:31:45","데이터셋 상세설명":{"렉트좌표":{"아우터":[{}],"하의":[{"X좌표":291.652,"Y좌표":183.021,"가로":169,"세로":243}],"원피스":[{}],"상의":[{"X좌표":264.807,"Y좌표":-9.38702,"가로":273,"세로":266}]},"폴리곤좌표":{"아우터":[{}],"하의":[{"X좌표8":346.958,"X좌표9":292.152,"Y좌표9":395.729,"Y좌표11":217.536,"Y좌표10":311.963,"X좌표11":295.197,"X좌표2":381.466,"Y좌표4":237.843,"X좌표10":298.749,"X좌표3":438.302,"Y좌표3":186.568,"Y좌표2":191.137,"X좌표1":303.316,"Y좌표1":183.521,"X좌표6":455.556,"Y좌표8":407.913,"X좌표7":424.093,"Y좌표7":426.697,"X좌표4":461.646,"Y좌표6":390.653,"X좌표5":459.616,"Y좌표5":333.793}],"원피스":[{}],"상의":[{"Y좌표9":185.045,"X좌표19":503.309,"X좌표18":512.951,"X좌표17":522.592,"X좌표16":538.324,"X좌표15":521.577,"X좌표14":499.249,"X좌표13":453.069,"X좌표12":399.278,"X좌표11":337.367,"Y좌표4":-4.31796,"X좌표10":290.68,"Y좌표3":-7.364,"Y좌표2":-8.88702,"Y좌표1":0.75879,"Y좌표8":108.893,"Y좌표7":72.3409,"Y좌표6":32.7423,"Y좌표5":-3.30261,"Y좌표15":206.367,"Y좌표14":238.35,"X좌표8":265.814,"Y좌표17":44.9265,"X좌표9":280.023,"Y좌표16":138.846,"Y좌표11":241.904,"Y좌표10":222.612,"Y좌표13":257.642,"Y좌표12":249.011,"X좌표2":381.517,"X좌표3":361.725,"X좌표1":419.069,"X좌표6":290.173,"Y좌표19":3.29716,"X좌표7":265.307,"Y좌표18":17.0044,"X좌표4":337.367,"X좌표5":320.113}]},"라벨링":{"스타일":[{"스타일":"히피"}],"아우터":[{}],"하의":[{"기장":"미니","색상":"스카이블루","카테고리":"스커트","디테일":["디스트로이드","포켓"],"소재":["데님"],"프린트":["무지"],"핏":"노멀"}],"원피스":[{}],"상의":[{"기장":"노멀","색상":"화이트","서브색상":"스카이블루","카테고리":"블라우스","디테일":["러플","태슬","띠"],"소매기장":"반팔","소재":["우븐"],"프린트":["무지"],"넥라인":"라운드넥","핏":"노멀"}]}},"파일 번호":778510,"파일 이름":"1-(50)-bl705(1)-중국(3880#)5.8-2-IMG_3672.jpg"}}