{"이미지 정보":{"이미지 식별자":778509,"이미지 높이":533,"이미지 파일명":"1-(50)-bl705(1)-중국(3880#)5.8-2-IMG_3668.jpg","이미지 너비":800},"데이터셋 정보":{"파일 생성일자":"2020-11-02 18:31:45","데이터셋 상세설명":{"렉트좌표":{"아우터":[{}],"하의":[{"X좌표":266.048,"Y좌표":145.578,"가로":247,"세로":284}],"원피스":[{}],"상의":[{"X좌표":201.25,"Y좌표":-12.7138,"가로":312,"세로":272}]},"폴리곤좌표":{"아우터":[{}],"하의":[{"X좌표8":266.548,"X좌표2":395.39,"Y좌표4":391.053,"X좌표3":454.16,"Y좌표3":146.078,"Y좌표2":161.153,"X좌표1":269.562,"Y좌표1":179.244,"X좌표6":297.44,"Y좌표8":296.078,"X좌표7":282.371,"Y좌표7":372.962,"X좌표4":514.437,"Y좌표6":430.249,"X좌표5":362.991,"Y좌표5":421.204}],"원피스":[{}],"상의":[{"X좌표8":493.34,"X좌표9":514.437,"Y좌표9":109.897,"Y좌표11":0.600334,"Y좌표10":47.334,"Y좌표12":-12.2138,"X좌표12":501.628,"X좌표11":503.135,"X좌표2":201.75,"Y좌표4":240.299,"X좌표10":512.176,"X좌표3":214.559,"Y좌표3":194.319,"Y좌표2":147.585,"X좌표1":242.437,"Y좌표1":-3.92229,"X좌표6":392.376,"Y좌표8":212.41,"X좌표7":447.379,"Y좌표7":248.59,"X좌표4":274.083,"Y좌표6":259.897,"X좌표5":329.085,"Y좌표5":253.867}]},"라벨링":{"스타일":[{"스타일":"히피"}],"아우터":[{}],"하의":[{"기장":"미니","색상":"스카이블루","카테고리":"스커트","디테일":["디스트로이드","포켓"],"소재":["데님"],"프린트":["무지"],"핏":"노멀"}],"원피스":[{}],"상의":[{"기장":"노멀","색상":"화이트","서브색상":"스카이블루","카테고리":"블라우스","디테일":["러플","태슬","띠"],"소매기장":"반팔","소재":["우븐"],"프린트":["무지"],"넥라인":"라운드넥","핏":"노멀"}]}},"파일 번호":778509,"파일 이름":"1-(50)-bl705(1)-중국(3880#)5.8-2-IMG_3668.jpg"}}