{"이미지 정보":{"이미지 식별자":1313025,"이미지 높이":800,"이미지 파일명":"1 (24754).JPG","이미지 너비":800},"데이터셋 정보":{"파일 생성일자":"2020-11-26 17:29:25","데이터셋 상세설명":{"렉트좌표":{"아우터":[{}],"하의":[{"X좌표":138.207,"Y좌표":415.69,"가로":350,"세로":314}],"원피스":[{}],"상의":[{"X좌표":91.1933,"Y좌표":5.90961,"가로":502,"세로":472}]},"폴리곤좌표":{"아우터":[{}],"하의":[{"Y좌표9":547.437,"Y좌표22":455.078,"Y좌표21":486.674,"Y좌표23":426.884,"Y좌표20":523.271,"X좌표19":160.512,"X좌표18":148.984,"X좌표17":142.457,"X좌표16":138.707,"X좌표15":179.956,"X좌표14":237.872,"X좌표13":301.899,"X좌표12":389.954,"X좌표11":468.009,"Y좌표4":427.787,"X좌표10":481.828,"Y좌표3":416.19,"Y좌표2":429.176,"Y좌표1":426.954,"Y좌표8":449.523,"Y좌표7":478.48,"Y좌표6":427.579,"Y좌표5":421.537,"Y좌표15":720.21,"Y좌표14":730.626,"X좌표8":489.189,"Y좌표17":643.476,"X좌표9":487.175,"Y좌표16":693.96,"Y좌표11":713.127,"Y좌표10":636.948,"Y좌표13":730.765,"Y좌표12":726.668,"X좌표23":188.498,"X좌표22":186.762,"X좌표2":217.734,"X좌표21":179.748,"X좌표3":216.067,"X좌표20":174.262,"X좌표1":188.428,"X좌표6":368.982,"Y좌표19":564.867,"X좌표7":382.385,"Y좌표18":600.699,"X좌표4":265.233,"X좌표5":309.538}],"원피스":[{}],"상의":[{"X좌표30":292.038,"X좌표8":567.591,"X좌표9":594.466,"Y좌표30":21.8259,"X좌표2":349.607,"X좌표3":417.662,"X좌표1":291.205,"X좌표6":566.063,"X좌표7":583.841,"X좌표4":454.12,"X좌표5":524.119,"Y좌표26":86.963,"Y좌표25":138.975,"Y좌표28":10.6456,"Y좌표9":310.637,"Y좌표27":31.2006,"Y좌표22":291.332,"Y좌표21":338.97,"Y좌표24":192.932,"Y좌표23":248.0,"Y좌표20":378.761,"X좌표19":221.97,"X좌표18":308.427,"X좌표17":330.649,"X좌표16":348.357,"X좌표15":361.552,"X좌표14":373.427,"X좌표13":448.287,"X좌표12":507.939,"X좌표11":554.397,"Y좌표4":13.0067,"X좌표10":585.577,"Y좌표3":65.158,"Y좌표2":122.934,"Y좌표1":24.8119,"Y좌표8":262.861,"Y좌표7":189.877,"Y좌표29":6.40961,"Y좌표6":106.199,"Y좌표5":65.2275,"Y좌표15":431.398,"Y좌표14":478.966,"Y좌표17":378.83,"Y좌표16":376.261,"Y좌표11":413.899,"Y좌표10":361.053,"Y좌표13":465.772,"Y좌표12":443.064,"X좌표29":230.442,"X좌표28":192.248,"X좌표27":164.887,"X좌표26":149.47,"X좌표25":134.123,"X좌표24":125.721,"X좌표23":110.86,"X좌표22":91.6933,"X좌표21":120.096,"X좌표20":150.373,"Y좌표19":407.163,"Y좌표18":424.732}]},"라벨링":{"스타일":[{"스타일":"프레피"}],"아우터":[{}],"하의":[{"기장":"미니","색상":"그레이","카테고리":"스커트","소재":["우븐"],"프린트":["체크"],"핏":"노멀"}],"원피스":[{}],"상의":[{"색상":"그레이","카테고리":"셔츠","옷깃":"셔츠칼라","소매기장":"긴팔","소재":["우븐"],"프린트":["체크"],"핏":"노멀"}]}},"파일 번호":1313025,"파일 이름":"1 (24754).JPG"}}