{"이미지 정보":{"이미지 식별자":1313039,"이미지 높이":800,"이미지 파일명":"1 (24768).JPG","이미지 너비":800},"데이터셋 정보":{"파일 생성일자":"2020-11-26 17:29:31","데이터셋 상세설명":{"렉트좌표":{"아우터":[{}],"하의":[{"X좌표":259.108,"Y좌표":220.765,"가로":196,"세로":239}],"원피스":[{}],"상의":[{"X좌표":226.539,"Y좌표":8.20122,"가로":303,"세로":391}]},"폴리곤좌표":{"아우터":[{}],"하의":[{"Y좌표9":396.468,"X좌표13":307.872,"X좌표12":285.302,"X좌표11":272.664,"Y좌표4":319.179,"X좌표10":266.066,"Y좌표3":252.306,"Y좌표2":243.625,"Y좌표1":222.723,"Y좌표8":433.829,"Y좌표7":456.328,"Y좌표6":460.356,"Y좌표5":388.552,"X좌표8":306.622,"X좌표9":259.608,"Y좌표11":293.971,"Y좌표10":340.22,"Y좌표13":221.265,"Y좌표12":261.194,"X좌표2":367.246,"X좌표3":453.842,"X좌표1":309.955,"X좌표6":416.621,"X좌표7":362.524,"X좌표4":455.856,"X좌표5":435.509}],"원피스":[{}],"상의":[{"X좌표8":458.078,"X좌표9":453.565,"X좌표2":385.024,"X좌표3":425.37,"X좌표1":351.205,"X좌표6":519.536,"X좌표7":504.12,"X좌표4":453.078,"X좌표5":530.092,"Y좌표25":18.3537,"Y좌표9":342.373,"Y좌표22":96.8238,"Y좌표21":144.878,"Y좌표24":21.8259,"Y좌표23":38.5615,"Y좌표20":207.932,"X좌표19":239.539,"X좌표18":227.039,"X좌표17":274.539,"X좌표16":279.191,"X좌표15":288.775,"X좌표14":313.427,"X좌표13":339.816,"X좌표12":398.843,"X좌표11":454.884,"Y좌표4":8.70122,"X좌표10":449.815,"Y좌표3":46.1307,"Y좌표2":80.9215,"Y좌표1":17.451,"Y좌표8":397.58,"Y좌표7":400.357,"Y좌표6":261.194,"Y좌표5":70.9217,"Y좌표15":279.597,"Y좌표14":227.098,"Y좌표17":364.872,"Y좌표16":319.734,"Y좌표11":250.709,"Y좌표10":279.666,"Y좌표13":246.82,"Y좌표12":256.403,"X좌표25":349.121,"X좌표24":302.455,"X좌표23":276.969,"X좌표22":261.761,"X좌표21":249.956,"X좌표20":241.692,"Y좌표19":261.125,"Y좌표18":361.678}]},"라벨링":{"스타일":[{"스타일":"프레피"}],"아우터":[{}],"하의":[{"기장":"미니","색상":"그레이","카테고리":"스커트","소재":["우븐"],"프린트":["체크"],"핏":"노멀"}],"원피스":[{}],"상의":[{"색상":"그레이","카테고리":"셔츠","옷깃":"셔츠칼라","소매기장":"긴팔","소재":["우븐"],"프린트":["체크"],"핏":"노멀"}]}},"파일 번호":1313039,"파일 이름":"1 (24768).JPG"}}