{"이미지 정보":{"이미지 식별자":1313052,"이미지 높이":800,"이미지 파일명":"1 (24781).JPG","이미지 너비":800},"데이터셋 정보":{"파일 생성일자":"2020-11-26 17:29:37","데이터셋 상세설명":{"렉트좌표":{"아우터":[{}],"하의":[{"X좌표":392.371,"Y좌표":299.044,"가로":199,"세로":168}],"원피스":[{}],"상의":[{"X좌표":350.913,"Y좌표":7.52414,"가로":354,"세로":309}]},"폴리곤좌표":{"아우터":[{}],"하의":[{"Y좌표9":462.109,"X좌표18":513.147,"X좌표17":509.467,"X좌표16":494.953,"X좌표15":468.912,"X좌표14":433.704,"X좌표13":398.704,"X좌표12":393.149,"X좌표11":392.871,"Y좌표4":311.28,"X좌표10":418.495,"Y좌표3":304.752,"Y좌표2":309.335,"Y좌표1":302.113,"Y좌표8":468.081,"Y좌표7":461.276,"Y좌표6":379.611,"Y좌표5":300.933,"Y좌표15":360.723,"Y좌표14":355.376,"X좌표8":513.981,"Y좌표17":327.946,"X좌표9":459.676,"Y좌표16":349.751,"Y좌표11":431.415,"Y좌표10":449.54,"Y좌표13":341.001,"Y좌표12":380.445,"X좌표2":533.078,"X좌표3":562.869,"X좌표1":513.633,"X좌표6":588.147,"X좌표7":577.522,"Y좌표18":299.544,"X좌표4":578.841,"X좌표5":592.383}],"원피스":[{}],"상의":[{"X좌표8":670.09,"X좌표9":630.368,"X좌표2":550.23,"X좌표3":605.577,"X좌표1":496.481,"X좌표6":702.798,"X좌표7":706.409,"X좌표4":641.479,"X좌표5":687.937,"Y좌표26":9.27411,"Y좌표25":19.2738,"Y좌표9":275.656,"Y좌표22":80.175,"Y좌표21":108.299,"Y좌표24":31.5652,"Y좌표23":47.3286,"Y좌표20":155.659,"X좌표19":351.413,"X좌표18":373.704,"X좌표17":412.176,"X좌표16":465.856,"X좌표15":515.856,"X좌표14":552.244,"X좌표13":572.452,"X좌표12":572.174,"X좌표11":569.675,"Y좌표4":8.02414,"X좌표10":601.549,"Y좌표3":17.3989,"Y좌표2":68.3003,"Y좌표1":9.06578,"Y좌표8":243.712,"Y좌표7":214.13,"Y좌표6":141.701,"Y좌표5":36.2178,"Y좌표15":264.753,"Y좌표14":259.128,"Y좌표17":251.212,"Y좌표16":266.35,"Y좌표11":317.391,"Y좌표10":296.35,"Y좌표13":274.406,"Y좌표12":297.877,"X좌표26":496.064,"X좌표25":461.065,"X좌표24":436.759,"X좌표23":413.912,"X좌표22":398.287,"X좌표21":382.732,"X좌표20":367.524,"Y좌표19":194.964,"Y좌표18":228.643}]},"라벨링":{"스타일":[{"스타일":"프레피"}],"아우터":[{}],"하의":[{"기장":"미니","색상":"그레이","카테고리":"스커트","소재":["우븐"],"프린트":["체크"],"핏":"노멀"}],"원피스":[{}],"상의":[{"색상":"그레이","카테고리":"셔츠","옷깃":"셔츠칼라","소매기장":"긴팔","소재":["우븐"],"프린트":["체크"],"핏":"노멀"}]}},"파일 번호":1313052,"파일 이름":"1 (24781).JPG"}}