{"이미지 정보":{"이미지 식별자":1313053,"이미지 높이":800,"이미지 파일명":"1 (24782).JPG","이미지 너비":800},"데이터셋 정보":{"파일 생성일자":"2020-11-26 17:29:37","데이터셋 상세설명":{"렉트좌표":{"아우터":[{}],"하의":[{"X좌표":206.123,"Y좌표":304.929,"가로":211,"세로":193}],"원피스":[{}],"상의":[{"X좌표":181.192,"Y좌표":2.71526,"가로":323,"세로":319}]},"폴리곤좌표":{"아우터":[{}],"하의":[{"Y좌표9":492.646,"X좌표16":256.692,"X좌표15":244.747,"X좌표14":229.747,"X좌표13":211.275,"X좌표12":206.623,"X좌표11":251.622,"Y좌표4":310.985,"X좌표10":295.58,"Y좌표3":325.359,"Y좌표2":305.429,"Y좌표1":310.637,"Y좌표8":499.105,"Y좌표7":476.327,"Y좌표6":435.009,"Y좌표5":376.191,"Y좌표15":345.081,"Y좌표14":370.011,"X좌표8":395.787,"X좌표9":347.524,"Y좌표16":309.804,"Y좌표11":466.744,"Y좌표10":479.036,"Y좌표13":357.442,"Y좌표12":442.023,"X좌표2":323.288,"X좌표3":328.358,"X좌표1":255.372,"X좌표6":412.384,"X좌표7":403.843,"X좌표4":416.759,"X좌표5":417.732}],"원피스":[{}],"상의":[{"Y좌표9":322.79,"Y좌표22":3.21526,"Y좌표21":10.5067,"Y좌표23":12.6594,"Y좌표20":20.1592,"X좌표19":191.345,"X좌표18":184.54,"X좌표17":184.678,"X좌표16":181.692,"X좌표15":196.484,"X좌표14":226.484,"X좌표13":256.414,"X좌표12":285.927,"X좌표11":320.927,"Y좌표4":18.1454,"X좌표10":321.83,"Y좌표3":32.7283,"Y좌표2":86.0602,"Y좌표1":13.0761,"Y좌표8":310.915,"Y좌표7":278.486,"Y좌표6":177.03,"Y좌표5":63.9081,"Y좌표15":224.598,"Y좌표14":245.917,"X좌표8":424.19,"Y좌표17":154.183,"X좌표9":321.413,"Y좌표16":199.46,"Y좌표11":254.597,"Y좌표10":284.944,"Y좌표13":256.264,"Y좌표12":253.903,"X좌표23":289.677,"X좌표22":273.358,"X좌표2":303.149,"X좌표21":242.178,"X좌표3":368.218,"X좌표20":216.136,"X좌표1":287.177,"X좌표6":504.953,"Y좌표19":54.2555,"X좌표7":503.495,"Y좌표18":103.838,"X좌표4":418.634,"X좌표5":476.134}]},"라벨링":{"스타일":[{"스타일":"프레피"}],"아우터":[{}],"하의":[{"기장":"미니","색상":"그레이","카테고리":"스커트","소재":["우븐"],"프린트":["체크"],"핏":"노멀"}],"원피스":[{}],"상의":[{"색상":"그레이","카테고리":"셔츠","옷깃":"셔츠칼라","소매기장":"긴팔","소재":["우븐"],"프린트":["체크"],"핏":"노멀"}]}},"파일 번호":1313053,"파일 이름":"1 (24782).JPG"}}