{"이미지 정보":{"이미지 식별자":1313040,"이미지 높이":800,"이미지 파일명":"1 (24769).JPG","이미지 너비":800},"데이터셋 정보":{"파일 생성일자":"2020-11-26 17:29:32","데이터셋 상세설명":{"렉트좌표":{"아우터":[{}],"하의":[{"X좌표":243.345,"Y좌표":245.07,"가로":205,"세로":234}],"원피스":[{}],"상의":[{"X좌표":228.414,"Y좌표":2.71526,"가로":320,"세로":363}]},"폴리곤좌표":{"아우터":[{}],"하의":[{"X좌표30":368.843,"X좌표8":307.733,"X좌표9":324.608,"Y좌표30":404.177,"X좌표2":279.33,"X좌표3":243.845,"X좌표1":314.955,"X좌표6":274.469,"X좌표7":287.594,"X좌표4":252.039,"X좌표5":264.33,"Y좌표26":323.345,"Y좌표25":363.136,"Y좌표28":360.844,"Y좌표9":245.57,"Y좌표27":356.053,"Y좌표22":451.536,"Y좌표21":473.758,"Y좌표24":390.427,"Y좌표23":417.579,"Y좌표20":480.147,"X좌표19":361.343,"X좌표18":334.191,"X좌표17":357.871,"X좌표16":368.635,"X좌표15":316.622,"X좌표14":364.746,"X좌표13":394.19,"X좌표12":437.037,"X좌표11":403.982,"Y좌표4":320.915,"X좌표10":360.163,"Y좌표3":361.539,"Y좌표2":325.012,"Y좌표1":363.622,"Y좌표8":253.695,"Y좌표7":263.278,"Y좌표29":380.358,"Y좌표6":256.681,"Y좌표5":286.819,"Y좌표15":358.831,"Y좌표14":318.623,"Y좌표17":438.203,"Y좌표16":402.649,"Y좌표11":262.305,"Y좌표10":257.167,"Y좌표13":293.832,"Y좌표12":260.5,"X좌표29":368.704,"X좌표28":390.51,"X좌표27":408.843,"X좌표26":448.981,"X좌표25":446.898,"X좌표24":447.801,"X좌표23":446.273,"X좌표22":439.467,"X좌표21":430.023,"X좌표20":403.218,"Y좌표19":471.744,"Y좌표18":456.675}],"원피스":[{}],"상의":[{"X좌표33":322.177,"X좌표32":282.594,"X좌표31":264.192,"X좌표30":246.761,"X좌표8":531.689,"X좌표9":549.536,"Y좌표33":12.6594,"Y좌표32":16.6871,"Y좌표31":30.0201,"Y좌표30":53.7,"X좌표2":357.316,"X좌표3":399.954,"X좌표1":325.024,"X좌표6":473.495,"X좌표7":514.606,"X좌표4":421.829,"X좌표5":438.009,"Y좌표26":199.946,"Y좌표25":228.279,"Y좌표28":127.934,"Y좌표9":183.349,"Y좌표27":166.197,"Y좌표22":215.571,"Y좌표21":201.127,"Y좌표24":258.069,"Y좌표23":236.751,"Y좌표20":221.89,"X좌표19":331.205,"X좌표18":364.329,"X좌표17":419.884,"X좌표16":383.565,"X좌표15":363.079,"X좌표14":400.648,"X좌표13":438.634,"X좌표12":466.342,"X좌표11":507.87,"Y좌표4":8.63176,"X좌표10":541.341,"Y좌표3":42.1725,"Y좌표2":78.3521,"Y좌표1":11.8261,"Y좌표8":98.6988,"Y좌표7":44.1864,"Y좌표29":88.5602,"Y좌표6":8.14568,"Y좌표5":3.21526,"Y좌표15":326.54,"Y좌표14":366.261,"Y좌표17":272.722,"Y좌표16":296.402,"Y좌표11":277.374,"Y좌표10":235.084,"Y좌표13":338.762,"Y좌표12":313.207,"X좌표29":234.47,"X좌표28":229.331,"X좌표27":228.914,"X좌표26":230.511,"X좌표25":247.108,"X좌표24":254.192,"X좌표23":262.872,"X좌표22":274.4,"X좌표21":302.108,"X좌표20":324.608,"Y좌표19":247.445,"Y좌표18":266.055}]},"라벨링":{"스타일":[{"스타일":"프레피"}],"아우터":[{}],"하의":[{"기장":"미니","색상":"그레이","카테고리":"스커트","소재":["우븐"],"프린트":["체크"],"핏":"노멀"}],"원피스":[{}],"상의":[{"색상":"그레이","카테고리":"셔츠","옷깃":"셔츠칼라","소매기장":"긴팔","소재":["우븐"],"프린트":["체크"],"핏":"노멀"}]}},"파일 번호":1313040,"파일 이름":"1 (24769).JPG"}}