{"이미지 정보":{"이미지 식별자":1235423,"이미지 높이":800,"이미지 파일명":"012-279-949-21,968-Prau_015_05.jpg","이미지 너비":800},"데이터셋 정보":{"파일 생성일자":"2020-11-19 16:24:58","데이터셋 상세설명":{"렉트좌표":{"아우터":[{}],"하의":[{"X좌표":162.358,"Y좌표":304.474,"가로":237,"세로":444}],"원피스":[{}],"상의":[{"X좌표":192.331,"Y좌표":6.52368,"가로":330,"세로":336}]},"폴리곤좌표":{"아우터":[{}],"하의":[{"Y좌표9":532.766,"X좌표13":233.794,"X좌표12":320.714,"X좌표11":386.654,"Y좌표4":687.625,"X좌표10":392.649,"Y좌표3":624.682,"Y좌표2":408.879,"Y좌표1":309.97,"Y좌표8":738.579,"Y좌표7":749.568,"Y좌표6":740.577,"Y좌표5":732.584,"X좌표8":364.674,"X좌표9":400.641,"Y좌표11":329.951,"Y좌표10":354.929,"Y좌표13":304.974,"Y좌표12":327.953,"X좌표2":201.823,"X좌표3":165.856,"X좌표1":234.793,"X좌표6":286.745,"X좌표7":337.699,"X좌표4":162.858,"X좌표5":240.787}],"원피스":[{}],"상의":[{"X좌표34":280.751,"X좌표33":279.752,"X좌표32":285.746,"X좌표31":292.74,"X좌표30":309.724,"X좌표8":223.803,"X좌표9":232.795,"Y좌표33":88.9489,"Y좌표32":134.907,"Y좌표34":39.9936,"Y좌표31":100.938,"Y좌표30":73.9626,"X좌표2":210.815,"X좌표3":203.821,"X좌표1":273.757,"X좌표6":206.818,"X좌표7":210.815,"X좌표4":194.829,"X좌표5":192.831,"Y좌표26":33.9991,"Y좌표25":60.9745,"Y좌표28":7.02368,"Y좌표9":325.733,"Y좌표27":23.0091,"Y좌표22":241.809,"Y좌표21":260.792,"Y좌표24":177.868,"Y좌표23":210.838,"Y좌표20":271.782,"X좌표19":511.54,"X좌표18":500.55,"X좌표17":473.575,"X좌표16":468.579,"X좌표15":461.586,"X좌표14":445.6,"X좌표13":369.67,"X좌표12":352.685,"X좌표11":322.713,"Y좌표4":207.84,"X좌표10":277.754,"Y좌표3":113.926,"Y좌표2":78.9581,"Y좌표1":45.9881,"Y좌표8":343.717,"Y좌표7":340.719,"Y좌표29":38.9945,"Y좌표6":316.741,"Y좌표5":273.78,"Y좌표15":305.751,"Y좌표14":287.768,"Y좌표17":333.726,"Y좌표16":324.734,"Y좌표11":327.731,"Y좌표10":324.734,"Y좌표13":307.749,"Y좌표12":327.731,"X좌표29":341.695,"X좌표28":369.67,"X좌표27":395.646,"X좌표26":434.61,"X좌표25":473.575,"X좌표24":496.554,"X좌표23":517.535,"X좌표22":523.529,"X좌표21":512.539,"X좌표20":513.538,"Y좌표19":297.758,"Y좌표18":320.737}]},"라벨링":{"스타일":[{"스타일":"소피스트케이티드"}],"아우터":[{}],"하의":[{"기장":"니렝스","색상":"핑크","카테고리":"스커트","소재":["우븐"],"프린트":["무지"],"핏":"스키니"}],"원피스":[{}],"상의":[{"기장":"노멀","색상":"화이트","카테고리":"셔츠","옷깃":"셔츠칼라","소매기장":"7부소매","소재":["시폰"],"프린트":["무지"],"핏":"노멀"}]}},"파일 번호":1235423,"파일 이름":"012-279-949-21,968-Prau_015_05.jpg"}}