{"이미지 정보":{"이미지 식별자":1235422,"이미지 높이":800,"이미지 파일명":"012-279-949-21,968-Prau_015_04.jpg","이미지 너비":800},"데이터셋 정보":{"파일 생성일자":"2020-11-19 16:24:58","데이터셋 상세설명":{"렉트좌표":{"아우터":[{}],"하의":[{"X좌표":269.261,"Y좌표":292.485,"가로":265,"세로":440}],"원피스":[{}],"상의":[{"X좌표":234.293,"Y좌표":1.52824,"가로":351,"세로":330}]},"폴리곤좌표":{"아우터":[{}],"하의":[{"Y좌표9":718.597,"X좌표16":317.717,"X좌표15":437.608,"X좌표14":506.545,"X좌표13":514.538,"X좌표12":535.518,"X좌표11":517.535,"Y좌표4":695.618,"X좌표10":506.545,"Y좌표3":422.867,"Y좌표2":326.954,"Y좌표1":298.98,"Y좌표8":729.587,"Y좌표7":733.583,"Y좌표6":727.589,"Y좌표5":713.601,"Y좌표15":305.973,"Y좌표14":304.974,"X좌표8":438.607,"X좌표9":484.565,"Y좌표16":292.985,"Y좌표11":584.719,"Y좌표10":699.614,"Y좌표13":366.918,"Y좌표12":484.81,"X좌표2":312.722,"X좌표3":269.761,"X좌표1":312.722,"X좌표6":352.685,"X좌표7":397.644,"X좌표4":277.754,"X좌표5":299.733}],"원피스":[{}],"상의":[{"X좌표31":342.694,"X좌표30":367.672,"X좌표8":249.779,"X좌표9":269.761,"Y좌표31":35.9972,"Y좌표30":78.9581,"X좌표2":260.769,"X좌표3":242.785,"X좌표1":337.699,"X좌표6":239.788,"X좌표7":240.787,"X좌표4":240.787,"X좌표5":234.793,"Y좌표26":2.02824,"Y좌표25":31.0018,"Y좌표28":74.9617,"Y좌표9":332.727,"Y좌표27":39.9936,"Y좌표22":216.832,"Y좌표21":234.816,"Y좌표24":42.9909,"Y좌표23":79.9571,"Y좌표20":273.78,"X좌표19":555.5,"X좌표18":546.508,"X좌표17":523.529,"X좌표16":496.554,"X좌표15":481.568,"X좌표14":463.584,"X좌표13":380.66,"X좌표12":323.712,"X좌표11":310.723,"Y좌표4":198.849,"X좌표10":293.739,"Y좌표3":96.9417,"Y좌표2":62.9726,"Y좌표1":36.9963,"Y좌표8":316.741,"Y좌표7":290.765,"Y좌표29":99.9389,"Y좌표6":269.784,"Y좌표5":239.811,"Y좌표15":299.757,"Y좌표14":314.743,"Y좌표17":308.748,"Y좌표16":310.747,"Y좌표11":296.759,"Y좌표10":327.731,"Y좌표13":303.753,"Y좌표12":302.754,"X좌표29":392.649,"X좌표28":411.631,"X좌표27":439.606,"X좌표26":451.595,"X좌표25":480.569,"X좌표24":542.512,"X좌표23":577.48,"X좌표22":586.472,"X좌표21":575.482,"X좌표20":559.497,"Y좌표19":298.758,"Y좌표18":312.745}]},"라벨링":{"스타일":[{"스타일":"소피스트케이티드"}],"아우터":[{}],"하의":[{"기장":"니렝스","색상":"핑크","카테고리":"스커트","소재":["우븐"],"프린트":["무지"],"핏":"스키니"}],"원피스":[{}],"상의":[{"기장":"노멀","색상":"화이트","카테고리":"셔츠","옷깃":"셔츠칼라","소매기장":"7부소매","소재":["시폰"],"프린트":["무지"],"핏":"노멀"}]}},"파일 번호":1235422,"파일 이름":"012-279-949-21,968-Prau_015_04.jpg"}}