{"이미지 정보":{"이미지 식별자":1235420,"이미지 높이":800,"이미지 파일명":"012-279-949-21,968-Prau_015_02.jpg","이미지 너비":800},"데이터셋 정보":{"파일 생성일자":"2020-11-19 16:24:58","데이터셋 상세설명":{"렉트좌표":{"아우터":[{}],"하의":[{"X좌표":311.223,"Y좌표":196.351,"가로":177,"세로":288}],"원피스":[{}],"상의":[{"X좌표":263.266,"Y좌표":8.52186,"가로":245,"세로":213}]},"폴리곤좌표":{"아우터":[{}],"하의":[{"X좌표8":488.561,"X좌표9":489.56,"Y좌표9":362.699,"Y좌표11":196.851,"Y좌표10":291.764,"Y좌표12":196.851,"X좌표12":329.706,"X좌표11":455.591,"X좌표2":311.723,"Y좌표4":478.593,"X좌표10":483.566,"X좌표3":312.722,"Y좌표3":357.704,"Y좌표2":288.767,"X좌표1":323.712,"Y좌표1":199.848,"X좌표6":401.641,"Y좌표8":460.61,"X좌표7":452.594,"Y좌표7":472.599,"X좌표4":335.701,"Y좌표6":485.587,"X좌표5":367.672,"Y좌표5":485.587}],"원피스":[{}],"상의":[{"X좌표8":312.722,"X좌표9":318.716,"X좌표2":289.743,"X좌표3":277.754,"X좌표1":338.698,"X좌표6":269.761,"X좌표7":281.75,"X좌표4":263.766,"X좌표5":266.764,"Y좌표26":50.9836,"Y좌표25":37.9954,"Y좌표28":39.9936,"Y좌표9":201.846,"Y좌표27":58.9763,"Y좌표22":27.0055,"Y좌표21":33.9991,"Y좌표24":9.02186,"Y좌표23":24.0082,"Y좌표20":58.9763,"X좌표19":509.542,"X좌표18":500.55,"X좌표17":486.563,"X좌표16":470.578,"X좌표15":465.582,"X좌표14":446.6,"X좌표13":420.623,"X좌표12":398.643,"X좌표11":363.675,"Y좌표4":147.895,"X좌표10":332.703,"Y좌표3":69.9663,"Y좌표2":26.0064,"Y좌표1":10.0209,"Y좌표8":222.827,"Y좌표7":220.829,"Y좌표29":13.0182,"Y좌표6":212.836,"Y좌표5":188.858,"Y좌표15":199.848,"Y좌표14":200.847,"Y좌표17":174.871,"Y좌표16":184.861,"Y좌표11":203.844,"Y좌표10":204.843,"Y좌표13":201.846,"Y좌표12":202.845,"X좌표29":344.692,"X좌표28":360.678,"X좌표27":380.66,"X좌표26":392.649,"X좌표25":408.634,"X좌표24":417.626,"X좌표23":437.608,"X좌표22":446.6,"X좌표21":475.573,"X좌표20":498.552,"Y좌표19":122.918,"Y좌표18":159.884}]},"라벨링":{"스타일":[{"스타일":"소피스트케이티드"}],"아우터":[{}],"하의":[{"기장":"니렝스","색상":"핑크","카테고리":"스커트","소재":["우븐"],"프린트":["무지"],"핏":"스키니"}],"원피스":[{}],"상의":[{"기장":"노멀","색상":"화이트","카테고리":"셔츠","옷깃":"셔츠칼라","소매기장":"7부소매","소재":["시폰"],"프린트":["무지"],"핏":"노멀"}]}},"파일 번호":1235420,"파일 이름":"012-279-949-21,968-Prau_015_02.jpg"}}