{"이미지 정보":{"이미지 식별자":1235441,"이미지 높이":800,"이미지 파일명":"012-279-949-21,968-Prau_015_imgs.jpg","이미지 너비":800},"데이터셋 정보":{"파일 생성일자":"2020-11-19 16:25:02","데이터셋 상세설명":{"렉트좌표":{"아우터":[{}],"하의":[{"X좌표":292.24,"Y좌표":-1.46903,"가로":285,"세로":411}],"원피스":[{}],"상의":[{}]},"폴리곤좌표":{"아우터":[{}],"하의":[{"X좌표8":555.5,"X좌표9":578.479,"Y좌표9":173.871,"Y좌표11":-0.969026,"Y좌표10":3.02733,"X좌표11":346.691,"X좌표2":292.74,"Y좌표4":387.676,"X좌표10":539.515,"X좌표3":294.738,"Y좌표3":255.797,"Y좌표2":81.9553,"X좌표1":343.693,"Y좌표1":0.0300629,"X좌표6":427.617,"Y좌표8":390.674,"X좌표7":499.551,"Y좌표7":402.663,"X좌표4":305.728,"Y좌표6":410.655,"X좌표5":370.669,"Y좌표5":410.655}],"원피스":[{}],"상의":[{}]},"라벨링":{"스타일":[{"스타일":"소피스트케이티드"}],"아우터":[{}],"하의":[{"기장":"니렝스","색상":"핑크","카테고리":"스커트","소재":["우븐"],"프린트":["무지"],"핏":"스키니"}],"원피스":[{}],"상의":[{}]}},"파일 번호":1235441,"파일 이름":"012-279-949-21,968-Prau_015_imgs.jpg"}}