{"이미지 정보":{"이미지 식별자":1235573,"이미지 높이":800,"이미지 파일명":"012-279-949-21,968-Prau_020_73.jpg","이미지 너비":800},"데이터셋 정보":{"파일 생성일자":"2020-11-19 16:25:32","데이터셋 상세설명":{"렉트좌표":{"아우터":[{}],"하의":[{"X좌표":283.248,"Y좌표":259.293,"가로":259,"세로":509}],"원피스":[{}],"상의":[{"X좌표":197.326,"Y좌표":5.52459,"가로":437,"세로":379}]},"폴리곤좌표":{"아우터":[{}],"하의":[{"Y좌표9":756.673,"Y좌표21":266.787,"Y좌표20":267.786,"X좌표19":449.597,"X좌표18":495.555,"X좌표17":515.537,"X좌표16":529.524,"X좌표15":543.511,"X좌표14":541.513,"X좌표13":510.541,"X좌표12":474.574,"X좌표11":419.624,"Y좌표4":523.663,"X좌표10":375.664,"Y좌표3":461.72,"Y좌표2":389.786,"Y좌표1":268.896,"Y좌표8":742.686,"Y좌표7":642.555,"Y좌표6":615.58,"Y좌표5":562.628,"Y좌표15":546.865,"Y좌표14":766.664,"X좌표8":305.728,"Y좌표17":310.747,"X좌표9":334.702,"Y좌표16":422.978,"Y좌표11":767.663,"Y좌표10":764.666,"Y좌표13":769.661,"Y좌표12":764.666,"X좌표2":297.735,"X좌표21":327.708,"X좌표3":283.748,"X좌표20":372.667,"X좌표1":332.703,"X좌표6":303.73,"Y좌표19":259.793,"X좌표7":317.717,"Y좌표18":259.793,"X좌표4":283.748,"X좌표5":286.745}],"원피스":[{}],"상의":[{"X좌표31":318.716,"X좌표30":341.695,"X좌표8":272.758,"X좌표9":295.737,"Y좌표31":8.02277,"Y좌표30":21.0109,"X좌표2":269.761,"X좌표3":243.785,"X좌표1":321.713,"X좌표6":229.797,"X좌표7":261.768,"X좌표4":220.806,"X좌표5":197.826,"Y좌표26":16.0155,"Y좌표25":59.9754,"Y좌표28":23.0091,"Y좌표9":354.707,"Y좌표27":12.0191,"Y좌표22":271.782,"Y좌표21":286.768,"Y좌표24":240.81,"Y좌표23":251.8,"Y좌표20":326.732,"X좌표19":589.469,"X좌표18":564.492,"X좌표17":538.516,"X좌표16":513.538,"X좌표15":492.558,"X좌표14":471.577,"X좌표13":406.636,"X좌표12":335.701,"X좌표11":327.708,"Y좌표4":314.743,"X좌표10":317.717,"Y좌표3":280.774,"Y좌표2":46.9872,"Y좌표1":6.02459,"Y좌표8":385.678,"Y좌표7":383.68,"Y좌표29":26.0064,"Y좌표6":370.692,"Y좌표5":356.705,"Y좌표15":262.79,"Y좌표14":262.79,"Y좌표17":310.747,"Y좌표16":287.768,"Y좌표11":278.776,"Y좌표10":305.751,"Y좌표13":262.79,"Y좌표12":265.788,"X좌표29":389.651,"X좌표28":436.609,"X좌표27":469.579,"X좌표26":509.542,"X좌표25":557.498,"X좌표24":581.477,"X좌표23":615.445,"X좌표22":615.445,"X좌표21":635.427,"X좌표20":614.446,"Y좌표19":347.713,"Y좌표18":336.723}]},"라벨링":{"스타일":[{"스타일":"소피스트케이티드"}],"아우터":[{}],"하의":[{"기장":"미디","색상":"베이지","카테고리":"스커트","디테일":["띠"],"소재":["린넨"],"프린트":["무지"],"핏":"노멀"}],"원피스":[{}],"상의":[{"기장":"노멀","색상":"블랙","카테고리":"블라우스","디테일":["셔링"],"소매기장":"긴팔","소재":["우븐"],"프린트":["무지"],"넥라인":"라운드넥","핏":"노멀"}]}},"파일 번호":1235573,"파일 이름":"012-279-949-21,968-Prau_020_73.jpg"}}