{"이미지 정보":{"이미지 식별자":1235421,"이미지 높이":800,"이미지 파일명":"012-279-949-21,968-Prau_015_03.jpg","이미지 너비":800},"데이터셋 정보":{"파일 생성일자":"2020-11-19 16:24:58","데이터셋 상세설명":{"렉트좌표":{"아우터":[{}],"하의":[{"X좌표":339.197,"Y좌표":187.359,"가로":176,"세로":282}],"원피스":[{}],"상의":[{"X좌표":312.222,"Y좌표":7.52277,"가로":302,"세로":196}]},"폴리곤좌표":{"아우터":[{}],"하의":[{"Y좌표9":462.608,"X좌표14":378.661,"X좌표13":446.6,"X좌표12":491.559,"X좌표11":516.536,"Y좌표4":465.605,"X좌표10":510.541,"Y좌표3":376.686,"Y좌표2":249.802,"Y좌표1":187.859,"Y좌표8":470.601,"Y좌표7":470.601,"Y좌표6":470.601,"Y좌표5":469.602,"Y좌표14":192.854,"X좌표8":492.558,"X좌표9":500.55,"Y좌표11":304.752,"Y좌표10":393.671,"Y좌표13":193.853,"Y좌표12":194.852,"X좌표2":345.692,"X좌표3":339.697,"X좌표1":371.668,"X좌표6":419.624,"X좌표7":459.588,"X좌표4":349.688,"X좌표5":379.661}],"원피스":[{}],"상의":[{"X좌표8":357.681,"X좌표9":381.659,"X좌표2":349.688,"X좌표3":331.704,"X좌표1":399.642,"X좌표6":320.714,"X좌표7":343.693,"X좌표4":312.722,"X좌표5":312.722,"Y좌표26":56.9781,"Y좌표25":41.9918,"Y좌표28":11.02,"Y좌표9":190.856,"Y좌표27":50.9836,"Y좌표22":36.9963,"Y좌표21":53.9808,"Y좌표24":17.0146,"Y좌표23":24.0082,"Y좌표20":74.9617,"X좌표19":613.447,"X좌표18":615.445,"X좌표17":607.453,"X좌표16":590.468,"X좌표15":570.487,"X좌표14":525.528,"X좌표13":497.553,"X좌표12":483.566,"X좌표11":459.588,"Y좌표4":157.886,"X좌표10":415.628,"Y좌표3":100.938,"Y좌표2":28.0045,"Y좌표1":8.02277,"Y좌표8":190.856,"Y좌표7":204.843,"Y좌표6":199.848,"Y좌표5":184.861,"Y좌표15":116.923,"Y좌표14":107.932,"Y좌표17":107.932,"Y좌표16":120.92,"Y좌표11":196.851,"Y좌표10":194.852,"Y좌표13":173.871,"Y좌표12":193.853,"X좌표28":405.637,"X좌표27":412.63,"X좌표26":440.605,"X좌표25":455.591,"X좌표24":474.574,"X좌표23":495.555,"X좌표22":519.533,"X좌표21":549.506,"X좌표20":577.48,"Y좌표19":78.9581,"Y좌표18":95.9426}]},"라벨링":{"스타일":[{"스타일":"소피스트케이티드"}],"아우터":[{}],"하의":[{"기장":"니렝스","색상":"핑크","카테고리":"스커트","소재":["우븐"],"프린트":["무지"],"핏":"스키니"}],"원피스":[{}],"상의":[{"기장":"노멀","색상":"화이트","카테고리":"셔츠","옷깃":"셔츠칼라","소매기장":"7부소매","소재":["시폰"],"프린트":["무지"],"핏":"노멀"}]}},"파일 번호":1235421,"파일 이름":"012-279-949-21,968-Prau_015_03.jpg"}}