{"이미지 정보":{"이미지 식별자":1235502,"이미지 높이":800,"이미지 파일명":"012-279-949-21,968-Prau_018_65.jpg","이미지 너비":800},"데이터셋 정보":{"파일 생성일자":"2020-11-19 16:25:16","데이터셋 상세설명":{"렉트좌표":{"아우터":[{}],"하의":[{}],"원피스":[{}],"상의":[{"X좌표":269.261,"Y좌표":7.52277,"가로":356,"세로":332}]},"폴리곤좌표":{"아우터":[{}],"하의":[{}],"원피스":[{}],"상의":[{"X좌표30":357.681,"X좌표8":331.704,"X좌표9":366.672,"Y좌표30":33.0,"X좌표2":299.733,"X좌표3":277.754,"X좌표1":351.686,"X좌표6":269.761,"X좌표7":292.74,"X좌표4":271.759,"X좌표5":269.761,"Y좌표26":8.02277,"Y좌표25":11.02,"Y좌표28":37.9954,"Y좌표9":337.722,"Y좌표27":16.0155,"Y좌표22":285.769,"Y좌표21":304.752,"Y좌표24":25.0073,"Y좌표23":100.938,"Y좌표20":311.746,"X좌표19":566.49,"X좌표18":547.507,"X좌표17":526.527,"X좌표16":519.533,"X좌표15":502.548,"X좌표14":517.535,"X좌표13":500.55,"X좌표12":466.581,"X좌표11":435.61,"Y좌표4":235.815,"X좌표10":403.639,"Y좌표3":184.861,"Y좌표2":113.926,"Y좌표1":31.0018,"Y좌표8":333.726,"Y좌표7":322.736,"Y좌표29":42.9909,"Y좌표6":309.748,"Y좌표5":272.781,"Y좌표15":275.779,"Y좌표14":333.726,"Y좌표17":270.783,"Y좌표16":247.804,"Y좌표11":337.722,"Y좌표10":339.72,"Y좌표13":339.72,"Y좌표12":340.719,"X좌표29":385.655,"X좌표28":398.643,"X좌표27":417.626,"X좌표26":455.591,"X좌표25":488.561,"X좌표24":543.511,"X좌표23":572.485,"X좌표22":626.435,"X좌표21":598.461,"X좌표20":576.481,"Y좌표19":292.763,"Y좌표18":287.768}]},"라벨링":{"스타일":[{"스타일":"소피스트케이티드"}],"아우터":[{}],"하의":[{}],"원피스":[{}],"상의":[{"기장":"노멀","색상":"화이트","카테고리":"블라우스","디테일":["셔링","프릴"],"소매기장":"반팔","소재":["시폰"],"프린트":["무지"],"넥라인":"라운드넥","핏":"노멀"}]}},"파일 번호":1235502,"파일 이름":"012-279-949-21,968-Prau_018_65.jpg"}}