{"이미지 정보":{"이미지 식별자":1235547,"이미지 높이":800,"이미지 파일명":"012-279-949-21,968-Prau_020_06.jpg","이미지 너비":800},"데이터셋 정보":{"파일 생성일자":"2020-11-19 16:25:26","데이터셋 상세설명":{"렉트좌표":{"아우터":[{}],"하의":[{}],"원피스":[{}],"상의":[{"X좌표":246.282,"Y좌표":-0.469937,"가로":514,"세로":653}]},"폴리곤좌표":{"아우터":[{}],"하의":[{}],"원피스":[{}],"상의":[{"X좌표39":314.72,"X좌표38":399.642,"X좌표37":466.581,"X좌표36":518.534,"X좌표35":567.489,"X좌표34":601.458,"X좌표33":664.401,"X좌표32":690.377,"X좌표31":725.345,"X좌표30":755.318,"Y좌표37":27.0055,"Y좌표36":28.0045,"X좌표8":272.758,"Y좌표39":1.02915,"X좌표9":294.738,"Y좌표38":10.0209,"Y좌표33":0.0300629,"Y좌표32":19.0127,"Y좌표35":16.0155,"Y좌표34":1.02915,"Y좌표31":65.9699,"Y좌표30":148.006,"X좌표2":275.755,"X좌표3":258.771,"X좌표1":315.719,"X좌표6":258.771,"X좌표7":289.743,"X좌표4":246.782,"X좌표5":266.764,"Y좌표26":595.598,"Y좌표25":603.591,"Y좌표28":348.823,"Y좌표9":607.587,"Y좌표27":380.794,"Y좌표22":647.55,"Y좌표21":649.549,"Y좌표24":628.568,"Y좌표23":636.56,"Y좌표20":653.545,"X좌표19":431.613,"X좌표18":377.662,"X좌표17":367.672,"X좌표16":360.678,"X좌표15":359.679,"X좌표14":361.677,"X좌표13":366.672,"X좌표12":350.687,"X좌표11":306.727,"Y좌표4":276.778,"X좌표10":304.729,"Y좌표3":162.882,"Y좌표2":59.9754,"Y좌표1":3.02733,"Y좌표8":603.591,"Y좌표7":495.578,"Y좌표29":270.894,"Y좌표6":471.6,"Y좌표5":370.692,"Y좌표15":550.639,"Y좌표14":501.684,"Y좌표17":623.572,"Y좌표16":598.595,"Y좌표11":464.717,"Y좌표10":499.685,"Y좌표13":488.695,"Y좌표12":471.711,"X좌표29":761.312,"X좌표28":748.324,"X좌표27":692.375,"X좌표26":691.376,"X좌표25":672.394,"X좌표24":644.419,"X좌표23":598.461,"X좌표22":544.51,"X좌표21":504.547,"X좌표20":474.574,"Y좌표19":653.545,"Y좌표18":653.545}]},"라벨링":{"스타일":[{"스타일":"소피스트케이티드"}],"아우터":[{}],"하의":[{}],"원피스":[{}],"상의":[{"기장":"노멀","색상":"화이트","카테고리":"블라우스","디테일":["셔링"],"소매기장":"7부소매","소재":["우븐"],"프린트":["무지"],"넥라인":"라운드넥","핏":"노멀"}]}},"파일 번호":1235547,"파일 이름":"012-279-949-21,968-Prau_020_06.jpg"}}