{"이미지 정보":{"이미지 식별자":1235428,"이미지 높이":800,"이미지 파일명":"012-279-949-21,968-Prau_015_10.jpg","이미지 너비":800},"데이터셋 정보":{"파일 생성일자":"2020-11-19 16:24:59","데이터셋 상세설명":{"렉트좌표":{"아우터":[{}],"하의":[{"X좌표":200.324,"Y좌표":306.472,"가로":239,"세로":460}],"원피스":[{}],"상의":[{"X좌표":163.357,"Y좌표":-0.469937,"가로":347,"세로":338}]},"폴리곤좌표":{"아우터":[{}],"하의":[{"Y좌표9":764.555,"X좌표16":227.799,"X좌표15":303.73,"X좌표14":412.63,"X좌표13":435.61,"X좌표12":440.605,"X좌표11":410.632,"Y좌표4":707.607,"X좌표10":389.651,"Y좌표3":531.767,"Y좌표2":414.874,"Y좌표1":306.972,"Y좌표8":767.552,"Y좌표7":761.558,"Y좌표6":740.577,"Y좌표5":722.593,"Y좌표15":313.966,"Y좌표14":321.959,"X좌표8":336.7,"X좌표9":361.677,"Y좌표16":307.971,"Y좌표11":744.573,"Y좌표10":753.565,"Y좌표13":384.901,"Y좌표12":535.764,"X좌표2":200.824,"X좌표3":212.813,"X좌표1":221.805,"X좌표6":288.744,"X좌표7":306.727,"X좌표4":237.79,"X좌표5":268.762}],"원피스":[{}],"상의":[{"X좌표31":181.841,"X좌표30":237.79,"X좌표8":263.766,"X좌표9":303.73,"Y좌표31":14.0173,"Y좌표30":3.02733,"X좌표2":163.857,"X좌표3":166.855,"X좌표1":179.843,"X좌표6":213.812,"X좌표7":229.797,"X좌표4":175.847,"X좌표5":201.823,"Y좌표26":70.9653,"Y좌표25":45.9881,"Y좌표28":58.9763,"Y좌표9":263.789,"Y좌표27":105.933,"Y좌표22":0.0300629,"Y좌표21":2.02824,"Y좌표24":21.0109,"Y좌표23":0.0300629,"Y좌표20":8.02277,"X좌표19":480.569,"X좌표18":511.54,"X좌표17":506.545,"X좌표16":483.566,"X좌표15":452.594,"X좌표14":425.619,"X좌표13":413.63,"X좌표12":397.644,"X좌표11":382.658,"Y좌표4":201.846,"X좌표10":335.701,"Y좌표3":143.899,"Y좌표2":30.0027,"Y좌표1":16.0155,"Y좌표8":262.79,"Y좌표7":263.789,"Y좌표29":12.0191,"Y좌표6":222.827,"Y좌표5":198.849,"Y좌표15":325.733,"Y좌표14":338.721,"Y좌표17":277.777,"Y좌표16":307.749,"Y좌표11":270.783,"Y좌표10":268.785,"Y좌표13":320.737,"Y좌표12":285.769,"X좌표29":254.775,"X좌표28":254.775,"X좌표27":268.762,"X좌표26":272.758,"X좌표25":283.748,"X좌표24":295.737,"X좌표23":326.709,"X좌표22":359.679,"X좌표21":374.665,"X좌표20":466.581,"Y좌표19":59.9754,"Y좌표18":233.817}]},"라벨링":{"스타일":[{"스타일":"소피스트케이티드"}],"아우터":[{}],"하의":[{"기장":"니렝스","색상":"핑크","카테고리":"스커트","소재":["우븐"],"프린트":["무지"],"핏":"스키니"}],"원피스":[{}],"상의":[{"기장":"노멀","색상":"화이트","카테고리":"셔츠","옷깃":"셔츠칼라","소매기장":"7부소매","소재":["시폰"],"프린트":["무지"],"핏":"노멀"}]}},"파일 번호":1235428,"파일 이름":"012-279-949-21,968-Prau_015_10.jpg"}}