{"이미지 정보":{"이미지 식별자":1235491,"이미지 높이":800,"이미지 파일명":"012-279-949-21,968-Prau_018_06.jpg","이미지 너비":800},"데이터셋 정보":{"파일 생성일자":"2020-11-19 16:25:13","데이터셋 상세설명":{"렉트좌표":{"아우터":[{}],"하의":[{}],"원피스":[{}],"상의":[{"X좌표":196.327,"Y좌표":5.52459,"가로":403,"세로":364}]},"폴리곤좌표":{"아우터":[{}],"하의":[{}],"원피스":[{}],"상의":[{"X좌표8":323.712,"X좌표9":357.681,"X좌표2":229.797,"X좌표3":212.813,"X좌표1":292.74,"X좌표6":237.79,"X좌표7":276.754,"X좌표4":201.823,"X좌표5":196.827,"Y좌표26":44.989,"Y좌표25":33.0,"Y좌표9":360.701,"Y좌표27":36.9963,"Y좌표22":24.0082,"Y좌표21":56.9781,"Y좌표24":6.02459,"Y좌표23":6.02459,"Y좌표20":308.748,"X좌표19":579.478,"X좌표18":529.524,"X좌표17":518.534,"X좌표16":498.552,"X좌표15":484.565,"X좌표14":463.584,"X좌표13":460.587,"X좌표12":472.576,"X좌표11":438.607,"Y좌표4":265.788,"X좌표10":391.65,"Y좌표3":199.848,"Y좌표2":108.931,"Y좌표1":34.9982,"Y좌표8":369.693,"Y좌표7":359.702,"Y좌표6":363.698,"Y좌표5":330.728,"Y좌표15":324.734,"Y좌표14":283.771,"Y좌표17":330.728,"Y좌표16":329.729,"Y좌표11":368.694,"Y좌표10":370.692,"Y좌표13":306.75,"Y좌표12":364.697,"X좌표27":289.743,"X좌표26":317.717,"X좌표25":358.68,"X좌표24":399.642,"X좌표23":437.608,"X좌표22":496.554,"X좌표21":527.526,"X좌표20":600.459,"Y좌표19":326.732,"Y좌표18":344.716}]},"라벨링":{"스타일":[{"스타일":"소피스트케이티드"}],"아우터":[{}],"하의":[{}],"원피스":[{}],"상의":[{"기장":"노멀","색상":"화이트","카테고리":"블라우스","디테일":["셔링","프릴"],"소매기장":"반팔","소재":["시폰"],"프린트":["무지"],"넥라인":"라운드넥","핏":"노멀"}]}},"파일 번호":1235491,"파일 이름":"012-279-949-21,968-Prau_018_06.jpg"}}