{"이미지 정보":{"이미지 식별자":1235548,"이미지 높이":800,"이미지 파일명":"012-279-949-21,968-Prau_020_07.jpg","이미지 너비":800},"데이터셋 정보":{"파일 생성일자":"2020-11-19 16:25:26","데이터셋 상세설명":{"렉트좌표":{"아우터":[{}],"하의":[{"X좌표":236.291,"Y좌표":315.575,"가로":164,"세로":390}],"원피스":[{}],"상의":[{"X좌표":134.384,"Y좌표":1.52824,"가로":320,"세로":339}]},"폴리곤좌표":{"아우터":[{}],"하의":[{"Y좌표9":493.913,"X좌표14":240.787,"X좌표13":291.741,"X좌표12":333.703,"X좌표11":380.66,"Y좌표4":640.779,"X좌표10":401.641,"Y좌표3":523.885,"Y좌표2":447.955,"Y좌표1":316.075,"Y좌표8":568.844,"Y좌표7":706.719,"Y좌표6":704.721,"Y좌표5":703.721,"Y좌표14":320.071,"X좌표8":364.674,"X좌표9":353.684,"Y좌표11":332.061,"Y좌표10":316.075,"Y좌표13":336.057,"Y좌표12":337.056,"X좌표2":267.763,"X좌표3":285.746,"X좌표1":236.791,"X좌표6":335.701,"X좌표7":356.682,"X좌표4":304.729,"X좌표5":298.734}],"원피스":[{}],"상의":[{"X좌표30":226.8,"X좌표8":134.884,"X좌표9":139.879,"Y좌표30":4.02642,"X좌표2":200.824,"X좌표3":200.824,"X좌표1":229.797,"X좌표6":170.851,"X좌표7":149.87,"X좌표4":201.823,"X좌표5":180.842,"Y좌표26":3.02733,"Y좌표25":45.9881,"Y좌표28":18.0137,"Y좌표9":179.866,"Y좌표27":2.02824,"Y좌표22":264.789,"Y좌표21":277.777,"Y좌표24":210.838,"Y좌표23":267.786,"Y좌표20":287.768,"X좌표19":416.627,"X좌표18":402.64,"X좌표17":385.655,"X좌표16":349.688,"X좌표15":297.735,"X좌표14":249.779,"X좌표13":223.803,"X좌표12":237.79,"X좌표11":209.816,"Y좌표4":124.916,"X좌표10":175.847,"Y좌표3":105.933,"Y좌표2":48.9854,"Y좌표1":5.02551,"Y좌표8":159.884,"Y좌표7":142.9,"Y좌표29":19.0127,"Y좌표6":102.936,"Y좌표5":107.932,"Y좌표15":333.726,"Y좌표14":327.731,"Y좌표17":327.731,"Y좌표16":341.718,"Y좌표11":189.857,"Y좌표10":177.868,"Y좌표13":320.737,"Y좌표12":191.855,"X좌표29":271.759,"X좌표28":323.712,"X좌표27":374.665,"X좌표26":406.636,"X좌표25":438.607,"X좌표24":444.601,"X좌표23":455.591,"X좌표22":443.602,"X좌표21":408.634,"X좌표20":417.626,"Y좌표19":312.745,"Y좌표18":321.737}]},"라벨링":{"스타일":[{"스타일":"소피스트케이티드"}],"아우터":[{}],"하의":[{"기장":"발목","색상":"블랙","카테고리":"팬츠","소재":["우븐"],"프린트":["무지"],"핏":"스키니"}],"원피스":[{}],"상의":[{"기장":"노멀","색상":"화이트","카테고리":"블라우스","디테일":["셔링"],"소매기장":"7부소매","소재":["우븐"],"프린트":["무지"],"넥라인":"라운드넥","핏":"노멀"}]}},"파일 번호":1235548,"파일 이름":"012-279-949-21,968-Prau_020_07.jpg"}}