{"이미지 정보":{"이미지 식별자":1235431,"이미지 높이":800,"이미지 파일명":"012-279-949-21,968-Prau_015_61.jpg","이미지 너비":800},"데이터셋 정보":{"파일 생성일자":"2020-11-19 16:25:00","데이터셋 상세설명":{"렉트좌표":{"아우터":[{}],"하의":[{"X좌표":328.207,"Y좌표":184.361,"가로":173,"세로":276}],"원피스":[{}],"상의":[{"X좌표":301.232,"Y좌표":-0.469937,"가로":301,"세로":205}]},"폴리곤좌표":{"아우터":[{}],"하의":[{"X좌표8":495.555,"X좌표9":501.549,"Y좌표9":346.714,"Y좌표11":191.855,"Y좌표10":280.774,"Y좌표12":184.861,"X좌표12":352.685,"X좌표11":475.573,"X좌표2":328.707,"Y좌표4":454.615,"X좌표10":502.548,"X좌표3":338.698,"Y좌표3":390.674,"Y좌표2":287.768,"X좌표1":351.686,"Y좌표1":185.861,"X좌표6":440.605,"Y좌표8":446.623,"X좌표7":476.572,"Y좌표7":456.614,"X좌표4":341.695,"Y좌표6":461.609,"X좌표5":404.638,"Y좌표5":460.61}],"원피스":[{}],"상의":[{"X좌표30":395.646,"X좌표8":320.714,"X좌표9":340.696,"Y좌표30":5.02551,"X좌표2":348.689,"X좌표3":326.709,"X좌표1":392.649,"X좌표6":301.732,"X좌표7":305.728,"X좌표4":315.719,"X좌표5":303.73,"Y좌표26":15.0164,"Y좌표25":23.0091,"Y좌표28":56.9781,"Y좌표9":202.845,"Y좌표27":44.989,"Y좌표22":56.9781,"Y좌표21":70.9653,"Y좌표24":25.0073,"Y좌표23":42.9909,"Y좌표20":69.9663,"X좌표19":599.46,"X좌표18":603.456,"X좌표17":592.466,"X좌표16":572.485,"X좌표15":523.529,"X좌표14":486.563,"X좌표13":464.583,"X좌표12":417.626,"X좌표11":370.669,"Y좌표4":93.9444,"X좌표10":346.691,"Y좌표3":53.9808,"Y좌표2":26.0064,"Y좌표1":0.0300629,"Y좌표8":205.842,"Y좌표7":187.859,"Y좌표29":39.9936,"Y좌표6":163.881,"Y좌표5":139.902,"Y좌표15":112.927,"Y좌표14":186.86,"Y좌표17":116.923,"Y좌표16":117.923,"Y좌표11":185.861,"Y좌표10":187.859,"Y좌표13":187.859,"Y좌표12":188.858,"X좌표29":402.64,"X좌표28":428.616,"X좌표27":442.603,"X좌표26":460.587,"X좌표25":472.576,"X좌표24":499.551,"X좌표23":511.54,"X좌표22":535.518,"X좌표21":551.504,"X좌표20":575.482,"Y좌표19":76.9599,"Y좌표18":97.9407}]},"라벨링":{"스타일":[{"스타일":"소피스트케이티드"}],"아우터":[{}],"하의":[{"기장":"니렝스","색상":"핑크","카테고리":"스커트","소재":["우븐"],"프린트":["무지"],"핏":"스키니"}],"원피스":[{}],"상의":[{"기장":"노멀","색상":"화이트","카테고리":"셔츠","옷깃":"셔츠칼라","소매기장":"7부소매","소재":["시폰"],"프린트":["무지"],"핏":"노멀"}]}},"파일 번호":1235431,"파일 이름":"012-279-949-21,968-Prau_015_61.jpg"}}