{"이미지 정보":{"이미지 식별자":1236170,"이미지 높이":800,"이미지 파일명":"014-281-564-22,774-FRILL_017_05.jpg","이미지 너비":800},"데이터셋 정보":{"파일 생성일자":"2020-11-19 16:27:55","데이터셋 상세설명":{"렉트좌표":{"아우터":[{}],"하의":[{"X좌표":205.5,"Y좌표":351.872,"가로":267,"세로":421}],"원피스":[{}],"상의":[{"X좌표":189.5,"Y좌표":5.87216,"가로":378,"세로":563}]},"폴리곤좌표":{"아우터":[{}],"하의":[{"Y좌표9":522.372,"X좌표15":225.0,"X좌표14":267.0,"X좌표13":309.0,"X좌표12":448.0,"X좌표11":454.0,"Y좌표4":517.372,"X좌표10":462.0,"Y좌표3":573.372,"Y좌표2":643.372,"Y좌표1":741.372,"Y좌표8":458.372,"Y좌표7":366.372,"Y좌표6":352.372,"Y좌표5":460.372,"Y좌표15":744.372,"Y좌표14":763.372,"X좌표8":465.0,"X좌표9":474.0,"Y좌표11":684.372,"Y좌표10":617.372,"Y좌표13":774.372,"Y좌표12":764.372,"X좌표2":218.0,"X좌표3":208.0,"X좌표1":225.0,"X좌표6":263.0,"X좌표7":443.0,"X좌표4":206.0,"X좌표5":213.0}],"원피스":[{}],"상의":[{"Y좌표40":522.372,"X좌표39":449.0,"X좌표38":426.0,"X좌표37":387.0,"X좌표36":367.0,"X좌표35":318.0,"X좌표34":288.0,"X좌표33":234.0,"X좌표32":198.0,"X좌표31":217.0,"X좌표30":225.0,"Y좌표37":542.372,"Y좌표36":570.372,"X좌표8":538.0,"Y좌표39":528.372,"X좌표9":552.0,"Y좌표38":529.372,"Y좌표33":538.372,"Y좌표32":496.372,"Y좌표35":563.372,"Y좌표34":555.372,"Y좌표31":421.372,"Y좌표30":375.372,"X좌표2":475.0,"X좌표3":469.0,"X좌표1":472.0,"X좌표40":475.0,"X좌표6":513.0,"X좌표7":515.0,"X좌표4":485.0,"X좌표5":500.0,"Y좌표26":183.372,"Y좌표25":117.372,"Y좌표28":311.372,"Y좌표9":276.372,"Y좌표27":251.372,"Y좌표22":115.372,"Y좌표21":146.372,"Y좌표24":43.3722,"Y좌표23":83.3722,"Y좌표20":110.372,"X좌표19":409.0,"X좌표18":427.0,"X좌표17":424.0,"X좌표16":451.0,"X좌표15":476.0,"X좌표14":524.0,"X좌표13":557.0,"X좌표12":568.0,"X좌표11":569.0,"Y좌표4":411.372,"X좌표10":560.0,"Y좌표3":450.372,"Y좌표2":482.372,"Y좌표1":521.372,"Y좌표8":329.372,"Y좌표7":354.372,"Y좌표29":355.372,"Y좌표6":375.372,"Y좌표5":395.372,"Y좌표15":24.3722,"Y좌표14":33.3722,"Y좌표17":6.37216,"Y좌표16":7.37216,"Y좌표11":104.372,"Y좌표10":195.372,"Y좌표13":48.3722,"Y좌표12":74.3722,"X좌표29":208.0,"X좌표28":190.0,"X좌표27":190.0,"X좌표26":208.0,"X좌표25":217.0,"X좌표24":342.0,"X좌표23":347.0,"X좌표22":351.0,"X좌표21":368.0,"X좌표20":386.0,"Y좌표19":70.3722,"Y좌표18":22.3722}]},"라벨링":{"스타일":[{"스타일":"소피스트케이티드"}],"아우터":[{}],"하의":[{"기장":"니렝스","색상":"블랙","카테고리":"스커트","소재":["우븐"],"프린트":["무지"],"핏":"노멀"}],"원피스":[{}],"상의":[{"기장":"노멀","색상":"핑크","카테고리":"블라우스","옷깃":"테일러드칼라","디테일":["러플"],"소매기장":"긴팔","소재":["우븐"],"프린트":["무지"],"넥라인":"브이넥","핏":"노멀"}]}},"파일 번호":1236170,"파일 이름":"014-281-564-22,774-FRILL_017_05.jpg"}}