{"이미지 정보":{"이미지 식별자":1236175,"이미지 높이":800,"이미지 파일명":"014-281-564-22,774-FRILL_017_10.jpg","이미지 너비":800},"데이터셋 정보":{"파일 생성일자":"2020-11-19 16:27:56","데이터셋 상세설명":{"렉트좌표":{"아우터":[{}],"하의":[{"X좌표":158.5,"Y좌표":369.327,"가로":286,"세로":428}],"원피스":[{}],"상의":[{"X좌표":111.5,"Y좌표":-0.49147,"가로":630,"세로":477}]},"폴리곤좌표":{"아우터":[{}],"하의":[{"Y좌표9":381.827,"X좌표19":398.0,"X좌표18":233.0,"X좌표17":211.0,"X좌표16":184.0,"X좌표15":172.0,"X좌표14":160.0,"X좌표13":159.0,"X좌표12":168.0,"X좌표11":188.0,"Y좌표4":595.827,"X좌표10":204.0,"Y좌표3":728.827,"Y좌표2":786.827,"Y좌표1":798.827,"Y좌표8":390.827,"Y좌표7":376.827,"Y좌표6":447.827,"Y좌표5":510.827,"Y좌표15":697.827,"Y좌표14":604.827,"X좌표8":381.0,"Y좌표17":787.827,"X좌표9":275.0,"Y좌표16":774.827,"Y좌표11":412.827,"Y좌표10":369.827,"Y좌표13":524.827,"Y좌표12":467.827,"X좌표2":405.0,"X좌표3":413.0,"X좌표1":398.0,"X좌표6":435.0,"Y좌표19":796.827,"X좌표7":420.0,"Y좌표18":796.827,"X좌표4":440.0,"X좌표5":446.0}],"원피스":[{}],"상의":[{"Y좌표44":400.009,"Y좌표43":413.009,"Y좌표40":409.009,"Y좌표42":415.009,"Y좌표41":411.009,"X좌표39":190.0,"X좌표38":153.0,"X좌표37":133.0,"X좌표36":133.0,"X좌표35":118.0,"X좌표34":112.0,"X좌표33":124.0,"X좌표32":145.0,"X좌표31":275.0,"X좌표30":277.0,"Y좌표37":427.009,"Y좌표36":375.009,"X좌표8":740.0,"Y좌표39":478.009,"X좌표9":725.0,"Y좌표38":475.009,"Y좌표33":102.009,"Y좌표32":84.0085,"Y좌표35":317.009,"Y좌표34":169.009,"Y좌표31":40.0085,"Y좌표30":102.009,"X좌표44":420.0,"X좌표2":485.0,"X좌표43":391.0,"X좌표3":538.0,"X좌표42":344.0,"X좌표41":264.0,"X좌표1":421.0,"X좌표40":218.0,"X좌표6":725.0,"X좌표7":743.0,"X좌표4":606.0,"X좌표5":686.0,"Y좌표26":44.0085,"Y좌표25":23.0085,"Y좌표28":157.009,"Y좌표9":75.0085,"Y좌표27":93.0085,"Y좌표22":39.0085,"Y좌표21":29.0085,"Y좌표24":13.0085,"Y좌표23":28.0085,"Y좌표20":29.0085,"X좌표19":509.0,"X좌표18":550.0,"X좌표17":575.0,"X좌표16":557.0,"X좌표15":566.0,"X좌표14":603.0,"X좌표13":661.0,"X좌표12":669.0,"X좌표11":704.0,"Y좌표4":193.009,"X좌표10":723.0,"Y좌표3":206.009,"Y좌표2":296.009,"Y좌표1":400.009,"Y좌표8":92.0085,"Y좌표7":117.009,"Y좌표29":137.009,"Y좌표6":147.009,"Y좌표5":173.009,"Y좌표15":32.0085,"Y좌표14":0.00852966,"Y좌표17":59.0085,"Y좌표16":41.0085,"Y좌표11":25.0085,"Y좌표10":48.0085,"Y좌표13":1.00853,"Y좌표12":18.0085,"X좌표29":298.0,"X좌표28":325.0,"X좌표27":347.0,"X좌표26":362.0,"X좌표25":361.0,"X좌표24":368.0,"X좌표23":397.0,"X좌표22":419.0,"X좌표21":454.0,"X좌표20":480.0,"Y좌표19":36.0085,"Y좌표18":52.0085}]},"라벨링":{"스타일":[{"스타일":"소피스트케이티드"}],"아우터":[{}],"하의":[{"색상":"블랙","카테고리":"스커트","소재":["우븐"],"프린트":["무지"],"핏":"노멀"}],"원피스":[{}],"상의":[{"색상":"핑크","카테고리":"블라우스","옷깃":"테일러드칼라","디테일":["러플"],"소매기장":"긴팔","소재":["우븐"],"프린트":["무지"],"넥라인":"브이넥","핏":"노멀"}]}},"파일 번호":1236175,"파일 이름":"014-281-564-22,774-FRILL_017_10.jpg"}}