{"이미지 정보":{"이미지 식별자":1233902,"이미지 높이":800,"이미지 파일명":"010-277-1,934-20,975-FallingJ_026_04.jpg","이미지 너비":800},"데이터셋 정보":{"파일 생성일자":"2020-11-19 16:18:50","데이터셋 상세설명":{"렉트좌표":{"아우터":[{}],"하의":[{}],"원피스":[{}],"상의":[{"X좌표":267.233,"Y좌표":4.72921,"가로":314,"세로":591}]},"폴리곤좌표":{"아우터":[{}],"하의":[{}],"원피스":[{}],"상의":[{"Y좌표9":578.616,"Y좌표22":96.3379,"Y좌표21":118.768,"Y좌표24":42.2421,"Y좌표23":67.7275,"Y좌표20":171.753,"X좌표19":305.58,"X좌표18":299.191,"X좌표17":289.469,"X좌표16":278.705,"X좌표15":276.205,"X좌표14":267.733,"X좌표13":353.08,"X좌표12":406.273,"X좌표11":447.662,"Y좌표4":87.4492,"X좌표10":502.453,"Y좌표3":5.22921,"Y좌표2":9.18744,"Y좌표1":42.4504,"Y좌표8":551.187,"Y좌표7":417.44,"Y좌표6":355.497,"Y좌표5":228.001,"Y좌표15":455.217,"Y좌표14":526.951,"X좌표8":582.174,"Y좌표17":330.845,"X좌표9":558.425,"Y좌표16":386.677,"Y좌표11":589.936,"Y좌표10":597.158,"Y좌표13":551.464,"Y좌표12":573.2,"X좌표24":366.274,"X좌표23":360.024,"X좌표22":351.552,"X좌표2":426.551,"X좌표21":337.871,"X좌표3":496.064,"X좌표20":315.372,"X좌표1":367.177,"X좌표6":574.327,"Y좌표19":234.737,"X좌표7":573.772,"Y좌표18":274.944,"X좌표4":535.3,"X좌표5":569.05}]},"라벨링":{"스타일":[{"스타일":"밀리터리"}],"아우터":[{}],"하의":[{}],"원피스":[{}],"상의":[{"기장":"롱","색상":"그레이","카테고리":"셔츠","옷깃":"셔츠칼라","소매기장":"7부소매","소재":["우븐"],"핏":"노멀"}]}},"파일 번호":1233902,"파일 이름":"010-277-1,934-20,975-FallingJ_026_04.jpg"}}