{"이미지 정보":{"이미지 식별자":1233903,"이미지 높이":800,"이미지 파일명":"010-277-1,934-20,975-FallingJ_026_05.jpg","이미지 너비":800},"데이터셋 정보":{"파일 생성일자":"2020-11-19 16:18:50","데이터셋 상세설명":{"렉트좌표":{"아우터":[{"X좌표":331.418,"Y좌표":8.76697,"가로":285,"세로":341}],"하의":[{"X좌표":307.592,"Y좌표":329.602,"가로":220,"세로":375}],"원피스":[{}],"상의":[{"X좌표":337.493,"Y좌표":91.6576,"가로":196,"세로":282}]},"폴리곤좌표":{"아우터":[{"Y좌표44":53.6994,"Y좌표43":30.1525,"Y좌표40":20.4908,"Y좌표42":9.26697,"Y좌표41":23.2099,"X좌표39":390.178,"X좌표38":367.673,"X좌표37":350.547,"X좌표36":354.539,"X좌표35":346.324,"X좌표34":341.695,"X좌표33":338.629,"X좌표32":331.918,"X좌표31":359.515,"X좌표30":340.018,"Y좌표37":117.744,"Y좌표36":141.581,"X좌표8":596.897,"Y좌표39":39.8721,"X좌표9":592.326,"Y좌표38":75.9734,"Y좌표33":190.641,"Y좌표32":219.279,"Y좌표35":144.82,"Y좌표34":166.921,"Y좌표31":222.346,"Y좌표30":296.978,"X좌표44":491.889,"X좌표2":553.794,"X좌표43":485.698,"X좌표3":573.754,"X좌표42":471.871,"X좌표41":440.686,"X좌표1":522.031,"X좌표40":413.263,"X좌표6":615.468,"X좌표7":608.005,"X좌표4":607.889,"X좌표5":617.088,"Y좌표26":247.628,"Y좌표25":148.35,"Y좌표28":329.088,"Y좌표9":263.075,"Y좌표27":336.435,"Y좌표22":46.9882,"Y좌표21":71.4029,"Y좌표24":55.2036,"Y좌표23":39.525,"Y좌표20":100.33,"X좌표19":490.847,"X좌표18":484.194,"X좌표17":475.111,"X좌표16":467.242,"X좌표15":466.201,"X좌표14":498.137,"X좌표13":535.975,"X좌표12":542.859,"X좌표11":555.009,"Y좌표4":67.6423,"X좌표10":565.828,"Y좌표3":42.5913,"Y좌표2":23.9042,"Y좌표1":42.1863,"Y좌표8":220.205,"Y좌표7":212.973,"Y좌표29":321.914,"Y좌표6":173.806,"Y좌표5":125.786,"Y좌표15":340.311,"Y좌표14":339.964,"Y좌표17":238.603,"Y좌표16":288.184,"Y좌표11":304.557,"Y좌표10":267.125,"Y좌표13":350.32,"Y좌표12":329.608,"X좌표29":345.977,"X좌표28":383.641,"X좌표27":411.701,"X좌표26":442.422,"X좌표25":468.804,"X좌표24":492.814,"X좌표23":522.147,"X좌표22":517.519,"X좌표21":505.6,"X좌표20":499.178,"Y좌표19":139.729,"Y좌표18":183.525}],"하의":[{"X좌표36":338.987,"X좌표35":331.292,"X좌표34":323.077,"X좌표33":324.003,"X좌표32":322.498,"X좌표31":320.126,"X좌표30":317.696,"Y좌표36":330.217,"X좌표8":471.766,"X좌표9":458.748,"Y좌표33":460.217,"Y좌표32":490.88,"Y좌표35":360.07,"Y좌표34":406.354,"Y좌표31":535.254,"Y좌표30":564.934,"X좌표2":394.818,"X좌표3":449.954,"X좌표1":339.277,"X좌표6":500.578,"X좌표7":485.189,"X좌표4":501.793,"X좌표5":529.043,"Y좌표26":702.628,"Y좌표25":702.512,"Y좌표28":657.154,"Y좌표9":568.752,"Y좌표27":705.289,"Y좌표22":611.102,"Y좌표21":569.62,"Y좌표24":681.974,"Y좌표23":649.112,"Y좌표20":520.154,"X좌표19":396.554,"X좌표18":395.454,"X좌표17":394.297,"X좌표16":404.538,"X좌표15":404.133,"X좌표14":404.48,"X좌표13":421.084,"X좌표12":435.838,"X좌표11":439.309,"Y좌표4":362.327,"X좌표10":446.657,"Y좌표3":358.913,"Y좌표2":347.689,"Y좌표1":330.102,"Y좌표8":535.023,"Y좌표7":496.607,"Y좌표29":606.82,"Y좌표6":457.787,"Y좌표5":366.839,"Y좌표15":613.879,"Y좌표14":638.409,"Y좌표17":571.761,"Y좌표16":593.745,"Y좌표11":610.986,"Y좌표10":594.497,"Y좌표13":653.856,"Y좌표12":633.434,"X좌표29":313.299,"X좌표28":308.092,"X좌표27":316.308,"X좌표26":346.856,"X좌표25":369.188,"X좌표24":379.602,"X좌표23":379.891,"X좌표22":380.296,"X좌표21":382.784,"X좌표20":388.338,"Y좌표19":531.32,"Y좌표18":550.123}],"원피스":[{}],"상의":[{"Y좌표9":346.718,"X좌표16":479.16,"X좌표15":460.126,"X좌표14":439.645,"X좌표13":412.221,"X좌표12":382.484,"X좌표11":345.051,"Y좌표4":336.825,"X좌표10":337.993,"Y좌표3":200.982,"Y좌표2":95.5711,"Y좌표1":92.1576,"Y좌표8":357.363,"Y좌표7":361.529,"Y좌표6":374.951,"Y좌표5":346.429,"Y좌표15":160.253,"Y좌표14":239.398,"X좌표8":435.422,"X좌표9":396.08,"Y좌표16":97.2488,"Y좌표11":314.725,"Y좌표10":331.502,"Y좌표13":331.56,"Y좌표12":323.171,"X좌표2":509.188,"X좌표3":488.475,"X좌표1":481.012,"X좌표6":532.156,"X좌표7":477.945,"X좌표4":467.705,"X좌표5":534.123}]},"라벨링":{"스타일":[{"스타일":"밀리터리","서브스타일":"스트리트"}],"아우터":[{"기장":"하프","색상":"그레이","카테고리":"재킷","옷깃":"셔츠칼라","디테일":["포켓"],"소매기장":"7부소매","소재":["우븐"],"프린트":["무지"],"핏":"노멀"}],"하의":[{"기장":"발목","색상":"블랙","카테고리":"팬츠","소재":["우븐"],"프린트":["무지"],"핏":"루즈"}],"원피스":[{}],"상의":[{"기장":"롱","색상":"화이트","카테고리":"티셔츠","소매기장":"없음","소재":["린넨"],"프린트":["무지"],"넥라인":"유넥","핏":"노멀"}]}},"파일 번호":1233903,"파일 이름":"010-277-1,934-20,975-FallingJ_026_05.jpg"}}