{"이미지 정보":{"이미지 식별자":1233911,"이미지 높이":800,"이미지 파일명":"010-277-1,934-20,975-FallingJ_027_06.jpg","이미지 너비":800},"데이터셋 정보":{"파일 생성일자":"2020-11-19 16:18:52","데이터셋 상세설명":{"렉트좌표":{"아우터":[{}],"하의":[{}],"원피스":[{}],"상의":[{"X좌표":211.192,"Y좌표":2.71526,"가로":520,"세로":606}]},"폴리곤좌표":{"아우터":[{}],"하의":[{}],"원피스":[{}],"상의":[{"Y좌표44":7.59013,"Y좌표43":3.21526,"Y좌표40":108.837,"Y좌표42":38.1449,"Y좌표41":80.3659,"X좌표39":260.58,"X좌표38":230.928,"X좌표37":213.845,"X좌표36":211.692,"X좌표35":222.039,"X좌표34":238.914,"X좌표33":270.233,"X좌표32":306.83,"X좌표31":307.038,"X좌표30":293.983,"Y좌표37":199.46,"Y좌표36":258.278,"X좌표8":724.742,"Y좌표39":138.906,"X좌표9":710.784,"Y좌표38":173.072,"Y좌표33":328.484,"Y좌표32":314.318,"Y좌표35":304.943,"Y좌표34":346.609,"Y좌표31":329.318,"Y좌표30":356.678,"X좌표44":553.216,"X좌표2":593.216,"X좌표43":400.371,"X좌표3":639.049,"X좌표42":374.538,"X좌표41":318.774,"X좌표1":549.328,"X좌표40":285.719,"X좌표6":695.645,"X좌표7":732.451,"X좌표4":659.674,"X좌표5":659.882,"Y좌표26":521.396,"Y좌표25":490.841,"Y좌표28":439.176,"Y좌표9":215.571,"Y좌표27":479.036,"Y좌표22":557.436,"Y좌표21":586.533,"Y좌표24":503.549,"Y좌표23":541.395,"Y좌표20":591.394,"X좌표19":569.327,"X좌표18":584.188,"X좌표17":592.799,"X좌표16":603.702,"X좌표15":618.493,"X좌표14":635.577,"X좌표13":662.035,"X좌표12":650.09,"X좌표11":666.132,"Y좌표4":61.1303,"X좌표10":688.771,"Y좌표3":69.9496,"Y좌표2":51.2695,"Y좌표1":7.03459,"Y좌표8":165.919,"Y좌표7":117.309,"Y좌표29":395.913,"Y좌표6":68.9079,"Y좌표5":36.2699,"Y좌표15":416.398,"Y좌표14":375.705,"Y좌표17":516.951,"Y좌표16":462.925,"Y좌표11":315.498,"Y좌표10":272.861,"Y좌표13":382.024,"Y좌표12":342.72,"X좌표29":278.844,"X좌표28":263.358,"X좌표27":242.108,"X좌표26":256.969,"X좌표25":281.414,"X좌표24":309.608,"X좌표23":348.705,"X좌표22":398.079,"X좌표21":463.217,"X좌표20":513.633,"Y좌표19":610.213,"Y좌표18":567.019}]},"라벨링":{"스타일":[{"스타일":"밀리터리"}],"아우터":[{}],"하의":[{}],"원피스":[{}],"상의":[{"기장":"롱","색상":"실버","서브색상":"화이트","카테고리":"티셔츠","디테일":["드롭숄더"],"소매기장":"7부소매","소재":["린넨"],"프린트":["타이다이"],"넥라인":"라운드넥","핏":"루즈"}]}},"파일 번호":1233911,"파일 이름":"010-277-1,934-20,975-FallingJ_027_06.jpg"}}