{"이미지 정보":{"이미지 식별자":1233913,"이미지 높이":800,"이미지 파일명":"010-277-1,934-20,975-FallingJ_027_08.jpg","이미지 너비":800},"데이터셋 정보":{"파일 생성일자":"2020-11-19 16:18:53","데이터셋 상세설명":{"렉트좌표":{"아우터":[{}],"하의":[{}],"원피스":[{}],"상의":[{"X좌표":3.41638,"Y좌표":60.3526,"가로":492,"세로":516}]},"폴리곤좌표":{"아우터":[{}],"하의":[{}],"원피스":[{}],"상의":[{"Y좌표44":67.3802,"Y좌표43":100.157,"Y좌표45":66.6858,"Y좌표40":180.363,"Y좌표42":120.295,"Y좌표41":144.6,"X좌표39":90.2349,"X좌표38":68.5685,"X좌표37":52.8742,"X좌표36":39.4021,"X좌표35":29.8189,"X좌표34":3.91638,"X좌표33":40.8605,"X좌표32":18.0829,"X좌표31":43.7771,"X좌표30":63.7769,"Y좌표37":322.512,"Y좌표36":366.261,"X좌표8":464.606,"Y좌표39":228.348,"X좌표9":495.995,"Y좌표38":277.305,"Y좌표33":465.008,"Y좌표32":506.882,"Y좌표35":402.579,"Y좌표34":440.078,"Y좌표31":555.145,"Y좌표30":516.118,"X좌표45":232.525,"X좌표44":222.317,"X좌표2":266.066,"X좌표43":162.595,"X좌표3":298.08,"X좌표42":136.346,"X좌표41":114.957,"X좌표1":227.595,"X좌표40":102.665,"X좌표6":394.954,"X좌표7":416.134,"X좌표4":330.163,"X좌표5":361.482,"Y좌표26":489.799,"Y좌표25":508.41,"Y좌표28":470.703,"Y좌표9":95.0183,"Y좌표27":479.383,"Y좌표22":576.88,"Y좌표21":564.936,"Y좌표24":540.145,"Y좌표23":563.547,"Y좌표20":535.77,"X좌표19":373.635,"X좌표18":407.315,"X좌표17":435.648,"X좌표16":458.842,"X좌표15":469.259,"X좌표14":481.342,"X좌표13":493.078,"X좌표12":495.509,"X좌표11":496.897,"Y좌표4":93.9072,"X좌표10":495.856,"Y좌표3":99.9487,"Y좌표2":94.185,"Y좌표1":67.9357,"Y좌표8":73.0745,"Y좌표7":60.8526,"Y좌표29":495.563,"Y좌표6":73.9078,"Y좌표5":86.6852,"Y좌표15":445.356,"Y좌표14":402.302,"Y좌표17":535.284,"Y좌표16":489.938,"Y좌표11":208.349,"Y좌표10":148.072,"Y좌표13":349.664,"Y좌표12":284.458,"X좌표29":78.4295,"X좌표28":102.874,"X좌표27":141.554,"X좌표26":172.109,"X좌표25":203.081,"X좌표24":244.608,"X좌표23":293.497,"X좌표22":344.052,"X좌표21":342.802,"X좌표20":362.732,"Y좌표19":502.229,"Y좌표18":537.367}]},"라벨링":{"스타일":[{"스타일":"밀리터리"}],"아우터":[{}],"하의":[{}],"원피스":[{}],"상의":[{"기장":"롱","색상":"실버","서브색상":"화이트","카테고리":"티셔츠","디테일":["드롭숄더"],"소매기장":"7부소매","소재":["린넨"],"프린트":["타이다이"],"넥라인":"라운드넥","핏":"루즈"}]}},"파일 번호":1233913,"파일 이름":"010-277-1,934-20,975-FallingJ_027_08.jpg"}}