{"이미지 정보":{"이미지 식별자":1240597,"이미지 높이":800,"이미지 파일명":"018-285-4,257-35,865-hanna_321_01.jpg","이미지 너비":800},"데이터셋 정보":{"파일 생성일자":"2020-11-19 16:49:20","데이터셋 상세설명":{"렉트좌표":{"아우터":[{}],"하의":[{}],"원피스":[{"X좌표":226.295,"Y좌표":-0.493057,"가로":357,"세로":662}],"상의":[{}]},"폴리곤좌표":{"아우터":[{}],"하의":[{}],"원피스":[{"Y좌표40":12.0069,"X좌표39":443.795,"X좌표38":416.795,"X좌표37":392.795,"X좌표36":365.795,"X좌표35":353.795,"X좌표34":319.795,"X좌표33":290.795,"X좌표32":278.795,"X좌표31":282.795,"X좌표30":304.795,"Y좌표37":9.00694,"Y좌표36":1.00694,"X좌표8":527.795,"Y좌표39":0.00694275,"X좌표9":523.795,"Y좌표38":0.00694275,"Y좌표33":50.0069,"Y좌표32":123.007,"Y좌표35":24.0069,"Y좌표34":24.0069,"Y좌표31":174.007,"Y좌표30":174.007,"X좌표2":488.795,"X좌표3":508.795,"X좌표1":448.795,"X좌표40":450.795,"X좌표6":535.795,"X좌표7":538.795,"X좌표4":519.795,"X좌표5":538.795,"Y좌표26":411.007,"Y좌표25":616.007,"Y좌표28":234.007,"Y좌표9":203.007,"Y좌표27":363.007,"Y좌표22":643.007,"Y좌표21":642.007,"Y좌표24":644.007,"Y좌표23":663.007,"Y좌표20":659.007,"X좌표19":453.795,"X좌표18":478.795,"X좌표17":525.795,"X좌표16":584.795,"X좌표15":510.795,"X좌표14":494.795,"X좌표13":478.795,"X좌표12":475.795,"X좌표11":475.795,"Y좌표4":89.0069,"X좌표10":480.795,"Y좌표3":59.0069,"Y좌표2":23.0069,"Y좌표1":12.0069,"Y좌표8":183.007,"Y좌표7":167.007,"Y좌표29":227.007,"Y좌표6":143.007,"Y좌표5":99.0069,"Y좌표15":404.007,"Y좌표14":377.007,"Y좌표17":631.007,"Y좌표16":610.007,"Y좌표11":156.007,"Y좌표10":190.007,"Y좌표13":276.007,"Y좌표12":211.007,"X좌표29":293.795,"X좌표28":315.795,"X좌표27":279.795,"X좌표26":259.795,"X좌표25":226.795,"X좌표24":309.795,"X좌표23":332.795,"X좌표22":378.795,"X좌표21":405.795,"X좌표20":429.795,"Y좌표19":637.007,"Y좌표18":626.007}],"상의":[{}]},"라벨링":{"스타일":[{"스타일":"웨스턴"}],"아우터":[{}],"하의":[{}],"원피스":[{"기장":"발목","색상":"블랙","카테고리":"드레스","옷깃":"셔츠칼라","디테일":["퍼프","셔링","플레어"],"소매기장":"7부소매","소재":["가죽","메시"],"프린트":["무지"],"핏":"노멀"}],"상의":[{}]}},"파일 번호":1240597,"파일 이름":"018-285-4,257-35,865-hanna_321_01.jpg"}}