{"이미지 정보":{"이미지 식별자":1240604,"이미지 높이":800,"이미지 파일명":"018-285-4,257-35,865-hanna_321_09.jpg","이미지 너비":800},"데이터셋 정보":{"파일 생성일자":"2020-11-19 16:49:22","데이터셋 상세설명":{"렉트좌표":{"아우터":[{}],"하의":[{}],"원피스":[{"X좌표":200.295,"Y좌표":8.50694,"가로":295,"세로":663}],"상의":[{}]},"폴리곤좌표":{"아우터":[{}],"하의":[{}],"원피스":[{"X좌표31":339.795,"X좌표30":319.795,"X좌표8":478.795,"X좌표9":472.795,"Y좌표31":11.0069,"Y좌표30":27.0069,"X좌표2":365.795,"X좌표3":390.795,"X좌표1":338.795,"X좌표6":469.795,"X좌표7":496.795,"X좌표4":416.795,"X좌표5":458.795,"Y좌표26":188.007,"Y좌표25":200.007,"Y좌표28":89.0069,"Y좌표9":203.007,"Y좌표27":138.007,"Y좌표22":224.007,"Y좌표21":393.007,"Y좌표24":247.007,"Y좌표23":253.007,"Y좌표20":433.007,"X좌표19":200.795,"X좌표18":204.795,"X좌표17":267.795,"X좌표16":319.795,"X좌표15":380.795,"X좌표14":425.795,"X좌표13":433.795,"X좌표12":486.795,"X좌표11":474.795,"Y좌표4":27.0069,"X좌표10":449.795,"Y좌표3":9.00694,"Y좌표2":23.0069,"Y좌표1":10.0069,"Y좌표8":173.007,"Y좌표7":141.007,"Y좌표29":39.0069,"Y좌표6":73.0069,"Y좌표5":39.0069,"Y좌표15":657.007,"Y좌표14":669.007,"Y좌표17":654.007,"Y좌표16":673.007,"Y좌표11":280.007,"Y좌표10":209.007,"Y좌표13":640.007,"Y좌표12":647.007,"X좌표29":275.795,"X좌표28":242.795,"X좌표27":243.795,"X좌표26":244.795,"X좌표25":264.795,"X좌표24":255.795,"X좌표23":284.795,"X좌표22":296.795,"X좌표21":268.795,"X좌표20":247.795,"Y좌표19":603.007,"Y좌표18":613.007}],"상의":[{}]},"라벨링":{"스타일":[{"스타일":"웨스턴"}],"아우터":[{}],"하의":[{}],"원피스":[{"기장":"발목","색상":"블랙","카테고리":"드레스","옷깃":"셔츠칼라","디테일":["퍼프","셔링","플레어"],"소매기장":"7부소매","소재":["가죽","메시"],"프린트":["무지"],"핏":"노멀"}],"상의":[{}]}},"파일 번호":1240604,"파일 이름":"018-285-4,257-35,865-hanna_321_09.jpg"}}