{"이미지 정보":{"이미지 식별자":1240600,"이미지 높이":800,"이미지 파일명":"018-285-4,257-35,865-hanna_321_04.jpg","이미지 너비":800},"데이터셋 정보":{"파일 생성일자":"2020-11-19 16:49:21","데이터셋 상세설명":{"렉트좌표":{"아우터":[{}],"하의":[{}],"원피스":[{"X좌표":306.295,"Y좌표":6.50694,"가로":343,"세로":785}],"상의":[{}]},"폴리곤좌표":{"아우터":[{}],"하의":[{}],"원피스":[{"X좌표36":503.795,"X좌표35":468.795,"X좌표34":450.795,"X좌표33":425.795,"X좌표32":375.795,"X좌표31":344.795,"X좌표30":330.795,"Y좌표36":29.0069,"X좌표8":625.795,"X좌표9":602.795,"Y좌표33":30.0069,"Y좌표32":49.0069,"Y좌표35":7.00694,"Y좌표34":31.0069,"Y좌표31":94.0069,"Y좌표30":157.007,"X좌표2":528.795,"X좌표3":543.795,"X좌표1":507.795,"X좌표6":615.795,"X좌표7":647.795,"X좌표4":588.795,"X좌표5":608.795,"Y좌표26":253.007,"Y좌표25":297.007,"Y좌표28":197.007,"Y좌표9":210.007,"Y좌표27":216.007,"Y좌표22":759.007,"Y좌표21":776.007,"Y좌표24":457.007,"Y좌표23":733.007,"Y좌표20":793.007,"X좌표19":520.795,"X좌표18":529.795,"X좌표17":617.795,"X좌표16":620.795,"X좌표15":650.795,"X좌표14":620.795,"X좌표13":619.795,"X좌표12":597.795,"X좌표11":584.795,"Y좌표4":53.0069,"X좌표10":606.795,"Y좌표3":37.0069,"Y좌표2":16.0069,"Y좌표1":30.0069,"Y좌표8":206.007,"Y좌표7":164.007,"Y좌표29":181.007,"Y좌표6":117.007,"Y좌표5":87.0069,"Y좌표15":722.007,"Y좌표14":651.007,"Y좌표17":774.007,"Y좌표16":741.007,"Y좌표11":282.007,"Y좌표10":273.007,"Y좌표13":603.007,"Y좌표12":461.007,"X좌표29":340.795,"X좌표28":359.795,"X좌표27":356.795,"X좌표26":375.795,"X좌표25":377.795,"X좌표24":359.795,"X좌표23":306.795,"X좌표22":315.795,"X좌표21":375.795,"X좌표20":466.795,"Y좌표19":789.007,"Y좌표18":774.007}],"상의":[{}]},"라벨링":{"스타일":[{"스타일":"웨스턴"}],"아우터":[{}],"하의":[{}],"원피스":[{"기장":"발목","색상":"블랙","카테고리":"드레스","옷깃":"셔츠칼라","디테일":["퍼프","셔링","플레어"],"소매기장":"7부소매","소재":["가죽","메시"],"프린트":["무지"],"핏":"노멀"}],"상의":[{}]}},"파일 번호":1240600,"파일 이름":"018-285-4,257-35,865-hanna_321_04.jpg"}}