{"이미지 정보":{"이미지 식별자":1240599,"이미지 높이":800,"이미지 파일명":"018-285-4,257-35,865-hanna_321_03.jpg","이미지 너비":800},"데이터셋 정보":{"파일 생성일자":"2020-11-19 16:49:21","데이터셋 상세설명":{"렉트좌표":{"아우터":[{}],"하의":[{}],"원피스":[{"X좌표":218.295,"Y좌표":-0.493057,"가로":358,"세로":658}],"상의":[{}]},"폴리곤좌표":{"아우터":[{}],"하의":[{}],"원피스":[{"X좌표36":440.795,"X좌표35":434.795,"X좌표34":404.795,"X좌표33":389.795,"X좌표32":368.795,"X좌표31":356.795,"X좌표30":316.795,"Y좌표36":11.0069,"X좌표8":475.795,"X좌표9":466.795,"Y좌표33":8.00694,"Y좌표32":1.00694,"Y좌표35":0.00694275,"Y좌표34":0.00694275,"Y좌표31":24.0069,"Y좌표30":23.0069,"X좌표2":482.795,"X좌표3":514.795,"X좌표1":442.795,"X좌표6":528.795,"X좌표7":514.795,"X좌표4":539.795,"X좌표5":529.795,"Y좌표26":177.007,"Y좌표25":231.007,"Y좌표28":134.007,"Y좌표9":153.007,"Y좌표27":177.007,"Y좌표22":611.007,"Y좌표21":636.007,"Y좌표24":234.007,"Y좌표23":368.007,"Y좌표20":651.007,"X좌표19":385.795,"X좌표18":416.795,"X좌표17":446.795,"X좌표16":479.795,"X좌표15":524.795,"X좌표14":577.795,"X좌표13":492.795,"X좌표12":474.795,"X좌표11":462.795,"Y좌표4":108.007,"X좌표10":469.795,"Y좌표3":81.0069,"Y좌표2":27.0069,"Y좌표1":12.0069,"Y좌표8":197.007,"Y좌표7":210.007,"Y좌표29":51.0069,"Y좌표6":174.007,"Y좌표5":143.007,"Y좌표15":636.007,"Y좌표14":607.007,"Y좌표17":639.007,"Y좌표16":622.007,"Y좌표11":237.007,"Y좌표10":201.007,"Y좌표13":382.007,"Y좌표12":268.007,"X좌표29":282.795,"X좌표28":265.795,"X좌표27":278.795,"X좌표26":296.795,"X좌표25":287.795,"X좌표24":309.795,"X좌표23":274.795,"X좌표22":218.795,"X좌표21":304.795,"X좌표20":328.795,"Y좌표19":639.007,"Y좌표18":659.007}],"상의":[{}]},"라벨링":{"스타일":[{"스타일":"웨스턴"}],"아우터":[{}],"하의":[{}],"원피스":[{"기장":"발목","색상":"블랙","카테고리":"드레스","옷깃":"셔츠칼라","디테일":["퍼프","셔링","플레어"],"소매기장":"7부소매","소재":["가죽","메시"],"프린트":["무지"],"핏":"노멀"}],"상의":[{}]}},"파일 번호":1240599,"파일 이름":"018-285-4,257-35,865-hanna_321_03.jpg"}}