{"이미지 정보":{"이미지 식별자":1224587,"이미지 높이":800,"이미지 파일명":"1-(9)-003-270-965-2,132-TIARA_002_02.jpg","이미지 너비":800},"데이터셋 정보":{"파일 생성일자":"2020-11-19 15:39:42","데이터셋 상세설명":{"렉트좌표":{"아우터":[{"X좌표":200.016,"Y좌표":1.50416,"가로":549,"세로":767}],"하의":[{}],"원피스":[{}],"상의":[{"X좌표":368.782,"Y좌표":79.3958,"가로":159,"세로":372}]},"폴리곤좌표":{"아우터":[{"Y좌표44":21.9764,"Y좌표43":106.858,"Y좌표40":397.454,"Y좌표42":155.79,"Y좌표41":207.718,"X좌표39":204.511,"X좌표38":200.516,"X좌표37":218.491,"X좌표36":246.452,"X좌표35":249.448,"X좌표34":266.425,"X좌표33":312.361,"X좌표32":348.311,"X좌표31":426.202,"X좌표30":422.208,"Y좌표37":648.106,"Y좌표36":648.106,"X좌표8":683.844,"Y좌표39":595.179,"X좌표9":745.758,"Y좌표38":622.142,"Y좌표33":764.943,"Y좌표32":760.949,"Y좌표35":760.949,"Y좌표34":764.943,"Y좌표31":769.936,"Y좌표30":744.971,"X좌표44":365.287,"X좌표2":595.966,"X좌표43":277.409,"X좌표3":706.812,"X좌표42":257.437,"X좌표41":235.468,"X좌표1":470.141,"X좌표40":212.5,"X좌표6":726.784,"X좌표7":675.855,"X좌표4":749.752,"X좌표5":734.773,"Y좌표26":8.99443,"Y좌표25":33.9597,"Y좌표28":301.587,"Y좌표9":679.062,"Y좌표27":21.9764,"Y좌표22":359.507,"Y좌표21":435.401,"Y좌표24":98.8694,"Y좌표23":250.658,"Y좌표20":465.36,"X좌표19":545.037,"X좌표18":565.009,"X좌표17":560.016,"X좌표16":558.019,"X좌표15":548.033,"X좌표14":604.954,"X좌표13":604.954,"X좌표12":675.855,"X좌표11":686.84,"Y좌표4":306.581,"X좌표10":695.827,"Y좌표3":113.849,"Y좌표2":2.00416,"Y좌표1":4.00138,"Y좌표8":491.324,"Y좌표7":439.396,"Y좌표29":629.132,"Y좌표6":371.49,"Y좌표5":338.536,"Y좌표15":719.007,"Y좌표14":710.019,"Y좌표17":532.267,"Y좌표16":593.182,"Y좌표11":692.044,"Y좌표10":691.046,"Y좌표13":735.983,"Y좌표12":724.999,"X좌표29":404.233,"X좌표28":396.244,"X좌표27":364.288,"X좌표26":468.144,"X좌표25":468.144,"X좌표24":446.175,"X좌표23":419.212,"X좌표22":467.145,"X좌표21":525.065,"X좌표20":510.086,"Y좌표19":498.314,"Y좌표18":511.296}],"하의":[{}],"원피스":[{}],"상의":[{"Y좌표9":448.383,"X좌표15":369.282,"X좌표14":388.255,"X좌표13":396.244,"X좌표12":445.176,"X좌표11":480.127,"Y좌표4":85.8875,"X좌표10":490.113,"Y좌표3":96.8722,"Y좌표2":92.8778,"Y좌표1":79.8958,"Y좌표8":432.406,"Y좌표7":367.496,"Y좌표6":246.664,"Y좌표5":79.8958,"Y좌표15":81.893,"Y좌표14":305.582,"X좌표8":529.059,"X좌표9":522.069,"Y좌표11":452.378,"Y좌표10":449.382,"Y좌표13":439.396,"Y좌표12":452.378,"X좌표2":389.254,"X좌표3":415.218,"X좌표1":373.276,"X좌표6":432.194,"X좌표7":480.127,"X좌표4":447.173,"X좌표5":459.156}]},"라벨링":{"스타일":[{"스타일":"웨스턴","서브스타일":"스트리트"}],"아우터":[{"기장":"하프","색상":"베이지","카테고리":"재킷","옷깃":"테일러드칼라","소매기장":"긴팔","소재":["우븐"],"프린트":["무지"],"핏":"루즈"}],"하의":[{}],"원피스":[{}],"상의":[{"기장":"노멀","색상":"화이트","카테고리":"티셔츠","소매기장":"없음","소재":["저지"],"프린트":["무지"],"넥라인":"라운드넥","핏":"노멀"}]}},"파일 번호":1224587,"파일 이름":"1-(9)-003-270-965-2,132-TIARA_002_02.jpg"}}