{"이미지 정보":{"이미지 식별자":1224591,"이미지 높이":800,"이미지 파일명":"1-(9)-003-270-965-2,132-TIARA_002_06.jpg","이미지 너비":800},"데이터셋 정보":{"파일 생성일자":"2020-11-19 15:39:43","데이터셋 상세설명":{"렉트좌표":{"아우터":[{"X좌표":169.059,"Y좌표":3.50138,"가로":525,"세로":745}],"하의":[{}],"원피스":[{}],"상의":[{}]},"폴리곤좌표":{"아우터":[{"X좌표39":176.55,"X좌표38":170.558,"X좌표37":182.541,"X좌표36":187.534,"X좌표35":236.466,"X좌표34":208.505,"X좌표33":218.491,"X좌표32":218.491,"X좌표31":225.482,"X좌표30":240.461,"X좌표49":402.236,"X좌표48":349.309,"X좌표47":328.338,"X좌표46":322.347,"X좌표45":230.475,"X좌표44":200.516,"X좌표43":169.559,"X좌표42":175.551,"X좌표41":205.509,"X좌표40":198.519,"Y좌표26":749.964,"Y좌표25":749.964,"Y좌표28":744.971,"Y좌표27":749.964,"Y좌표22":668.078,"Y좌표21":619.146,"Y좌표24":722.003,"Y좌표23":709.021,"Y좌표20":516.289,"X좌표51":422.208,"X좌표50":414.219,"Y좌표29":711.018,"Y좌표15":422.419,"Y좌표14":453.376,"Y좌표17":400.45,"Y좌표16":400.45,"Y좌표11":417.426,"Y좌표10":393.46,"Y좌표13":452.378,"Y좌표12":442.392,"Y좌표19":429.41,"Y좌표18":421.421,"Y좌표48":233.682,"Y좌표47":149.799,"Y좌표49":97.8708,"Y좌표44":116.844,"Y좌표43":320.561,"Y좌표46":39.9514,"Y좌표45":85.8875,"Y좌표40":373.487,"Y좌표42":346.525,"Y좌표41":365.499,"Y좌표37":428.411,"Y좌표36":467.357,"X좌표8":694.829,"Y좌표39":386.469,"X좌표9":678.851,"Y좌표38":406.442,"Y좌표33":562.225,"Y좌표32":613.154,"Y좌표35":462.364,"Y좌표34":539.257,"Y좌표31":658.092,"Y좌표30":701.032,"X좌표2":492.111,"X좌표3":554.025,"X좌표1":428.2,"X좌표6":679.85,"X좌표7":687.838,"X좌표4":609.947,"X좌표5":639.905,"Y좌표9":380.478,"X좌표19":522.069,"X좌표18":530.058,"X좌표17":544.038,"X좌표16":547.034,"X좌표15":579.988,"X좌표14":601.958,"X좌표13":629.919,"X좌표12":657.88,"X좌표11":659.877,"Y좌표4":86.8861,"X좌표10":663.872,"Y좌표3":27.968,"Y좌표2":13.9875,"Y좌표1":4.00138,"Y좌표8":348.522,"Y좌표7":331.546,"Y좌표6":306.581,"Y좌표5":155.79,"Y좌표51":5.9986,"Y좌표50":51.9347,"X좌표29":288.394,"X좌표28":336.327,"X좌표27":413.22,"X좌표26":445.176,"X좌표25":507.09,"X좌표24":598.962,"X좌표23":607.95,"X좌표22":624.926,"X좌표21":602.956,"X좌표20":565.009}],"하의":[{}],"원피스":[{}],"상의":[{}]},"라벨링":{"스타일":[{"스타일":"웨스턴","서브스타일":"스트리트"}],"아우터":[{"기장":"하프","색상":"베이지","카테고리":"재킷","옷깃":"테일러드칼라","디테일":["더블브레스티드","리본"],"소매기장":"7부소매","소재":["우븐"],"프린트":["무지"],"넥라인":"브이넥","핏":"루즈"}],"하의":[{}],"원피스":[{}],"상의":[{}]}},"파일 번호":1224591,"파일 이름":"1-(9)-003-270-965-2,132-TIARA_002_06.jpg"}}