{"이미지 정보":{"이미지 식별자":1224605,"이미지 높이":800,"이미지 파일명":"1-(9)-003-270-965-2,132-TIARA_002_11_10.jpg","이미지 너비":800},"데이터셋 정보":{"파일 생성일자":"2020-11-19 15:39:46","데이터셋 상세설명":{"렉트좌표":{"아우터":[{"X좌표":188.033,"Y좌표":-0.493067,"가로":454,"세로":791}],"하의":[{}],"원피스":[{}],"상의":[{}]},"폴리곤좌표":{"아우터":[{"X좌표36":460.155,"X좌표35":435.19,"X좌표34":425.204,"X좌표33":380.266,"X좌표32":295.384,"X좌표31":308.366,"X좌표30":335.329,"Y좌표36":1.00554,"X좌표8":595.966,"X좌표9":562.013,"Y좌표33":71.9069,"Y좌표32":192.739,"Y좌표35":5.9986,"Y좌표34":17.9819,"Y좌표31":149.799,"Y좌표30":36.9555,"X좌표2":506.091,"X좌표3":528.061,"X좌표1":459.156,"X좌표6":639.905,"X좌표7":642.901,"X좌표4":560.016,"X좌표5":617.936,"Y좌표26":372.489,"Y좌표25":643.112,"Y좌표28":83.8903,"Y좌표9":535.262,"Y좌표27":200.728,"Y좌표22":717.01,"Y좌표21":433.404,"Y좌표24":668.078,"Y좌표23":686.053,"Y좌표20":709.021,"X좌표19":349.309,"X좌표18":354.302,"X좌표17":458.158,"X좌표16":514.08,"X좌표15":527.062,"X좌표14":533.054,"X좌표13":547.034,"X좌표12":581.986,"X좌표11":574.995,"Y좌표4":95.8736,"X좌표10":563.012,"Y좌표3":31.9625,"Y좌표2":27.968,"Y좌표1":0.00693311,"Y좌표8":491.324,"Y좌표7":377.482,"Y좌표29":36.9555,"Y좌표6":337.537,"Y좌표5":201.726,"Y좌표15":699.035,"Y좌표14":726.996,"Y좌표17":734.985,"Y좌표16":730.99,"Y좌표11":777.925,"Y좌표10":699.035,"Y좌표13":791.906,"Y좌표12":787.911,"X좌표29":324.344,"X좌표28":265.426,"X좌표27":246.452,"X좌표26":226.48,"X좌표25":188.533,"X좌표24":197.52,"X좌표23":218.491,"X좌표22":266.425,"X좌표21":289.393,"X좌표20":309.365,"Y좌표19":719.007,"Y좌표18":735.983}],"하의":[{}],"원피스":[{}],"상의":[{}]},"라벨링":{"스타일":[{"스타일":"웨스턴","서브스타일":"스트리트"}],"아우터":[{"기장":"하프","색상":"브라운","카테고리":"재킷","옷깃":"테일러드칼라","디테일":["띠"],"소매기장":"긴팔","소재":["우븐"],"프린트":["무지"],"핏":"루즈"}],"하의":[{}],"원피스":[{}],"상의":[{}]}},"파일 번호":1224605,"파일 이름":"1-(9)-003-270-965-2,132-TIARA_002_11_10.jpg"}}