{"이미지 정보":{"이미지 식별자":1224604,"이미지 높이":800,"이미지 파일명":"1-(9)-003-270-965-2,132-TIARA_002_11_9.jpg","이미지 너비":800},"데이터셋 정보":{"파일 생성일자":"2020-11-19 15:39:46","데이터셋 상세설명":{"렉트좌표":{"아우터":[{"X좌표":144.094,"Y좌표":1.50416,"가로":539,"세로":745}],"하의":[{}],"원피스":[{}],"상의":[{"X좌표":321.847,"Y좌표":71.4069,"가로":140,"세로":413}]},"폴리곤좌표":{"아우터":[{"X좌표36":324.344,"X좌표35":253.443,"X좌표34":222.486,"X좌표33":192.527,"X좌표32":157.576,"X좌표31":144.594,"X좌표30":148.588,"Y좌표36":9.99304,"X좌표8":616.937,"X좌표9":587.977,"Y좌표33":175.762,"Y좌표32":523.279,"Y좌표35":39.9514,"Y좌표34":92.8778,"Y좌표31":541.254,"Y좌표30":579.201,"X좌표2":554.025,"X좌표3":642.901,"X좌표1":446.175,"X좌표6":604.954,"X좌표7":617.936,"X좌표4":673.858,"X좌표5":683.844,"Y좌표26":721.004,"Y좌표25":717.01,"Y좌표28":610.158,"Y좌표9":672.072,"Y좌표27":681.06,"Y좌표22":481.337,"Y좌표21":260.644,"Y좌표24":747.967,"Y좌표23":660.089,"Y좌표20":8.99443,"X좌표19":444.177,"X좌표18":439.184,"X좌표17":404.233,"X좌표16":390.252,"X좌표15":410.225,"X좌표14":446.175,"X좌표13":489.115,"X좌표12":489.115,"X좌표11":522.069,"Y좌표4":279.618,"X좌표10":552.027,"Y좌표3":181.754,"Y좌표2":32.9611,"Y좌표1":2.00416,"Y좌표8":657.093,"Y좌표7":607.162,"Y좌표29":606.164,"Y좌표6":466.358,"Y좌표5":341.532,"Y좌표15":403.446,"Y좌표14":476.344,"Y좌표17":155.79,"Y좌표16":299.59,"Y좌표11":678.064,"Y좌표10":677.065,"Y좌표13":535.262,"Y좌표12":546.247,"X좌표29":159.573,"X좌표28":200.516,"X좌표27":207.507,"X좌표26":234.469,"X좌표25":299.379,"X좌표24":383.262,"X좌표23":373.276,"X좌표22":376.272,"X좌표21":358.297,"X좌표20":328.338,"Y좌표19":9.99304,"Y좌표18":55.9292}],"하의":[{}],"원피스":[{}],"상의":[{"Y좌표9":476.344,"X좌표15":322.347,"X좌표14":330.336,"X좌표13":345.315,"X좌표12":370.28,"X좌표11":390.252,"Y좌표4":79.8958,"X좌표10":440.183,"Y좌표3":91.8792,"Y좌표2":93.8764,"Y좌표1":76.9,"Y좌표8":456.372,"Y좌표7":379.479,"Y좌표6":231.685,"Y좌표5":71.9069,"Y좌표15":77.8986,"Y좌표14":153.793,"X좌표8":447.173,"X좌표9":463.151,"Y좌표11":477.343,"Y좌표10":485.332,"Y좌표13":242.669,"Y좌표12":476.344,"X좌표2":359.295,"X좌표3":389.254,"X좌표1":324.344,"X좌표6":399.24,"X좌표7":413.22,"X좌표4":422.208,"X좌표5":433.193}]},"라벨링":{"스타일":[{"스타일":"웨스턴","서브스타일":"스트리트"}],"아우터":[{"기장":"하프","색상":"브라운","카테고리":"재킷","옷깃":"테일러드칼라","디테일":["띠"],"소매기장":"긴팔","소재":["우븐"],"프린트":["무지"],"핏":"루즈"}],"하의":[{}],"원피스":[{}],"상의":[{"기장":"노멀","색상":"화이트","카테고리":"티셔츠","소매기장":"없음","소재":["저지"],"프린트":["무지"],"넥라인":"라운드넥","핏":"노멀"}]}},"파일 번호":1224604,"파일 이름":"1-(9)-003-270-965-2,132-TIARA_002_11_9.jpg"}}