{"이미지 정보":{"이미지 식별자":1224590,"이미지 높이":800,"이미지 파일명":"1-(9)-003-270-965-2,132-TIARA_002_05.jpg","이미지 너비":800},"데이터셋 정보":{"파일 생성일자":"2020-11-19 15:39:43","데이터셋 상세설명":{"렉트좌표":{"아우터":[{"X좌표":226.979,"Y좌표":0.505544,"가로":568,"세로":793}],"하의":[{}],"원피스":[{}],"상의":[{"X좌표":411.722,"Y좌표":86.3861,"가로":192,"세로":339}]},"폴리곤좌표":{"아우터":[{"X좌표39":335.329,"X좌표38":357.298,"X좌표37":383.262,"X좌표36":415.218,"X좌표35":484.122,"X좌표34":492.111,"X좌표33":509.087,"X좌표32":473.137,"X좌표31":404.233,"X좌표30":513.081,"X좌표49":286.397,"X좌표48":227.479,"X좌표47":242.458,"X좌표46":272.416,"X좌표45":326.341,"X좌표44":297.382,"X좌표43":289.393,"X좌표42":312.361,"X좌표41":330.336,"X좌표40":339.323,"Y좌표26":292.6,"Y좌표25":380.478,"Y좌표28":89.8819,"Y좌표27":251.657,"Y좌표22":473.349,"Y좌표21":507.301,"Y좌표24":399.451,"Y좌표23":425.415,"Y좌표20":635.124,"X좌표51":400.238,"X좌표50":326.341,"Y좌표29":49.9375,"Y좌표15":615.151,"Y좌표14":599.174,"Y좌표17":635.124,"Y좌표16":619.146,"Y좌표11":428.411,"Y좌표10":402.447,"Y좌표13":522.281,"Y좌표12":436.4,"Y좌표19":631.129,"Y좌표18":621.143,"Y좌표48":318.12,"Y좌표47":339.091,"Y좌표49":116.401,"Y좌표44":661.642,"Y좌표43":794.458,"Y좌표46":423.973,"Y좌표45":497.87,"Y좌표40":656.094,"Y좌표42":776.926,"Y좌표41":601.171,"Y좌표37":695.04,"Y좌표36":696.039,"X좌표8":735.772,"Y좌표39":686.053,"X좌표9":716.798,"Y좌표38":695.04,"Y좌표33":413.432,"Y좌표32":300.589,"Y좌표35":708.022,"Y좌표34":553.237,"Y좌표31":43.9458,"Y좌표30":6.99721,"X좌표2":624.926,"X좌표3":686.84,"X좌표1":516.077,"X좌표6":793.691,"X좌표7":795.688,"X좌표4":732.776,"X좌표5":761.736,"Y좌표9":382.475,"X좌표19":642.901,"X좌표18":649.891,"X좌표17":687.838,"X좌표16":696.826,"X좌표15":724.787,"X좌표14":723.788,"X좌표13":717.797,"X좌표12":716.798,"X좌표11":728.781,"Y좌표4":93.8764,"X좌표10":715.8,"Y좌표3":50.9361,"Y좌표2":19.9792,"Y좌표1":1.00554,"Y좌표8":347.524,"Y좌표7":267.635,"Y좌표6":208.717,"Y좌표5":156.789,"Y좌표51":39.9514,"Y좌표50":78.8972,"X좌표29":519.073,"X좌표28":510.086,"X좌표27":515.079,"X좌표26":534.052,"X좌표25":585.98,"X좌표24":612.943,"X좌표23":651.888,"X좌표22":617.936,"X좌표21":609.947,"X좌표20":595.966}],"하의":[{}],"원피스":[{}],"상의":[{"Y좌표9":415.429,"X좌표13":412.222,"X좌표12":437.187,"X좌표11":467.145,"Y좌표4":86.8861,"X좌표10":508.088,"Y좌표3":100.867,"Y좌표2":103.862,"Y좌표1":92.8778,"Y좌표8":403.446,"Y좌표7":385.471,"Y좌표6":352.517,"Y좌표5":242.669,"X좌표8":602.956,"X좌표9":553.026,"Y좌표11":288.606,"Y좌표10":426.414,"Y좌표13":97.8708,"Y좌표12":205.721,"X좌표2":449.17,"X좌표3":479.129,"X좌표1":413.22,"X좌표6":582.984,"X좌표7":604.954,"X좌표4":516.077,"X좌표5":517.076}]},"라벨링":{"스타일":[{"스타일":"웨스턴","서브스타일":"스트리트"}],"아우터":[{"기장":"하프","색상":"베이지","카테고리":"재킷","옷깃":"테일러드칼라","디테일":["띠"],"소매기장":"긴팔","소재":["우븐"],"프린트":["무지"],"핏":"루즈"}],"하의":[{}],"원피스":[{}],"상의":[{"기장":"노멀","색상":"화이트","카테고리":"티셔츠","소매기장":"없음","소재":["저지"],"프린트":["무지"],"넥라인":"라운드넥","핏":"노멀"}]}},"파일 번호":1224590,"파일 이름":"1-(9)-003-270-965-2,132-TIARA_002_05.jpg"}}