{"이미지 정보":{"이미지 식별자":607408,"이미지 높이":1066,"이미지 파일명":"160265475030783899_1599801611.jpg","이미지 너비":800},"데이터셋 정보":{"파일 생성일자":"2020-10-20 12:01:06","데이터셋 상세설명":{"렉트좌표":{"아우터":[{}],"하의":[{}],"원피스":[{"X좌표":276.5,"Y좌표":6.49562,"가로":241,"세로":828}],"상의":[{}]},"폴리곤좌표":{"아우터":[{}],"하의":[{}],"원피스":[{"Y좌표9":403.747,"Y좌표22":18.9881,"Y좌표21":65.9587,"Y좌표24":26.9831,"Y좌표23":6.99562,"Y좌표20":163.897,"X좌표19":289.0,"X좌표18":277.0,"X좌표17":285.0,"X좌표16":373.0,"X좌표15":400.0,"X좌표14":445.0,"X좌표13":498.0,"X좌표12":514.0,"X좌표11":500.0,"Y좌표4":198.876,"X좌표10":505.0,"Y좌표3":115.927,"Y좌표2":57.9637,"Y좌표1":23.985,"Y좌표8":395.752,"Y좌표7":313.804,"Y좌표6":269.831,"Y좌표5":241.849,"Y좌표15":799.833,"Y좌표14":803.83,"X좌표8":518.0,"Y좌표17":834.811,"X좌표9":501.0,"Y좌표16":835.81,"Y좌표11":561.649,"Y좌표10":522.673,"Y좌표13":791.838,"Y좌표12":767.853,"X좌표24":402.0,"X좌표23":345.0,"X좌표22":310.0,"X좌표2":441.0,"X좌표21":309.0,"X좌표3":452.0,"X좌표20":293.0,"X좌표1":409.0,"X좌표6":492.0,"Y좌표19":365.105,"X좌표7":494.0,"Y좌표18":666.916,"X좌표4":472.0,"X좌표5":478.0}],"상의":[{}]},"라벨링":{"스타일":[{"스타일":"웨스턴","서브스타일":"컨트리"}],"아우터":[{}],"하의":[{}],"원피스":[{"기장":"미디","색상":"브라운","카테고리":"드레스","옷깃":"셔츠칼라","디테일":["단추","드롭숄더","비대칭"],"소매기장":"긴팔","소재":["우븐"],"프린트":["무지"],"넥라인":"라운드넥","핏":"루즈"}],"상의":[{}]}},"파일 번호":607408,"파일 이름":"160265475030783899_1599801611.jpg"}}