{"이미지 정보":{"이미지 식별자":1235381,"이미지 높이":800,"이미지 파일명":"012-279-949-21,968-Prau_013_imgs.jpg","이미지 너비":800},"데이터셋 정보":{"파일 생성일자":"2020-11-19 16:24:47","데이터셋 상세설명":{"렉트좌표":{"아우터":[{}],"하의":[{}],"원피스":[{}],"상의":[{"X좌표":83.4304,"Y좌표":-0.469937,"가로":648,"세로":723}]},"폴리곤좌표":{"아우터":[{}],"하의":[{}],"원피스":[{}],"상의":[{"X좌표8":152.867,"X좌표9":181.841,"X좌표2":160.86,"X좌표3":105.91,"X좌표1":184.838,"X좌표6":140.878,"X좌표7":135.883,"X좌표4":83.9304,"X좌표5":103.912,"Y좌표26":0.0300629,"Y좌표25":2.02824,"Y좌표9":639.447,"Y좌표27":3.02733,"Y좌표22":287.879,"Y좌표21":353.818,"Y좌표24":90.9471,"Y좌표23":185.972,"Y좌표20":428.972,"X좌표19":585.473,"X좌표18":586.472,"X좌표17":587.471,"X좌표16":583.475,"X좌표15":511.54,"X좌표14":430.614,"X좌표13":349.688,"X좌표12":276.754,"X좌표11":218.807,"Y좌표4":564.515,"X좌표10":196.827,"Y좌표3":370.692,"Y좌표2":94.9435,"Y좌표1":4.02642,"Y좌표8":639.447,"Y좌표7":627.458,"Y좌표6":588.493,"Y좌표5":585.496,"Y좌표15":723.703,"Y좌표14":720.706,"Y좌표17":600.815,"Y좌표16":716.71,"Y좌표11":702.722,"Y좌표10":683.74,"Y좌표13":715.711,"Y좌표12":712.713,"X좌표27":184.838,"X좌표26":497.553,"X좌표25":628.434,"X좌표24":676.39,"X좌표23":705.363,"X좌표22":732.339,"X좌표21":709.36,"X좌표20":639.424,"Y좌표19":447.955,"Y좌표18":487.918}]},"라벨링":{"스타일":[{"스타일":"모던","서브스타일":"로맨틱"}],"아우터":[{}],"하의":[{}],"원피스":[{}],"상의":[{"기장":"롱","색상":"퍼플","카테고리":"니트웨어","디테일":["드롭숄더"],"소매기장":"긴팔","소재":["니트"],"프린트":["무지"],"넥라인":"보트넥","핏":"루즈"}]}},"파일 번호":1235381,"파일 이름":"012-279-949-21,968-Prau_013_imgs.jpg"}}