{"이미지 정보":{"이미지 식별자":1235352,"이미지 높이":800,"이미지 파일명":"012-279-949-21,968-Prau_013_10.jpg","이미지 너비":800},"데이터셋 정보":{"파일 생성일자":"2020-11-19 16:24:40","데이터셋 상세설명":{"렉트좌표":{"아우터":[{}],"하의":[{}],"원피스":[{}],"상의":[{"X좌표":230.296,"Y좌표":1.52824,"가로":549,"세로":665}]},"폴리곤좌표":{"아우터":[{}],"하의":[{}],"원피스":[{}],"상의":[{"Y좌표48":6.02459,"Y좌표47":29.0036,"Y좌표44":9.02186,"Y좌표43":15.0164,"Y좌표46":41.9918,"Y좌표45":34.9982,"Y좌표40":283.771,"Y좌표42":56.9781,"Y좌표41":207.84,"X좌표39":780.295,"X좌표38":759.314,"X좌표37":748.324,"X좌표36":729.342,"X좌표35":697.371,"X좌표34":680.386,"X좌표33":652.412,"X좌표32":661.404,"X좌표31":652.412,"X좌표30":642.421,"Y좌표37":364.031,"Y좌표36":398.0,"X좌표8":250.778,"Y좌표39":319.738,"X좌표9":245.783,"Y좌표38":348.046,"Y좌표33":369.027,"Y좌표32":489.917,"Y좌표35":398.999,"Y좌표34":390.008,"Y좌표31":624.793,"Y좌표30":662.759,"X좌표48":346.691,"X좌표47":416.627,"X좌표46":477.571,"X좌표45":542.512,"X좌표44":621.44,"X좌표2":282.749,"X좌표43":666.399,"X좌표3":256.773,"X좌표42":713.356,"X좌표41":752.321,"X좌표1":342.694,"X좌표40":766.308,"X좌표6":230.796,"X좌표7":241.786,"X좌표4":241.786,"X좌표5":238.789,"Y좌표26":638.781,"Y좌표25":586.828,"Y좌표28":667.754,"Y좌표9":391.673,"Y좌표27":660.761,"Y좌표22":477.594,"Y좌표21":415.651,"Y좌표24":538.872,"Y좌표23":524.552,"Y좌표20":352.708,"X좌표19":501.549,"X좌표18":472.576,"X좌표17":436.609,"X좌표16":370.669,"X좌표15":330.705,"X좌표14":303.73,"X좌표13":275.755,"X좌표12":273.757,"X좌표11":276.754,"Y좌표4":162.882,"X좌표10":257.772,"Y좌표3":110.929,"Y좌표2":35.9972,"Y좌표1":2.02824,"Y좌표8":336.723,"Y좌표7":316.741,"Y좌표29":667.754,"Y좌표6":285.769,"Y좌표5":239.811,"Y좌표15":285.769,"Y좌표14":304.752,"Y좌표17":298.758,"Y좌표16":285.769,"Y좌표11":450.619,"Y좌표10":435.633,"Y좌표13":351.709,"Y좌표12":389.675,"X좌표29":628.434,"X좌표28":597.462,"X좌표27":592.466,"X좌표26":586.472,"X좌표25":572.485,"X좌표24":551.504,"X좌표23":508.543,"X좌표22":517.535,"X좌표21":526.527,"X좌표20":528.525,"Y좌표19":326.732,"Y좌표18":310.747}]},"라벨링":{"스타일":[{"스타일":"모던","서브스타일":"로맨틱"}],"아우터":[{}],"하의":[{}],"원피스":[{}],"상의":[{"기장":"롱","색상":"퍼플","카테고리":"니트웨어","디테일":["드롭숄더"],"소매기장":"긴팔","소재":["니트"],"프린트":["무지"],"넥라인":"보트넥","핏":"루즈"}]}},"파일 번호":1235352,"파일 이름":"012-279-949-21,968-Prau_013_10.jpg"}}