{"이미지 정보":{"이미지 식별자":1016428,"이미지 높이":533,"이미지 파일명":"1107-14428-14428 (2-1)-20200129-1 (1912).JPG","이미지 너비":800},"데이터셋 정보":{"파일 생성일자":"2020-11-11 12:52:06","데이터셋 상세설명":{"렉트좌표":{"아우터":[{}],"하의":[{"X좌표":331.375,"Y좌표":152.443,"가로":159,"세로":262}],"원피스":[{}],"상의":[{"X좌표":292.375,"Y좌표":0.499625,"가로":252,"세로":231}]},"폴리곤좌표":{"아우터":[{}],"하의":[{"Y좌표9":250.906,"Y좌표22":223.916,"Y좌표21":216.919,"Y좌표20":177.933,"X좌표19":480.875,"X좌표18":488.875,"X좌표17":490.875,"X좌표16":480.875,"X좌표15":467.875,"X좌표14":452.875,"X좌표13":428.875,"X좌표12":422.875,"X좌표11":418.875,"Y좌표4":379.857,"X좌표10":412.875,"Y좌표3":351.868,"Y좌표2":297.888,"Y좌표1":221.917,"Y좌표8":317.881,"Y좌표7":387.854,"Y좌표6":406.847,"Y좌표5":405.848,"Y좌표15":390.853,"Y좌표14":415.844,"X좌표8":394.875,"Y좌표17":244.908,"X좌표9":409.875,"Y좌표16":301.887,"Y좌표11":341.872,"Y좌표10":307.884,"Y좌표13":412.845,"Y좌표12":387.854,"X좌표22":350.875,"X좌표2":338.875,"X좌표21":400.875,"X좌표3":335.875,"X좌표20":450.875,"X좌표1":348.875,"X좌표6":364.875,"Y좌표19":152.943,"X좌표7":376.875,"Y좌표18":198.925,"X좌표4":331.875,"X좌표5":338.875}],"원피스":[{}],"상의":[{"Y좌표9":225.915,"X좌표19":512.875,"X좌표18":544.875,"X좌표17":544.875,"X좌표16":527.875,"X좌표15":532.875,"X좌표14":514.875,"X좌표13":478.875,"X좌표12":468.875,"X좌표11":451.875,"Y좌표4":117.956,"X좌표10":412.875,"Y좌표3":94.9644,"Y좌표2":82.9689,"Y좌표1":2.99887,"Y좌표8":232.913,"Y좌표7":145.945,"Y좌표6":131.95,"Y좌표5":142.946,"Y좌표15":169.936,"Y좌표14":225.915,"X좌표8":344.875,"Y좌표17":95.964,"X좌표9":384.875,"Y좌표16":131.95,"Y좌표11":194.927,"Y좌표10":223.916,"Y좌표13":231.913,"Y좌표12":167.937,"X좌표2":350.875,"X좌표3":312.875,"X좌표1":345.875,"X좌표6":360.875,"Y좌표19":0.999625,"X좌표7":364.875,"Y좌표18":66.9749,"X좌표4":292.875,"X좌표5":313.875}]},"라벨링":{"스타일":[{"스타일":"힙합"}],"아우터":[{}],"하의":[{"기장":"발목","색상":"베이지","카테고리":"조거팬츠","소재":["우븐"],"프린트":["무지"],"핏":"노멀"}],"원피스":[{}],"상의":[{"기장":"롱","색상":"민트","카테고리":"후드티","디테일":["스트링"],"소매기장":"긴팔","소재":["우븐"],"프린트":["무지"],"넥라인":"후드","핏":"오버사이즈"}]}},"파일 번호":1016428,"파일 이름":"1107-14428-14428 (2-1)-20200129-1 (1912).JPG"}}