{"이미지 정보":{"이미지 식별자":1016432,"이미지 높이":533,"이미지 파일명":"1107-14428-14428 (2-1)-20200129-1 (1916).JPG","이미지 너비":800},"데이터셋 정보":{"파일 생성일자":"2020-11-11 12:52:07","데이터셋 상세설명":{"렉트좌표":{"아우터":[{}],"하의":[{"X좌표":344.375,"Y좌표":221.417,"가로":100,"세로":211}],"원피스":[{}],"상의":[{"X좌표":314.375,"Y좌표":0.499625,"가로":200,"세로":234}]},"폴리곤좌표":{"아우터":[{}],"하의":[{"X좌표8":433.875,"X좌표9":444.875,"Y좌표9":263.901,"Y좌표10":221.917,"X좌표2":344.875,"Y좌표4":397.851,"X좌표10":443.875,"X좌표3":347.875,"Y좌표3":380.857,"Y좌표2":302.886,"X좌표1":348.875,"Y좌표1":225.915,"X좌표6":376.875,"Y좌표8":323.878,"X좌표7":402.875,"Y좌표7":393.852,"X좌표4":349.875,"Y좌표6":433.837,"X좌표5":346.875,"Y좌표5":416.844}],"원피스":[{}],"상의":[{"X좌표8":449.875,"X좌표9":483.875,"Y좌표9":221.917,"Y좌표11":67.9745,"Y좌표10":165.938,"Y좌표12":4.99812,"X좌표12":514.875,"X좌표11":464.875,"X좌표2":328.875,"Y좌표4":188.929,"X좌표10":479.875,"X좌표3":342.875,"Y좌표3":80.9696,"Y좌표2":43.9835,"X좌표1":314.875,"Y좌표1":0.999625,"X좌표6":372.875,"Y좌표8":217.918,"X좌표7":439.875,"Y좌표7":231.913,"X좌표4":334.875,"Y좌표6":235.911,"X좌표5":346.875,"Y좌표5":230.913}]},"라벨링":{"스타일":[{"스타일":"힙합"}],"아우터":[{}],"하의":[{"기장":"발목","색상":"베이지","카테고리":"조거팬츠","소재":["우븐"],"프린트":["무지"],"핏":"노멀"}],"원피스":[{}],"상의":[{"기장":"롱","색상":"민트","카테고리":"후드티","디테일":["스트링"],"소매기장":"긴팔","소재":["우븐"],"프린트":["무지"],"넥라인":"후드","핏":"오버사이즈"}]}},"파일 번호":1016432,"파일 이름":"1107-14428-14428 (2-1)-20200129-1 (1916).JPG"}}