{"이미지 정보":{"이미지 식별자":1225445,"이미지 높이":800,"이미지 파일명":"1-(9)-004-271-3031-5163-TOP_013_03.jpg","이미지 너비":800},"데이터셋 정보":{"파일 생성일자":"2020-11-19 15:43:15","데이터셋 상세설명":{"렉트좌표":{"아우터":[{}],"하의":[{}],"원피스":[{}],"상의":[{"X좌표":187.034,"Y좌표":-0.493067,"가로":400,"세로":770}]},"폴리곤좌표":{"아우터":[{}],"하의":[{}],"원피스":[{}],"상의":[{"X좌표34":358.297,"X좌표33":358.297,"X좌표32":373.276,"X좌표31":372.277,"X좌표30":327.34,"X좌표8":587.977,"X좌표9":577.991,"Y좌표33":52.9333,"Y좌표32":25.9708,"Y좌표34":108.856,"Y좌표31":0.00693311,"Y좌표30":13.9875,"X좌표2":372.277,"X좌표3":372.277,"X좌표1":360.294,"X좌표6":548.033,"X좌표7":577.991,"X좌표4":388.255,"X좌표5":415.218,"Y좌표26":273.626,"Y좌표25":278.619,"Y좌표28":238.675,"Y좌표9":715.012,"Y좌표27":262.642,"Y좌표22":346.525,"Y좌표21":353.515,"Y좌표24":323.557,"Y좌표23":327.551,"Y좌표20":365.499,"X좌표19":278.408,"X좌표18":263.429,"X좌표17":278.408,"X좌표16":338.325,"X좌표15":404.233,"X좌표14":410.225,"X좌표13":465.148,"X좌표12":504.094,"X좌표11":552.027,"Y좌표4":36.9555,"X좌표10":579.988,"Y좌표3":48.9389,"Y좌표2":75.9014,"Y좌표1":115.846,"Y좌표8":315.568,"Y좌표7":118.842,"Y좌표29":80.8944,"Y좌표6":4.00138,"Y좌표5":2.00416,"Y좌표15":756.954,"Y좌표14":764.943,"Y좌표17":728.993,"Y좌표16":741.975,"Y좌표11":745.969,"Y좌표10":770.935,"Y좌표13":762.946,"Y좌표12":748.965,"X좌표29":283.401,"X좌표28":283.401,"X좌표27":258.436,"X좌표26":224.483,"X좌표25":207.507,"X좌표24":214.497,"X좌표23":187.534,"X좌표22":192.527,"X좌표21":210.502,"X좌표20":288.394,"Y좌표19":451.379,"Y좌표18":715.012}]},"라벨링":{"스타일":[{"스타일":"아방가르드"}],"아우터":[{}],"하의":[{}],"원피스":[{}],"상의":[{"기장":"롱","색상":"블랙","서브색상":"베이지","카테고리":"셔츠","옷깃":"셔츠칼라","디테일":["롤업"],"소매기장":"긴팔","소재":["우븐"],"프린트":["믹스"],"핏":"노멀"}]}},"파일 번호":1225445,"파일 이름":"1-(9)-004-271-3031-5163-TOP_013_03.jpg"}}