{"이미지 정보":{"이미지 식별자":1225451,"이미지 높이":800,"이미지 파일명":"1-(9)-004-271-3031-5163-TOP_013_09_1.jpg","이미지 너비":800},"데이터셋 정보":{"파일 생성일자":"2020-11-19 15:43:17","데이터셋 상세설명":{"렉트좌표":{"아우터":[{}],"하의":[{}],"원피스":[{}],"상의":[{"X좌표":301.875,"Y좌표":3.50138,"가로":394,"세로":752}]},"폴리곤좌표":{"아우터":[{}],"하의":[{}],"원피스":[{}],"상의":[{"X좌표35":457.159,"X좌표34":452.166,"X좌표33":443.179,"X좌표32":398.241,"X좌표31":348.311,"X좌표30":327.34,"X좌표8":671.861,"X좌표9":681.847,"Y좌표33":18.9805,"Y좌표32":53.9319,"Y좌표35":83.8903,"Y좌표34":63.918,"Y좌표31":73.9042,"Y좌표30":165.776,"X좌표2":472.138,"X좌표3":496.105,"X좌표1":462.152,"X좌표6":643.9,"X좌표7":652.887,"X좌표4":535.051,"X좌표5":589.975,"Y좌표26":578.203,"Y좌표25":717.01,"Y좌표28":363.501,"Y좌표9":239.674,"Y좌표27":392.461,"Y좌표22":719.007,"Y좌표21":735.983,"Y좌표24":742.974,"Y좌표23":720.005,"Y좌표20":735.983,"X좌표19":624.926,"X좌표18":634.912,"X좌표17":665.869,"X좌표16":662.873,"X좌표15":631.916,"X좌표14":628.92,"X좌표13":665.869,"X좌표12":665.869,"X좌표11":696.826,"Y좌표4":4.00138,"X좌표10":687.838,"Y좌표3":33.9597,"Y좌표2":50.9361,"Y좌표1":90.8805,"Y좌표8":228.689,"Y좌표7":68.9111,"Y좌표29":338.536,"Y좌표6":42.9472,"Y좌표5":19.9792,"Y좌표15":420.422,"Y좌표14":369.493,"Y좌표17":713.015,"Y좌표16":623.14,"Y좌표11":330.547,"Y좌표10":308.578,"Y좌표13":340.533,"Y좌표12":367.496,"X좌표29":302.375,"X좌표28":308.366,"X좌표27":360.294,"X좌표26":360.294,"X좌표25":373.276,"X좌표24":439.184,"X좌표23":433.193,"X좌표22":477.132,"X좌표21":490.113,"X좌표20":591.972,"Y좌표19":721.004,"Y좌표18":756.954}]},"라벨링":{"스타일":[{"스타일":"아방가르드"}],"아우터":[{}],"하의":[{}],"원피스":[{}],"상의":[{"기장":"롱","색상":"블랙","서브색상":"베이지","카테고리":"셔츠","옷깃":"셔츠칼라","디테일":["단추"],"소매기장":"7부소매","소재":["우븐"],"프린트":["믹스"],"핏":"노멀"}]}},"파일 번호":1225451,"파일 이름":"1-(9)-004-271-3031-5163-TOP_013_09_1.jpg"}}