{"이미지 정보":{"이미지 식별자":1225448,"이미지 높이":800,"이미지 파일명":"1-(9)-004-271-3031-5163-TOP_013_06.jpg","이미지 너비":800},"데이터셋 정보":{"파일 생성일자":"2020-11-19 15:43:16","데이터셋 상세설명":{"렉트좌표":{"아우터":[{}],"하의":[{}],"원피스":[{}],"상의":[{"X좌표":311.861,"Y좌표":-0.493067,"가로":354,"세로":478}]},"폴리곤좌표":{"아우터":[{}],"하의":[{}],"원피스":[{}],"상의":[{"Y좌표9":456.372,"Y좌표22":39.9514,"Y좌표21":18.9805,"Y좌표23":65.9153,"Y좌표20":30.9639,"X좌표19":362.291,"X좌표18":360.294,"X좌표17":337.326,"X좌표16":312.361,"X좌표15":343.318,"X좌표14":376.272,"X좌표13":407.229,"X좌표12":418.213,"X좌표11":462.152,"Y좌표4":15.9847,"X좌표10":476.133,"Y좌표3":0.00693311,"Y좌표2":23.9736,"Y좌표1":67.9125,"Y좌표8":431.407,"Y좌표7":400.45,"Y좌표6":365.499,"Y좌표5":38.9528,"Y좌표15":215.707,"Y좌표14":239.674,"X좌표8":559.018,"Y좌표17":126.831,"X좌표9":500.1,"Y좌표16":168.772,"Y좌표11":478.342,"Y좌표10":453.376,"Y좌표13":236.678,"Y좌표12":309.576,"X좌표23":480.127,"X좌표22":437.187,"X좌표2":496.105,"X좌표21":425.204,"X좌표3":485.12,"X좌표20":393.248,"X좌표1":484.122,"X좌표6":648.893,"Y좌표19":59.9236,"X좌표7":666.868,"Y좌표18":140.811,"X좌표4":559.018,"X좌표5":570.002}]},"라벨링":{"스타일":[{"스타일":"아방가르드"}],"아우터":[{}],"하의":[{}],"원피스":[{}],"상의":[{"기장":"롱","색상":"블랙","서브색상":"베이지","카테고리":"셔츠","옷깃":"셔츠칼라","디테일":["단추"],"소매기장":"긴팔","소재":["우븐"],"프린트":["믹스"],"핏":"노멀"}]}},"파일 번호":1225448,"파일 이름":"1-(9)-004-271-3031-5163-TOP_013_06.jpg"}}