{"이미지 정보":{"이미지 식별자":1225447,"이미지 높이":800,"이미지 파일명":"1-(9)-004-271-3031-5163-TOP_013_05.jpg","이미지 너비":800},"데이터셋 정보":{"파일 생성일자":"2020-11-19 15:43:16","데이터셋 상세설명":{"렉트좌표":{"아우터":[{}],"하의":[{}],"원피스":[{}],"상의":[{"X좌표":276.909,"Y좌표":-0.493067,"가로":407,"세로":747}]},"폴리곤좌표":{"아우터":[{}],"하의":[{}],"원피스":[{}],"상의":[{"X좌표8":678.851,"X좌표9":678.851,"X좌표2":464.15,"X좌표3":485.12,"X좌표1":457.159,"X좌표6":604.954,"X좌표7":678.851,"X좌표4":485.12,"X좌표5":589.975,"Y좌표26":1.00554,"Y좌표25":37.9542,"Y좌표28":116.844,"Y좌표9":313.571,"Y좌표27":81.893,"Y좌표22":328.55,"Y좌표21":357.51,"Y좌표24":59.9236,"Y좌표23":86.8861,"Y좌표20":373.487,"X좌표19":376.272,"X좌표18":395.245,"X좌표17":533.054,"X좌표16":562.013,"X좌표15":607.95,"X좌표14":669.863,"X좌표13":684.843,"X좌표12":653.886,"X좌표11":633.913,"Y좌표4":7.99582,"X좌표10":682.845,"Y좌표3":45.943,"Y좌표2":83.8903,"Y좌표1":112.85,"Y좌표8":282.614,"Y좌표7":231.685,"Y좌표6":7.99582,"Y좌표5":0.00693311,"Y좌표15":724.999,"Y좌표14":698.036,"Y좌표17":747.967,"Y좌표16":728.993,"Y좌표11":375.485,"Y좌표10":366.497,"Y좌표13":670.075,"Y좌표12":476.344,"X좌표28":452.166,"X좌표27":434.191,"X좌표26":389.254,"X좌표25":334.33,"X좌표24":300.377,"X좌표23":277.409,"X좌표22":313.359,"X좌표21":327.34,"X좌표20":358.297,"Y좌표19":556.233,"Y좌표18":715.012}]},"라벨링":{"스타일":[{"스타일":"아방가르드"}],"아우터":[{}],"하의":[{}],"원피스":[{}],"상의":[{"기장":"롱","색상":"블랙","서브색상":"베이지","카테고리":"셔츠","옷깃":"셔츠칼라","디테일":["단추"],"소매기장":"긴팔","소재":["우븐"],"프린트":["믹스"],"핏":"노멀"}]}},"파일 번호":1225447,"파일 이름":"1-(9)-004-271-3031-5163-TOP_013_05.jpg"}}