{"이미지 정보":{"이미지 식별자":1225371,"이미지 높이":800,"이미지 파일명":"1-(9)-004-271-3031-5163-TOP_007_05.jpg","이미지 너비":800},"데이터셋 정보":{"파일 생성일자":"2020-11-19 15:42:58","데이터셋 상세설명":{"렉트좌표":{"아우터":[{}],"하의":[{}],"원피스":[{}],"상의":[{"X좌표":202.013,"Y좌표":0.505544,"가로":421,"세로":669}]},"폴리곤좌표":{"아우터":[{}],"하의":[{}],"원피스":[{}],"상의":[{"X좌표34":315.357,"X좌표33":296.383,"X좌표32":290.391,"X좌표31":209.504,"X좌표30":202.513,"X좌표8":562.013,"X좌표9":607.95,"Y좌표33":103.862,"Y좌표32":28.9667,"Y좌표34":152.794,"Y좌표31":127.829,"Y좌표30":152.794,"X좌표2":340.322,"X좌표3":379.268,"X좌표1":314.358,"X좌표6":510.086,"X좌표7":539.045,"X좌표4":409.226,"X좌표5":480.127,"Y좌표26":448.383,"Y좌표25":447.385,"Y좌표28":401.449,"Y좌표9":266.636,"Y좌표27":422.419,"Y좌표22":631.129,"Y좌표21":652.1,"Y좌표24":552.239,"Y좌표23":627.135,"Y좌표20":643.112,"X좌표19":397.243,"X좌표18":598.962,"X좌표17":603.955,"X좌표16":604.954,"X좌표15":578.99,"X좌표14":623.927,"X좌표13":611.944,"X좌표12":613.941,"X좌표11":593.969,"Y좌표4":25.9708,"X좌표10":603.955,"Y좌표3":1.00554,"Y좌표2":70.9083,"Y좌표1":146.803,"Y좌표8":152.794,"Y좌표7":67.9125,"Y좌표29":372.489,"Y좌표6":37.9542,"Y좌표5":30.9639,"Y좌표15":463.362,"Y좌표14":452.378,"Y좌표17":576.206,"Y좌표16":529.271,"Y좌표11":300.589,"Y좌표10":300.589,"Y좌표13":397.454,"Y좌표12":363.501,"X좌표29":258.436,"X좌표28":250.447,"X좌표27":256.438,"X좌표26":258.436,"X좌표25":270.419,"X좌표24":294.386,"X좌표23":287.395,"X좌표22":329.337,"X좌표21":338.325,"X좌표20":393.248,"Y좌표19":670.075,"Y좌표18":597.176}]},"라벨링":{"스타일":[{"스타일":"아방가르드","서브스타일":"모던"}],"아우터":[{}],"하의":[{}],"원피스":[{}],"상의":[{"기장":"노멀","색상":"화이트","서브색상":"블랙","카테고리":"블라우스","디테일":["띠"],"소매기장":"7부소매","소재":["우븐"],"프린트":["무지","그래픽"],"넥라인":"브이넥","핏":"노멀"}]}},"파일 번호":1225371,"파일 이름":"1-(9)-004-271-3031-5163-TOP_007_05.jpg"}}