{"이미지 정보":{"이미지 식별자":1225450,"이미지 높이":800,"이미지 파일명":"1-(9)-004-271-3031-5163-TOP_013_08.jpg","이미지 너비":800},"데이터셋 정보":{"파일 생성일자":"2020-11-19 15:43:17","데이터셋 상세설명":{"렉트좌표":{"아우터":[{}],"하의":[{}],"원피스":[{}],"상의":[{"X좌표":100.155,"Y좌표":-1.49168,"가로":549,"세로":772}]},"폴리곤좌표":{"아우터":[{}],"하의":[{}],"원피스":[{}],"상의":[{"X좌표38":303.373,"X좌표37":280.405,"X좌표36":248.45,"X좌표35":197.52,"X좌표34":154.58,"X좌표33":135.607,"X좌표32":117.632,"X좌표31":100.655,"X좌표30":113.637,"Y좌표37":61.9208,"Y좌표36":2.00416,"X좌표8":643.9,"X좌표9":646.895,"Y좌표38":91.8792,"Y좌표33":69.9097,"Y좌표32":223.696,"Y좌표35":32.9611,"Y좌표34":49.9375,"Y좌표31":327.551,"Y좌표30":355.512,"X좌표2":325.343,"X좌표3":340.322,"X좌표1":306.369,"X좌표6":479.129,"X좌표7":618.934,"X좌표4":392.25,"X좌표5":453.165,"Y좌표26":751.961,"Y좌표25":760.949,"Y좌표28":393.46,"Y좌표9":226.692,"Y좌표27":565.221,"Y좌표22":758.951,"Y좌표21":745.969,"Y좌표24":771.933,"Y좌표23":758.951,"Y좌표20":713.015,"X좌표19":525.065,"X좌표18":485.12,"X좌표17":444.177,"X좌표16":446.175,"X좌표15":500.1,"X좌표14":536.05,"X좌표13":518.075,"X좌표12":577.991,"X좌표11":627.922,"Y좌표4":7.99582,"X좌표10":649.891,"Y좌표3":-0.991678,"Y좌표2":62.9194,"Y좌표1":92.8778,"Y좌표8":191.74,"Y좌표7":181.754,"Y좌표29":366.497,"Y좌표6":28.9667,"Y좌표5":11.9903,"Y좌표15":203.724,"Y좌표14":213.71,"Y좌표17":406.442,"Y좌표16":322.558,"Y좌표11":290.603,"Y좌표10":240.672,"Y좌표13":257.649,"Y좌표12":278.619,"X좌표29":129.615,"X좌표28":179.545,"X좌표27":178.547,"X좌표26":218.491,"X좌표25":259.434,"X좌표24":323.345,"X좌표23":376.272,"X좌표22":409.226,"X좌표21":465.148,"X좌표20":510.086,"Y좌표19":683.057,"Y좌표18":508.3}]},"라벨링":{"스타일":[{"스타일":"아방가르드"}],"아우터":[{}],"하의":[{}],"원피스":[{}],"상의":[{"기장":"롱","색상":"블랙","서브색상":"베이지","카테고리":"셔츠","옷깃":"셔츠칼라","디테일":["단추"],"소매기장":"7부소매","소재":["우븐"],"프린트":["믹스"],"핏":"노멀"}]}},"파일 번호":1225450,"파일 이름":"1-(9)-004-271-3031-5163-TOP_013_08.jpg"}}