{"이미지 정보":{"이미지 식별자":1225452,"이미지 높이":800,"이미지 파일명":"1-(9)-004-271-3031-5163-TOP_013_09.jpg","이미지 너비":800},"데이터셋 정보":{"파일 생성일자":"2020-11-19 15:43:17","데이터셋 상세설명":{"렉트좌표":{"아우터":[{}],"하의":[{}],"원피스":[{}],"상의":[{"X좌표":190.03,"Y좌표":-0.493067,"가로":364,"세로":747}]},"폴리곤좌표":{"아우터":[{}],"하의":[{}],"원피스":[{}],"상의":[{"X좌표32":346.313,"X좌표31":334.33,"X좌표30":335.329,"X좌표8":537.048,"X좌표9":532.055,"Y좌표32":83.8903,"Y좌표31":46.9417,"Y좌표30":0.00693311,"X좌표2":355.301,"X좌표3":402.236,"X좌표1":348.311,"X좌표6":540.044,"X좌표7":555.023,"X좌표4":500.1,"X좌표5":527.062,"Y좌표26":96.8722,"Y좌표25":267.635,"Y좌표28":42.9472,"Y좌표9":321.56,"Y좌표27":58.925,"Y좌표22":489.326,"Y좌표21":641.115,"Y좌표24":295.596,"Y좌표23":357.51,"Y좌표20":673.071,"X좌표19":309.365,"X좌표18":384.261,"X좌표17":402.236,"X좌표16":450.169,"X좌표15":450.169,"X좌표14":493.109,"X좌표13":514.08,"X좌표12":528.061,"X좌표11":532.055,"Y좌표4":1.00554,"X좌표10":538.047,"Y좌표3":1.00554,"Y좌표2":62.9194,"Y좌표1":89.8819,"Y좌표8":292.6,"Y좌표7":181.754,"Y좌표29":5.9986,"Y좌표6":61.9208,"Y좌표5":23.9736,"Y좌표15":701.032,"Y좌표14":696.039,"Y좌표17":747.967,"Y좌표16":726.996,"Y좌표11":516.289,"Y좌표10":462.364,"Y좌표13":718.008,"Y좌표12":612.156,"X좌표29":308.366,"X좌표28":276.411,"X좌표27":247.451,"X좌표26":232.472,"X좌표25":222.486,"X좌표24":190.53,"X좌표23":257.437,"X좌표22":250.447,"X좌표21":260.433,"X좌표20":277.409,"Y좌표19":703.029,"Y좌표18":717.01}]},"라벨링":{"스타일":[{"스타일":"아방가르드"}],"아우터":[{}],"하의":[{}],"원피스":[{}],"상의":[{"기장":"롱","색상":"블랙","서브색상":"베이지","카테고리":"셔츠","옷깃":"셔츠칼라","디테일":["단추"],"소매기장":"7부소매","소재":["우븐"],"프린트":["믹스"],"핏":"노멀"}]}},"파일 번호":1225452,"파일 이름":"1-(9)-004-271-3031-5163-TOP_013_09.jpg"}}