{"이미지 정보":{"이미지 식별자":1225379,"이미지 높이":800,"이미지 파일명":"1-(9)-004-271-3031-5163-TOP_007_imgs.jpg","이미지 너비":800},"데이터셋 정보":{"파일 생성일자":"2020-11-19 15:43:00","데이터셋 상세설명":{"렉트좌표":{"아우터":[{}],"하의":[{}],"원피스":[{}],"상의":[{"X좌표":80.1829,"Y좌표":-0.493067,"가로":668,"세로":739}]},"폴리곤좌표":{"아우터":[{}],"하의":[{}],"원피스":[{}],"상의":[{"X좌표35":382.263,"X좌표34":339.323,"X좌표33":174.552,"X좌표32":156.577,"X좌표31":146.591,"X좌표30":122.625,"X좌표8":703.816,"X좌표9":636.909,"Y좌표33":1.00554,"Y좌표32":4.00138,"Y좌표35":100.867,"Y좌표34":4.00138,"Y좌표31":42.9472,"Y좌표30":247.662,"X좌표2":428.2,"X좌표3":668.865,"X좌표1":382.263,"X좌표6":735.772,"X좌표7":737.769,"X좌표4":732.776,"X좌표5":748.754,"Y좌표26":717.01,"Y좌표25":620.144,"Y좌표28":727.994,"Y좌표9":667.079,"Y좌표27":739.978,"Y좌표22":537.26,"Y좌표21":717.01,"Y좌표24":498.314,"Y좌표23":506.303,"Y좌표20":707.024,"X좌표19":387.257,"X좌표18":395.245,"X좌표17":400.238,"X좌표16":436.188,"X좌표15":569.004,"X좌표14":570.002,"X좌표13":598.962,"X좌표12":623.927,"X좌표11":623.927,"Y좌표4":323.557,"X좌표10":584.982,"Y좌표3":3.00277,"Y좌표2":0.00693311,"Y좌표1":96.8722,"Y좌표8":611.157,"Y좌표7":537.26,"Y좌표29":621.143,"Y좌표6":495.318,"Y좌표5":348.522,"Y좌표15":501.31,"Y좌표14":490.325,"Y좌표17":540.255,"Y좌표16":538.258,"Y좌표11":556.233,"Y좌표10":598.175,"Y좌표13":488.328,"Y좌표12":533.265,"X좌표29":80.6829,"X좌표28":80.6829,"X좌표27":169.559,"X좌표26":167.562,"X좌표25":174.552,"X좌표24":215.495,"X좌표23":230.475,"X좌표22":295.384,"X좌표21":302.375,"X좌표20":388.255,"Y좌표19":606.164,"Y좌표18":607.162}]},"라벨링":{"스타일":[{"스타일":"아방가르드","서브스타일":"모던"}],"아우터":[{}],"하의":[{}],"원피스":[{}],"상의":[{"기장":"노멀","색상":"화이트","서브색상":"블랙","카테고리":"블라우스","디테일":["띠"],"소매기장":"긴팔","소재":["우븐"],"프린트":["무지","그래픽"],"넥라인":"브이넥","핏":"노멀"}]}},"파일 번호":1225379,"파일 이름":"1-(9)-004-271-3031-5163-TOP_007_imgs.jpg"}}