{"이미지 정보":{"이미지 식별자":1225449,"이미지 높이":800,"이미지 파일명":"1-(9)-004-271-3031-5163-TOP_013_07.jpg","이미지 너비":800},"데이터셋 정보":{"파일 생성일자":"2020-11-19 15:43:16","데이터셋 상세설명":{"렉트좌표":{"아우터":[{}],"하의":[{}],"원피스":[{}],"상의":[{"X좌표":253.941,"Y좌표":1.50416,"가로":425,"세로":725}]},"폴리곤좌표":{"아우터":[{}],"하의":[{}],"원피스":[{}],"상의":[{"X좌표31":458.158,"X좌표30":385.259,"X좌표8":604.954,"X좌표9":607.95,"Y좌표31":78.8972,"Y좌표30":5.9986,"X좌표2":477.132,"X좌표3":477.132,"X좌표1":464.15,"X좌표6":601.958,"X좌표7":613.941,"X좌표4":558.019,"X좌표5":587.977,"Y좌표26":256.65,"Y좌표25":339.535,"Y좌표28":78.8972,"Y좌표9":257.649,"Y좌표27":122.836,"Y좌표22":401.449,"Y좌표21":532.267,"Y좌표24":372.489,"Y좌표23":378.481,"Y좌표20":725.997,"X좌표19":405.232,"X좌표18":470.141,"X좌표17":562.013,"X좌표16":609.947,"X좌표15":679.85,"X좌표14":661.875,"X좌표13":624.926,"X좌표12":586.979,"X좌표11":564.011,"Y좌표4":21.9764,"X좌표10":573.997,"Y좌표3":2.00416,"Y좌표2":45.943,"Y좌표1":80.8944,"Y좌표8":232.683,"Y좌표7":188.744,"Y좌표29":29.9653,"Y좌표6":95.8736,"Y좌표5":37.9542,"Y좌표15":667.079,"Y좌표14":638.119,"Y좌표17":712.017,"Y좌표16":702.031,"Y좌표11":276.622,"Y좌표10":257.649,"Y좌표13":437.399,"Y좌표12":320.561,"X좌표29":346.313,"X좌표28":288.394,"X좌표27":264.427,"X좌표26":269.42,"X좌표25":254.441,"X좌표24":265.426,"X좌표23":298.38,"X좌표22":334.33,"X좌표21":347.312,"X좌표20":384.261,"Y좌표19":723.001,"Y좌표18":727.994}]},"라벨링":{"스타일":[{"스타일":"아방가르드"}],"아우터":[{}],"하의":[{}],"원피스":[{}],"상의":[{"기장":"롱","색상":"블랙","서브색상":"베이지","카테고리":"셔츠","옷깃":"셔츠칼라","디테일":["단추"],"소매기장":"7부소매","소재":["우븐"],"프린트":["믹스"],"핏":"노멀"}]}},"파일 번호":1225449,"파일 이름":"1-(9)-004-271-3031-5163-TOP_013_07.jpg"}}