{"이미지 정보":{"이미지 식별자":1225455,"이미지 높이":800,"이미지 파일명":"1-(9)-004-271-3031-5163-TOP_013_img.jpg","이미지 너비":800},"데이터셋 정보":{"파일 생성일자":"2020-11-19 15:43:18","데이터셋 상세설명":{"렉트좌표":{"아우터":[{}],"하의":[{}],"원피스":[{}],"상의":[{"X좌표":208.005,"Y좌표":0.505544,"가로":425,"세로":721}]},"폴리곤좌표":{"아우터":[{}],"하의":[{}],"원피스":[{}],"상의":[{"X좌표34":417.215,"X좌표33":402.236,"X좌표32":345.315,"X좌표31":308.366,"X좌표30":245.454,"X좌표8":558.019,"X좌표9":570.002,"Y좌표33":58.925,"Y좌표32":5.9986,"Y좌표34":68.9111,"Y좌표31":23.9736,"Y좌표30":67.9125,"X좌표2":439.184,"X좌표3":434.191,"X좌표1":422.208,"X좌표6":552.027,"X좌표7":568.005,"X좌표4":492.111,"X좌표5":540.044,"Y좌표26":361.504,"Y좌표25":376.483,"Y좌표28":268.633,"Y좌표9":251.657,"Y좌표27":331.546,"Y좌표22":502.308,"Y좌표21":603.168,"Y좌표24":366.497,"Y좌표23":386.469,"Y좌표20":708.022,"X좌표19":370.28,"X좌표18":418.213,"X좌표17":493.109,"X좌표16":535.051,"X좌표15":605.952,"X좌표14":633.913,"X좌표13":617.936,"X좌표12":577.991,"X좌표11":540.044,"Y좌표4":4.00138,"X좌표10":528.061,"Y좌표3":1.00554,"Y좌표2":38.9528,"Y좌표1":71.9069,"Y좌표8":210.714,"Y좌표7":178.758,"Y좌표29":136.817,"Y좌표6":52.9333,"Y좌표5":27.968,"Y좌표15":686.053,"Y좌표14":662.086,"Y좌표17":709.021,"Y좌표16":705.026,"Y좌표11":318.564,"Y좌표10":253.654,"Y좌표13":631.129,"Y좌표12":422.419,"X좌표29":226.48,"X좌표28":226.48,"X좌표27":208.505,"X좌표26":214.497,"X좌표25":247.451,"X좌표24":252.444,"X좌표23":293.387,"X좌표22":305.37,"X좌표21":306.369,"X좌표20":325.343,"Y좌표19":723.001,"Y좌표18":721.004}]},"라벨링":{"스타일":[{"스타일":"아방가르드"}],"아우터":[{}],"하의":[{}],"원피스":[{}],"상의":[{"기장":"롱","색상":"블랙","서브색상":"베이지","카테고리":"셔츠","옷깃":"셔츠칼라","디테일":["단추"],"소매기장":"7부소매","소재":["우븐"],"프린트":["믹스"],"핏":"노멀"}]}},"파일 번호":1225455,"파일 이름":"1-(9)-004-271-3031-5163-TOP_013_img.jpg"}}