{"이미지 정보":{"이미지 식별자":1225446,"이미지 높이":800,"이미지 파일명":"1-(9)-004-271-3031-5163-TOP_013_04.jpg","이미지 너비":800},"데이터셋 정보":{"파일 생성일자":"2020-11-19 15:43:16","데이터셋 상세설명":{"렉트좌표":{"아우터":[{}],"하의":[{}],"원피스":[{}],"상의":[{"X좌표":114.136,"Y좌표":-0.493067,"가로":528,"세로":778}]},"폴리곤좌표":{"아우터":[{}],"하의":[{}],"원피스":[{}],"상의":[{"X좌표39":438.186,"X좌표38":389.254,"X좌표37":373.276,"X좌표36":295.384,"X좌표35":264.427,"X좌표34":212.5,"X좌표33":160.572,"X좌표32":127.618,"X좌표31":114.636,"X좌표30":172.555,"Y좌표37":0.00693311,"Y좌표36":25.9708,"X좌표8":625.925,"Y좌표39":119.84,"X좌표9":634.912,"Y좌표38":29.9653,"Y좌표33":196.733,"Y좌표32":235.679,"Y좌표35":41.9486,"Y좌표34":226.692,"Y좌표31":269.632,"Y좌표30":325.554,"X좌표2":445.176,"X좌표3":479.129,"X좌표1":442.18,"X좌표6":588.976,"X좌표7":598.962,"X좌표4":485.12,"X좌표5":533.054,"Y좌표26":302.586,"Y좌표25":550.242,"Y좌표28":337.537,"Y좌표9":431.407,"Y좌표27":343.529,"Y좌표22":771.933,"Y좌표21":752.96,"Y좌표24":751.961,"Y좌표23":778.924,"Y좌표20":727.994,"X좌표19":515.079,"X좌표18":557.02,"X좌표17":575.994,"X좌표16":566.008,"X좌표15":585.98,"X좌표14":573.997,"X좌표13":591.972,"X좌표12":605.952,"X좌표11":642.901,"Y좌표4":6.99721,"X좌표10":623.927,"Y좌표3":53.9319,"Y좌표2":97.8708,"Y좌표1":120.839,"Y좌표8":360.506,"Y좌표7":50.9361,"Y좌표29":339.535,"Y좌표6":32.9611,"Y좌표5":6.99721,"Y좌표15":622.142,"Y좌표14":529.271,"Y좌표17":697.037,"Y좌표16":645.11,"Y좌표11":531.268,"Y좌표10":475.346,"Y좌표13":549.243,"Y좌표12":548.244,"X좌표29":184.538,"X좌표28":224.483,"X좌표27":274.413,"X좌표26":295.384,"X좌표25":287.395,"X좌표24":310.363,"X좌표23":396.244,"X좌표22":432.194,"X좌표21":450.169,"X좌표20":510.086,"Y좌표19":708.022,"Y좌표18":708.022}]},"라벨링":{"스타일":[{"스타일":"아방가르드"}],"아우터":[{}],"하의":[{}],"원피스":[{}],"상의":[{"기장":"롱","색상":"블랙","서브색상":"베이지","카테고리":"셔츠","옷깃":"셔츠칼라","디테일":["단추"],"소매기장":"긴팔","소재":["우븐"],"프린트":["믹스"],"핏":"노멀"}]}},"파일 번호":1225446,"파일 이름":"1-(9)-004-271-3031-5163-TOP_013_04.jpg"}}