{"이미지 정보":{"이미지 식별자":1225362,"이미지 높이":800,"이미지 파일명":"1-(9)-004-271-3031-5163-TOP_006_08.jpg","이미지 너비":800},"데이터셋 정보":{"파일 생성일자":"2020-11-19 15:42:56","데이터셋 상세설명":{"렉트좌표":{"아우터":[{}],"하의":[{}],"원피스":[{}],"상의":[{"X좌표":219.988,"Y좌표":-0.493067,"가로":473,"세로":542}]},"폴리곤좌표":{"아우터":[{}],"하의":[{}],"원피스":[{}],"상의":[{"Y좌표44":146.803,"Y좌표43":82.8917,"Y좌표45":142.808,"Y좌표40":52.9333,"Y좌표42":51.9347,"Y좌표41":4.00138,"X좌표39":258.436,"X좌표38":236.466,"X좌표37":237.465,"X좌표36":238.463,"X좌표35":220.488,"X좌표34":258.436,"X좌표33":295.384,"X좌표32":280.405,"X좌표31":295.384,"X좌표30":336.327,"Y좌표37":261.643,"Y좌표36":387.468,"X좌표8":638.906,"Y좌표39":86.8861,"X좌표9":676.854,"Y좌표38":138.814,"Y좌표33":493.321,"Y좌표32":465.36,"Y좌표35":421.421,"Y좌표34":490.325,"Y좌표31":446.386,"Y좌표30":462.364,"X좌표45":433.193,"X좌표44":422.208,"X좌표2":456.161,"X좌표43":377.27,"X좌표3":476.133,"X좌표42":384.261,"X좌표41":378.269,"X좌표1":432.194,"X좌표40":318.352,"X좌표6":558.019,"X좌표7":624.926,"X좌표4":480.127,"X좌표5":517.076,"Y좌표26":538.258,"Y좌표25":530.269,"Y좌표28":489.326,"Y좌표9":185.749,"Y좌표27":542.253,"Y좌표22":466.358,"Y좌표21":420.422,"Y좌표24":506.303,"Y좌표23":475.346,"Y좌표20":405.443,"X좌표19":622.929,"X좌표18":592.97,"X좌표17":645.897,"X좌표16":672.859,"X좌표15":676.854,"X좌표14":687.838,"X좌표13":693.83,"X좌표12":674.857,"X좌표11":674.857,"Y좌표4":0.00693311,"X좌표10":681.847,"Y좌표3":13.9875,"Y좌표2":62.9194,"Y좌표1":140.811,"Y좌표8":33.9597,"Y좌표7":19.9792,"Y좌표29":469.354,"Y좌표6":11.9903,"Y좌표5":2.00416,"Y좌표15":406.442,"Y좌표14":409.437,"Y좌표17":460.367,"Y좌표16":449.382,"Y좌표11":323.557,"Y좌표10":227.69,"Y좌표13":371.49,"Y좌표12":336.539,"X좌표29":357.298,"X좌표28":399.24,"X좌표27":404.233,"X좌표26":423.207,"X좌표25":453.165,"X좌표24":485.12,"X좌표23":495.107,"X좌표22":552.027,"X좌표21":558.019,"X좌표20":596.965,"Y좌표19":419.424,"Y좌표18":467.357}]},"라벨링":{"스타일":[{"스타일":"매니시","서브스타일":"모던"}],"아우터":[{}],"하의":[{}],"원피스":[{}],"상의":[{"기장":"노멀","색상":"블랙","서브색상":"화이트","카테고리":"셔츠","옷깃":"셔츠칼라","디테일":["띠"],"소매기장":"7부소매","소재":["우븐"],"프린트":["스트라이프"],"핏":"노멀"}]}},"파일 번호":1225362,"파일 이름":"1-(9)-004-271-3031-5163-TOP_006_08.jpg"}}