{"이미지 정보":{"이미지 식별자":704457,"이미지 높이":600,"이미지 파일명":"(710)IMG_1.JPG","이미지 너비":800},"데이터셋 정보":{"파일 생성일자":"2020-10-29 12:50:28","데이터셋 상세설명":{"렉트좌표":{"아우터":[{}],"하의":[{}],"원피스":[{}],"상의":[{"X좌표":100.142,"Y좌표":5.53906,"가로":471,"세로":474}]},"폴리곤좌표":{"아우터":[{}],"하의":[{}],"원피스":[{}],"상의":[{"Y좌표40":23.0391,"X좌표39":526.646,"X좌표38":539.646,"X좌표37":541.646,"X좌표36":557.646,"X좌표35":571.646,"X좌표34":565.646,"X좌표33":539.646,"X좌표32":482.645,"X좌표31":421.645,"X좌표30":409.645,"Y좌표37":173.039,"Y좌표36":221.039,"X좌표8":218.643,"Y좌표39":90.0391,"X좌표9":194.643,"Y좌표38":108.039,"Y좌표33":369.039,"Y좌표32":389.039,"Y좌표35":288.039,"Y좌표34":330.039,"Y좌표31":398.039,"Y좌표30":416.039,"X좌표2":403.645,"X좌표3":376.644,"X좌표1":425.645,"X좌표40":427.645,"X좌표6":308.644,"X좌표7":268.643,"X좌표4":343.644,"X좌표5":332.644,"Y좌표26":419.039,"Y좌표25":423.039,"Y좌표28":438.039,"Y좌표9":50.0391,"Y좌표27":434.039,"Y좌표22":447.039,"Y좌표21":471.039,"Y좌표24":423.039,"Y좌표23":432.039,"Y좌표20":480.039,"X좌표19":127.642,"X좌표18":124.642,"X좌표17":134.642,"X좌표16":128.642,"X좌표15":130.642,"X좌표14":125.642,"X좌표13":103.642,"X좌표12":100.642,"X좌표11":112.642,"Y좌표4":24.0391,"X좌표10":176.642,"Y좌표3":39.0391,"Y좌표2":44.0391,"Y좌표1":23.0391,"Y좌표8":30.0391,"Y좌표7":33.0391,"Y좌표29":411.039,"Y좌표6":20.0391,"Y좌표5":6.03906,"Y좌표15":357.039,"Y좌표14":339.039,"Y좌표17":396.039,"Y좌표16":392.039,"Y좌표11":270.039,"Y좌표10":89.0391,"Y좌표13":326.039,"Y좌표12":303.039,"X좌표29":395.645,"X좌표28":374.644,"X좌표27":350.644,"X좌표26":344.644,"X좌표25":304.644,"X좌표24":230.643,"X좌표23":215.643,"X좌표22":188.642,"X좌표21":184.642,"X좌표20":157.642,"Y좌표19":471.039,"Y좌표18":444.039}]},"라벨링":{"스타일":[{"스타일":"페미닌"}],"아우터":[{}],"하의":[{}],"원피스":[{}],"상의":[{"색상":"베이지","서브색상":"블루","카테고리":"셔츠","소매기장":"긴팔","소재":["우븐"],"프린트":["플로럴"],"핏":"노멀"}]}},"파일 번호":704457,"파일 이름":"(710)IMG_1.JPG"}}