{"이미지 정보":{"이미지 식별자":704464,"이미지 높이":600,"이미지 파일명":"(717)IMG_1.JPG","이미지 너비":800},"데이터셋 정보":{"파일 생성일자":"2020-10-29 12:50:38","데이터셋 상세설명":{"렉트좌표":{"아우터":[{}],"하의":[{}],"원피스":[{}],"상의":[{"X좌표":178.142,"Y좌표":2.53906,"가로":384,"세로":525}]},"폴리곤좌표":{"아우터":[{}],"하의":[{}],"원피스":[{}],"상의":[{"X좌표37":419.645,"X좌표36":472.645,"X좌표35":509.646,"X좌표34":542.646,"X좌표33":560.646,"X좌표32":562.646,"X좌표31":550.646,"X좌표30":535.646,"Y좌표37":3.03906,"Y좌표36":8.03906,"X좌표8":256.643,"X좌표9":232.643,"Y좌표33":90.0391,"Y좌표32":252.039,"Y좌표35":17.0391,"Y좌표34":33.0391,"Y좌표31":357.039,"Y좌표30":410.039,"X좌표2":400.645,"X좌표3":374.644,"X좌표1":418.645,"X좌표6":328.644,"X좌표7":293.643,"X좌표4":361.644,"X좌표5":331.644,"Y좌표26":512.039,"Y좌표25":522.039,"Y좌표28":444.039,"Y좌표9":62.0391,"Y좌표27":453.039,"Y좌표22":443.039,"Y좌표21":405.039,"Y좌표24":528.039,"Y좌표23":516.039,"Y좌표20":347.039,"X좌표19":377.644,"X좌표18":326.644,"X좌표17":253.643,"X좌표16":236.643,"X좌표15":205.643,"X좌표14":187.642,"X좌표13":178.642,"X좌표12":197.643,"X좌표11":196.643,"Y좌표4":38.0391,"X좌표10":203.643,"Y좌표3":30.0391,"Y좌표2":23.0391,"Y좌표1":6.03906,"Y좌표8":54.0391,"Y좌표7":38.0391,"Y좌표29":426.039,"Y좌표6":9.03906,"Y좌표5":35.0391,"Y좌표15":335.039,"Y좌표14":323.039,"Y좌표17":353.039,"Y좌표16":338.039,"Y좌표11":186.039,"Y좌표10":119.039,"Y좌표13":272.039,"Y좌표12":209.039,"X좌표29":538.646,"X좌표28":548.646,"X좌표27":539.646,"X좌표26":559.646,"X좌표25":523.646,"X좌표24":485.645,"X좌표23":457.645,"X좌표22":466.645,"X좌표21":463.645,"X좌표20":457.645,"Y좌표19":368.039,"Y좌표18":377.039}]},"라벨링":{"스타일":[{"스타일":"페미닌"}],"아우터":[{}],"하의":[{}],"원피스":[{}],"상의":[{"색상":"베이지","서브색상":"블루","카테고리":"셔츠","소매기장":"긴팔","소재":["우븐"],"프린트":["플로럴"],"핏":"노멀"}]}},"파일 번호":704464,"파일 이름":"(717)IMG_1.JPG"}}