{"이미지 정보":{"이미지 식별자":1233735,"이미지 높이":800,"이미지 파일명":"010-277-1,934-20,975-FallingJ_002_10.jpg","이미지 너비":800},"데이터셋 정보":{"파일 생성일자":"2020-11-19 16:18:08","데이터셋 상세설명":{"렉트좌표":{"아우터":[{"X좌표":-0.958572,"Y좌표":-0.131897,"가로":750,"세로":794}],"하의":[{}],"원피스":[{}],"상의":[{}]},"폴리곤좌표":{"아우터":[{"Y좌표40":88.2129,"Y좌표41":5.71517,"X좌표39":330.51,"X좌표38":170.581,"X좌표37":131.0,"X좌표36":129.679,"X좌표35":78.499,"X좌표34":58.7769,"X좌표33":1.41641,"X좌표32":-0.458572,"X좌표31":49.9576,"X좌표30":95.4432,"Y좌표37":2.0,"Y좌표36":0.368103,"X좌표8":642.035,"Y좌표39":182.585,"X좌표9":629.604,"Y좌표38":84.9491,"Y좌표33":137.378,"Y좌표32":242.375,"Y좌표35":4.81242,"Y좌표34":75.0189,"Y좌표31":380.427,"Y좌표30":446.919,"X좌표2":498.078,"X좌표3":580.577,"X좌표41":277.872,"X좌표1":277.664,"X좌표40":301.136,"X좌표6":634.118,"X좌표7":590.299,"X좌표4":662.174,"X좌표5":660.438,"Y좌표26":568.791,"Y좌표25":570.735,"Y좌표28":517.195,"Y좌표9":425.982,"Y좌표27":540.042,"Y좌표22":758.508,"Y좌표21":772.327,"Y좌표24":676.01,"Y좌표23":756.425,"Y좌표20":758.091,"X좌표19":526.064,"X좌표18":569.119,"X좌표17":636.202,"X좌표16":679.048,"X좌표15":746.756,"X좌표14":705.368,"X좌표13":685.715,"X좌표12":710.437,"X좌표11":750.228,"Y좌표4":239.181,"X좌표10":685.923,"Y좌표3":113.212,"Y좌표2":9.74284,"Y좌표1":2.3125,"Y좌표8":403.552,"Y좌표7":352.72,"Y좌표29":482.335,"Y좌표6":315.568,"Y좌표5":286.61,"Y좌표15":790.035,"Y좌표14":705.94,"Y좌표17":680.385,"Y좌표16":795.174,"Y좌표11":586.324,"Y좌표10":496.466,"Y좌표13":610.352,"Y좌표12":573.13,"X좌표29":120.512,"X좌표28":135.859,"X좌표27":165.304,"X좌표26":206.484,"X좌표25":251.831,"X좌표24":257.525,"X좌표23":269.261,"X좌표22":345.857,"X좌표21":375.371,"X좌표20":440.717,"Y좌표19":733.786,"Y좌표18":722.328}],"하의":[{}],"원피스":[{}],"상의":[{}]},"라벨링":{"스타일":[{"스타일":"페미닌","서브스타일":"클래식"}],"아우터":[{"기장":"노말","색상":"레드","카테고리":"재킷","옷깃":"테일러드칼라","디테일":["띠"],"소매기장":"긴팔","소재":["우븐"],"프린트":["무지"],"넥라인":"브이넥","핏":"노멀"}],"하의":[{}],"원피스":[{}],"상의":[{}]}},"파일 번호":1233735,"파일 이름":"010-277-1,934-20,975-FallingJ_002_10.jpg"}}