{"이미지 정보":{"이미지 식별자":1235156,"이미지 높이":800,"이미지 파일명":"012-279-949-21,968-Prau_007_15.jpg","이미지 너비":800},"데이터셋 정보":{"파일 생성일자":"2020-11-19 16:23:57","데이터셋 상세설명":{"렉트좌표":{"아우터":[{}],"하의":[{"X좌표":243.285,"Y좌표":185.361,"가로":156,"세로":426}],"원피스":[{}],"상의":[{"X좌표":240.287,"Y좌표":5.52459,"가로":174,"세로":186}]},"폴리곤좌표":{"아우터":[{}],"하의":[{"X좌표8":400.641,"X좌표9":396.645,"Y좌표9":327.731,"Y좌표11":185.861,"Y좌표10":233.817,"Y좌표12":187.859,"X좌표12":317.717,"X좌표11":362.676,"X좌표2":256.773,"Y좌표4":605.478,"X좌표10":392.649,"X좌표3":243.785,"Y좌표3":593.489,"Y좌표2":455.614,"X좌표1":308.725,"Y좌표1":187.859,"X좌표6":339.697,"Y좌표8":602.48,"X좌표7":388.652,"Y좌표7":609.474,"X좌표4":280.751,"Y좌표6":612.471,"X좌표5":314.72,"Y좌표5":610.473}],"원피스":[{}],"상의":[{"X좌표8":287.744,"X좌표9":284.747,"X좌표2":252.776,"X좌표3":240.787,"X좌표1":280.751,"X좌표6":291.741,"X좌표7":292.74,"X좌표4":251.777,"X좌표5":277.754,"Y좌표25":42.9909,"Y좌표9":182.863,"Y좌표22":41.9918,"Y좌표21":31.0018,"Y좌표24":47.9863,"Y좌표23":67.9681,"Y좌표20":6.02459,"X좌표19":362.676,"X좌표18":389.651,"X좌표17":415.628,"X좌표16":415.628,"X좌표15":406.636,"X좌표14":372.667,"X좌표13":350.687,"X좌표12":350.687,"X좌표11":351.686,"Y좌표4":143.899,"X좌표10":323.712,"Y좌표3":111.928,"Y좌표2":85.9517,"Y좌표1":40.9927,"Y좌표8":165.879,"Y좌표7":143.899,"Y좌표6":130.911,"Y좌표5":147.895,"Y좌표15":132.909,"Y좌표14":136.905,"Y좌표17":39.9936,"Y좌표16":104.934,"Y좌표11":192.854,"Y좌표10":190.856,"Y좌표13":151.892,"Y좌표12":179.866,"X좌표25":281.75,"X좌표24":295.737,"X좌표23":297.735,"X좌표22":315.719,"X좌표21":320.714,"X좌표20":341.695,"Y좌표19":6.02459,"Y좌표18":17.0146}]},"라벨링":{"스타일":[{"스타일":"페미닌"}],"아우터":[{}],"하의":[{"기장":"미디","색상":"민트","카테고리":"스커트","디테일":["플리츠"]}],"원피스":[{}],"상의":[{"기장":"크롭","카테고리":"티셔츠","넥라인":"보트넥"}]}},"파일 번호":1235156,"파일 이름":"012-279-949-21,968-Prau_007_15.jpg"}}