{"이미지 정보":{"이미지 식별자":1235166,"이미지 높이":800,"이미지 파일명":"012-279-949-21,968-Prau_007_66.jpg","이미지 너비":800},"데이터셋 정보":{"파일 생성일자":"2020-11-19 16:23:59","데이터셋 상세설명":{"렉트좌표":{"아우터":[{}],"하의":[{"X좌표":217.308,"Y좌표":210.338,"가로":349,"세로":413}],"원피스":[{}],"상의":[{"X좌표":335.201,"Y좌표":-0.469937,"가로":170,"세로":218}]},"폴리곤좌표":{"아우터":[{}],"하의":[{"X좌표8":486.563,"X좌표9":567.489,"Y좌표9":584.497,"Y좌표11":220.829,"Y좌표10":420.646,"Y좌표12":211.837,"X좌표12":326.709,"X좌표11":457.59,"X좌표2":217.808,"Y좌표4":596.486,"X좌표10":515.537,"X좌표3":234.793,"Y좌표3":579.501,"Y좌표2":562.517,"X좌표1":326.709,"Y좌표1":210.838,"X좌표6":369.67,"Y좌표8":624.46,"X좌표7":405.637,"Y좌표7":623.461,"X좌표4":274.756,"Y좌표6":609.474,"X좌표5":337.699,"Y좌표5":605.478}],"원피스":[{}],"상의":[{"Y좌표9":178.867,"X좌표16":380.66,"X좌표15":467.58,"X좌표14":486.563,"X좌표13":496.554,"X좌표12":506.545,"X좌표11":500.55,"Y좌표4":135.906,"X좌표10":472.576,"Y좌표3":84.9526,"Y좌표2":44.989,"Y좌표1":9.02186,"Y좌표8":218.83,"Y좌표7":217.831,"Y좌표6":210.838,"Y좌표5":170.874,"Y좌표15":0.0300629,"Y좌표14":23.0091,"X좌표8":453.593,"X좌표9":446.6,"Y좌표16":11.02,"Y좌표11":175.87,"Y좌표10":174.871,"Y좌표13":83.9535,"Y좌표12":154.889,"X좌표2":345.692,"X좌표3":336.7,"X좌표1":378.661,"X좌표6":335.701,"X좌표7":385.655,"X좌표4":339.697,"X좌표5":337.699}]},"라벨링":{"스타일":[{"스타일":"페미닌"}],"아우터":[{}],"하의":[{"기장":"미디","색상":"화이트","카테고리":"스커트","디테일":["플리츠"]}],"원피스":[{}],"상의":[{"기장":"크롭","색상":"베이지","카테고리":"티셔츠","소매기장":"긴팔","넥라인":"보트넥"}]}},"파일 번호":1235166,"파일 이름":"012-279-949-21,968-Prau_007_66.jpg"}}