{"이미지 정보":{"이미지 식별자":371098,"이미지 높이":1066,"이미지 파일명":"159945823588113100_37146121.jpg","이미지 너비":800},"데이터셋 정보":{"파일 생성일자":"2020-09-15 02:38:22","데이터셋 상세설명":{"렉트좌표":{"아우터":[{"X좌표":3.5,"Y좌표":2.49887,"가로":775,"세로":891}],"하의":[{}],"원피스":[{}],"상의":[{}]},"폴리곤좌표":{"아우터":[{"Y좌표40":21.9917,"X좌표39":196.0,"X좌표38":126.0,"X좌표37":89.0,"X좌표36":39.0,"X좌표35":5.0,"X좌표34":4.0,"X좌표33":138.0,"X좌표32":131.0,"X좌표31":176.0,"X좌표30":288.0,"Y좌표37":155.941,"Y좌표36":318.281,"X좌표8":779.0,"Y좌표39":38.9854,"X좌표9":680.0,"Y좌표38":68.9741,"Y좌표33":682.144,"Y좌표32":831.088,"Y좌표35":478.22,"Y좌표34":638.16,"Y좌표31":877.071,"Y좌표30":894.064,"X좌표2":574.0,"X좌표3":669.0,"X좌표1":507.0,"X좌표40":312.0,"X좌표6":767.0,"X좌표7":776.0,"X좌표4":711.0,"X좌표5":740.0,"Y좌표26":430.838,"Y좌표25":291.89,"Y좌표28":730.126,"Y좌표9":679.745,"Y좌표27":575.784,"Y좌표22":105.96,"Y좌표21":63.976,"Y좌표24":132.95,"Y좌표23":132.95,"Y좌표20":21.9917,"X좌표19":506.0,"X좌표18":512.0,"X좌표17":480.0,"X좌표16":404.0,"X좌표15":452.0,"X좌표14":466.0,"X좌표13":490.0,"X좌표12":502.0,"X좌표11":668.0,"Y좌표4":129.951,"X좌표10":676.0,"Y좌표3":73.9722,"Y좌표2":23.991,"Y좌표1":6.99737,"Y좌표8":642.759,"Y좌표7":408.847,"Y좌표29":816.094,"Y좌표6":361.864,"Y좌표5":252.905,"Y좌표15":351.868,"Y좌표14":489.216,"Y좌표17":84.9681,"Y좌표16":131.95,"Y좌표11":855.079,"Y좌표10":741.722,"Y좌표13":777.108,"Y좌표12":875.072,"X좌표29":296.0,"X좌표28":308.0,"X좌표27":334.0,"X좌표26":355.0,"X좌표25":381.0,"X좌표24":398.0,"X좌표23":381.0,"X좌표22":344.0,"X좌표21":305.0,"X좌표20":309.0,"Y좌표19":2.99887,"Y좌표18":50.9809}],"하의":[{}],"원피스":[{}],"상의":[{}]},"라벨링":{"스타일":[{"스타일":"펑크","서브스타일":"스트리트"}],"아우터":[{"기장":"하프","색상":"카키","카테고리":"재킷","디테일":["슬릿"],"소매기장":"7부소매","소재":["가죽"],"프린트":["무지"],"핏":"노멀"}],"하의":[{}],"원피스":[{}],"상의":[{}]}},"파일 번호":371098,"파일 이름":"159945823588113100_37146121.jpg"}}