{"이미지 정보":{"이미지 식별자":371099,"이미지 높이":1066,"이미지 파일명":"159945823642392400_588440695.jpg","이미지 너비":800},"데이터셋 정보":{"파일 생성일자":"2020-09-15 02:38:22","데이터셋 상세설명":{"렉트좌표":{"아우터":[{"X좌표":44.5,"Y좌표":1.49925,"가로":710,"세로":860}],"하의":[{}],"원피스":[{}],"상의":[{}]},"폴리곤좌표":{"아우터":[{"X좌표38":352.0,"X좌표37":238.0,"X좌표36":179.0,"X좌표35":151.0,"X좌표34":123.0,"X좌표33":94.0,"X좌표32":45.0,"X좌표31":129.0,"X좌표30":123.0,"Y좌표37":27.9895,"Y좌표36":59.9775,"X좌표8":755.0,"X좌표9":610.0,"Y좌표38":7.997,"Y좌표33":421.242,"Y좌표32":578.183,"Y좌표35":149.944,"Y좌표34":305.285,"Y좌표31":626.165,"Y좌표30":830.088,"X좌표2":660.0,"X좌표3":692.0,"X좌표1":524.0,"X좌표6":730.0,"X좌표7":732.0,"X좌표4":716.0,"X좌표5":726.0,"Y좌표26":444.833,"Y좌표25":340.872,"Y좌표28":759.115,"Y좌표9":672.148,"Y좌표27":606.172,"Y좌표22":94.9644,"Y좌표21":65.9752,"Y좌표24":229.914,"Y좌표23":115.956,"Y좌표20":7.997,"X좌표19":524.0,"X좌표18":463.0,"X좌표17":381.0,"X좌표16":343.0,"X좌표15":340.0,"X좌표14":332.0,"X좌표13":318.0,"X좌표12":350.0,"X좌표11":485.0,"Y좌표4":276.896,"X좌표10":616.0,"Y좌표3":103.961,"Y좌표2":61.9767,"Y좌표1":1.99925,"Y좌표8":642.159,"Y좌표7":534.199,"Y좌표29":851.081,"Y좌표6":499.213,"Y좌표5":402.849,"Y좌표15":415.844,"Y좌표14":598.175,"Y좌표17":107.959,"Y좌표16":251.905,"Y좌표11":862.076,"Y좌표10":842.084,"Y좌표13":848.082,"Y좌표12":859.078,"X좌표29":196.0,"X좌표28":212.0,"X좌표27":226.0,"X좌표26":257.0,"X좌표25":271.0,"X좌표24":310.0,"X좌표23":357.0,"X좌표22":330.0,"X좌표21":322.0,"X좌표20":352.0,"Y좌표19":1.99925,"Y좌표18":59.9775}],"하의":[{}],"원피스":[{}],"상의":[{}]},"라벨링":{"스타일":[{"스타일":"펑크","서브스타일":"스트리트"}],"아우터":[{"기장":"하프","색상":"카키","카테고리":"재킷","소매기장":"7부소매","소재":["가죽"],"프린트":["무지"],"넥라인":"노카라","핏":"노멀"}],"하의":[{}],"원피스":[{}],"상의":[{}]}},"파일 번호":371099,"파일 이름":"159945823642392400_588440695.jpg"}}