{"이미지 정보":{"이미지 식별자":371087,"이미지 높이":1066,"이미지 파일명":"159945813211987500_2057117000.jpg","이미지 너비":800},"데이터셋 정보":{"파일 생성일자":"2020-09-15 02:38:14","데이터셋 상세설명":{"렉트좌표":{"아우터":[{"X좌표":27.5,"Y좌표":-0.5,"가로":734,"세로":1060}],"하의":[{}],"원피스":[{}],"상의":[{}]},"폴리곤좌표":{"아우터":[{"X좌표36":277.0,"X좌표35":486.0,"X좌표34":453.0,"X좌표33":361.0,"X좌표32":340.0,"X좌표31":296.0,"X좌표30":291.0,"Y좌표36":0.999625,"X좌표8":756.0,"X좌표9":762.0,"Y좌표33":159.94,"Y좌표32":145.945,"Y좌표35":0.0,"Y좌표34":72.9726,"Y좌표31":72.9726,"Y좌표30":18.9929,"X좌표2":524.0,"X좌표3":616.0,"X좌표1":485.0,"X좌표6":723.0,"X좌표7":748.0,"X좌표4":664.0,"X좌표5":696.0,"Y좌표26":147.944,"Y좌표25":277.896,"Y좌표28":43.9835,"Y좌표9":860.077,"Y좌표27":83.9685,"Y좌표22":949.044,"Y좌표21":948.044,"Y좌표24":512.807,"Y좌표23":730.126,"Y좌표20":842.084,"X좌표19":149.0,"X좌표18":310.0,"X좌표17":460.0,"X좌표16":463.0,"X좌표15":544.0,"X좌표14":549.0,"X좌표13":612.0,"X좌표12":654.0,"X좌표11":656.0,"Y좌표4":123.953,"X좌표10":758.0,"Y좌표3":80.9696,"Y좌표2":48.9816,"Y좌표1":2.99887,"Y좌표8":750.118,"Y좌표7":610.171,"Y좌표29":0.0,"Y좌표6":398.85,"Y좌표5":221.917,"Y좌표15":1060.0,"Y좌표14":977.033,"Y좌표17":971.036,"Y좌표16":1055.0,"Y좌표11":940.047,"Y좌표10":944.046,"Y좌표13":982.031,"Y좌표12":960.04,"X좌표29":276.0,"X좌표28":210.0,"X좌표27":134.0,"X좌표26":81.0,"X좌표25":58.0,"X좌표24":43.0,"X좌표23":34.0,"X좌표22":28.0,"X좌표21":139.0,"X좌표20":143.0,"Y좌표19":970.036,"Y좌표18":982.031}],"하의":[{}],"원피스":[{}],"상의":[{}]},"라벨링":{"스타일":[{"스타일":"펑크","서브스타일":"스트리트"}],"아우터":[{"기장":"하프","색상":"카키","카테고리":"재킷","옷깃":"셔츠칼라","디테일":["띠","포켓"],"소매기장":"긴팔","소재":["가죽"],"프린트":["무지"],"핏":"노멀"}],"하의":[{}],"원피스":[{}],"상의":[{}]}},"파일 번호":371087,"파일 이름":"159945813211987500_2057117000.jpg"}}