{"이미지 정보":{"이미지 식별자":371092,"이미지 높이":1066,"이미지 파일명":"159945823139131600_642724784.jpg","이미지 너비":800},"데이터셋 정보":{"파일 생성일자":"2020-09-15 02:38:19","데이터셋 상세설명":{"렉트좌표":{"아우터":[{"X좌표":49.5,"Y좌표":3.4985,"가로":629,"세로":906}],"하의":[{}],"원피스":[{}],"상의":[{}]},"폴리곤좌표":{"아우터":[{"X좌표33":0.0,"X좌표32":309.0,"X좌표31":424.0,"X좌표30":456.0,"X좌표8":639.0,"X좌표9":648.0,"Y좌표33":0.0,"Y좌표32":6.99737,"Y좌표31":21.9917,"Y좌표30":117.956,"X좌표2":491.0,"X좌표3":536.0,"X좌표1":422.0,"X좌표6":614.0,"X좌표7":632.0,"X좌표4":576.0,"X좌표5":601.0,"Y좌표26":3.9985,"Y좌표25":44.9831,"Y좌표28":36.9861,"Y좌표9":582.181,"Y좌표27":4.99812,"Y좌표22":362.264,"Y좌표21":494.215,"Y좌표24":128.952,"Y좌표23":222.916,"Y좌표20":644.158,"X좌표19":124.0,"X좌표18":110.0,"X좌표17":176.0,"X좌표16":308.0,"X좌표15":311.0,"X좌표14":321.0,"X좌표13":492.0,"X좌표12":679.0,"X좌표11":667.0,"Y좌표4":236.911,"X좌표10":654.0,"Y좌표3":179.932,"Y좌표2":95.964,"Y좌표1":23.991,"Y좌표8":515.806,"Y좌표7":460.827,"Y좌표29":87.967,"Y좌표6":396.851,"Y좌표5":313.882,"Y좌표15":846.082,"Y좌표14":861.077,"Y좌표17":902.061,"Y좌표16":910.058,"Y좌표11":744.121,"Y좌표10":655.154,"Y좌표13":858.078,"Y좌표12":823.091,"X좌표29":412.0,"X좌표28":368.0,"X좌표27":308.0,"X좌표26":252.0,"X좌표25":214.0,"X좌표24":162.0,"X좌표23":140.0,"X좌표22":86.0,"X좌표21":50.0,"X좌표20":76.0,"Y좌표19":646.157,"Y좌표18":886.067}],"하의":[{}],"원피스":[{}],"상의":[{}]},"라벨링":{"스타일":[{"스타일":"펑크","서브스타일":"스트리트"}],"아우터":[{"기장":"하프","색상":"카키","카테고리":"재킷","디테일":["슬릿"],"소매기장":"7부소매","소재":["가죽"],"프린트":["무지"],"핏":"노멀"}],"하의":[{}],"원피스":[{}],"상의":[{}]}},"파일 번호":371092,"파일 이름":"159945823139131600_642724784.jpg"}}