{"이미지 정보":{"이미지 식별자":371088,"이미지 높이":1066,"이미지 파일명":"159945813268879200_1032905986.jpg","이미지 너비":800},"데이터셋 정보":{"파일 생성일자":"2020-09-15 02:38:15","데이터셋 상세설명":{"렉트좌표":{"아우터":[{"X좌표":53.5,"Y좌표":-0.5,"가로":661,"세로":1057}],"하의":[{}],"원피스":[{}],"상의":[{}]},"폴리곤좌표":{"아우터":[{"X좌표35":525.0,"X좌표34":495.0,"X좌표33":470.0,"X좌표32":427.0,"X좌표31":336.0,"X좌표30":340.0,"X좌표8":708.0,"X좌표9":702.0,"Y좌표33":30.9884,"Y좌표32":77.9707,"Y좌표35":5.99775,"Y좌표34":0.0,"Y좌표31":163.938,"Y좌표30":139.947,"X좌표2":560.0,"X좌표3":620.0,"X좌표1":523.0,"X좌표6":714.0,"X좌표7":715.0,"X좌표4":671.0,"X좌표5":706.0,"Y좌표26":83.9685,"Y좌표25":152.943,"Y좌표28":0.999625,"Y좌표9":738.123,"Y좌표27":41.9842,"Y좌표22":698.138,"Y좌표21":870.073,"Y좌표24":302.886,"Y좌표23":533.8,"Y좌표20":877.071,"X좌표19":159.0,"X좌표18":155.0,"X좌표17":307.0,"X좌표16":301.0,"X좌표15":466.0,"X좌표14":480.0,"X좌표13":596.0,"X좌표12":602.0,"X좌표11":673.0,"Y좌표4":111.958,"X좌표10":684.0,"Y좌표3":67.9745,"Y좌표2":45.9827,"Y좌표1":3.9985,"Y좌표8":615.169,"Y좌표7":470.224,"Y좌표29":68.9741,"Y좌표6":305.885,"Y좌표5":199.925,"Y좌표15":1057.0,"Y좌표14":965.038,"Y좌표17":938.048,"Y좌표16":1053.0,"Y좌표11":956.041,"Y좌표10":859.078,"Y좌표13":966.037,"Y좌표12":949.044,"X좌표29":332.0,"X좌표28":351.0,"X좌표27":288.0,"X좌표26":212.0,"X좌표25":163.0,"X좌표24":126.0,"X좌표23":98.0,"X좌표22":76.0,"X좌표21":54.0,"X좌표20":144.0,"Y좌표19":786.105,"Y좌표18":912.058}],"하의":[{}],"원피스":[{}],"상의":[{}]},"라벨링":{"스타일":[{"스타일":"펑크","서브스타일":"스트리트"}],"아우터":[{"기장":"하프","색상":"카키","카테고리":"재킷","옷깃":"셔츠칼라","디테일":["띠","포켓"],"소매기장":"긴팔","소재":["가죽"],"프린트":["무지"],"핏":"노멀"}],"하의":[{}],"원피스":[{}],"상의":[{}]}},"파일 번호":371088,"파일 이름":"159945813268879200_1032905986.jpg"}}