{"이미지 정보":{"이미지 식별자":371146,"이미지 높이":1066,"이미지 파일명":"159945960991254600_151290761.jpg","이미지 너비":800},"데이터셋 정보":{"파일 생성일자":"2020-09-15 02:38:44","데이터셋 상세설명":{"렉트좌표":{"아우터":[{"X좌표":90.5,"Y좌표":1.49925,"가로":585,"세로":976}],"하의":[{}],"원피스":[{}],"상의":[{}]},"폴리곤좌표":{"아우터":[{"X좌표36":304.0,"X좌표35":440.0,"X좌표34":421.0,"X좌표33":448.0,"X좌표32":499.0,"X좌표31":521.0,"X좌표30":450.0,"Y좌표36":2.99887,"X좌표8":624.0,"X좌표9":661.0,"Y좌표33":141.947,"Y좌표32":242.909,"Y좌표35":51.9805,"Y좌표34":59.9775,"Y좌표31":361.864,"Y좌표30":195.926,"X좌표2":480.0,"X좌표3":517.0,"X좌표1":441.0,"X좌표6":617.0,"X좌표7":612.0,"X좌표4":555.0,"X좌표5":593.0,"Y좌표26":29.9887,"Y좌표25":104.961,"Y좌표28":1.99925,"Y좌표9":767.112,"Y좌표27":7.997,"Y좌표22":394.852,"Y좌표21":497.813,"Y좌표24":192.928,"Y좌표23":297.888,"Y좌표20":577.783,"X좌표19":187.0,"X좌표18":200.0,"X좌표17":213.0,"X좌표16":232.0,"X좌표15":300.0,"X좌표14":474.0,"X좌표13":610.0,"X좌표12":672.0,"X좌표11":676.0,"Y좌표4":295.889,"X좌표10":652.0,"Y좌표3":186.93,"Y좌표2":134.949,"Y좌표1":51.9805,"Y좌표8":629.164,"Y좌표7":506.81,"Y좌표29":61.9767,"Y좌표6":447.832,"Y좌표5":371.86,"Y좌표15":936.049,"Y좌표14":958.04,"Y좌표17":876.071,"Y좌표16":928.052,"Y좌표11":932.05,"Y좌표10":788.104,"Y좌표13":950.043,"Y좌표12":978.033,"X좌표29":366.0,"X좌표28":300.0,"X좌표27":268.0,"X좌표26":233.0,"X좌표25":196.0,"X좌표24":161.0,"X좌표23":119.0,"X좌표22":91.0,"X좌표21":108.0,"X좌표20":142.0,"Y좌표19":598.775,"Y좌표18":718.13}],"하의":[{}],"원피스":[{}],"상의":[{}]},"라벨링":{"스타일":[{"스타일":"펑크","서브스타일":"스트리트"}],"아우터":[{"기장":"하프","색상":"카키","카테고리":"재킷","옷깃":"숄칼라","디테일":["드롭숄더"],"소매기장":"긴팔","소재":["가죽"],"프린트":["무지"],"핏":"루즈"}],"하의":[{}],"원피스":[{}],"상의":[{}]}},"파일 번호":371146,"파일 이름":"159945960991254600_151290761.jpg"}}