{"이미지 정보":{"이미지 식별자":371089,"이미지 높이":1066,"이미지 파일명":"159945813331135100_71016362.jpg","이미지 너비":800},"데이터셋 정보":{"파일 생성일자":"2020-09-15 02:38:16","데이터셋 상세설명":{"렉트좌표":{"아우터":[{"X좌표":19.5,"Y좌표":-0.5,"가로":742,"세로":1058}],"하의":[{}],"원피스":[{}],"상의":[{}]},"폴리곤좌표":{"아우터":[{"X좌표36":285.0,"X좌표35":196.0,"X좌표34":158.0,"X좌표33":85.0,"X좌표32":55.0,"X좌표31":31.0,"X좌표30":20.0,"Y좌표36":2.99887,"X좌표8":728.0,"X좌표9":739.0,"Y좌표33":158.94,"Y좌표32":247.907,"Y좌표35":46.9824,"Y좌표34":98.9629,"Y좌표31":411.845,"Y좌표30":575.784,"X좌표2":459.0,"X좌표3":548.0,"X좌표1":286.0,"X좌표6":704.0,"X좌표7":717.0,"X좌표4":585.0,"X좌표5":644.0,"Y좌표26":985.03,"Y좌표25":950.043,"Y좌표28":982.031,"Y좌표9":478.22,"Y좌표27":1002.02,"Y좌표22":1054.0,"Y좌표21":1058.0,"Y좌표24":1013.02,"Y좌표23":1040.01,"Y좌표20":1050.01,"X좌표19":647.0,"X좌표18":653.0,"X좌표17":652.0,"X좌표16":655.0,"X좌표15":727.0,"X좌표14":756.0,"X좌표13":760.0,"X좌표12":762.0,"X좌표11":754.0,"Y좌표4":87.967,"X좌표10":748.0,"Y좌표3":60.9771,"Y좌표2":0.0,"Y좌표1":2.99887,"Y좌표8":383.856,"Y좌표7":291.89,"Y좌표29":746.12,"Y좌표6":212.92,"Y좌표5":119.955,"Y좌표15":985.03,"Y좌표14":976.034,"Y좌표17":890.066,"Y좌표16":953.042,"Y좌표11":704.136,"Y좌표10":603.174,"Y좌표13":931.051,"Y좌표12":837.086,"X좌표29":22.0,"X좌표28":31.0,"X좌표27":93.0,"X좌표26":138.0,"X좌표25":139.0,"X좌표24":148.0,"X좌표23":219.0,"X좌표22":363.0,"X좌표21":452.0,"X좌표20":545.0,"Y좌표19":1030.01,"Y좌표18":992.028}],"하의":[{}],"원피스":[{}],"상의":[{}]},"라벨링":{"스타일":[{"스타일":"펑크","서브스타일":"스트리트"}],"아우터":[{"기장":"하프","색상":"카키","카테고리":"재킷","디테일":["띠"],"소매기장":"긴팔","소재":["가죽"],"프린트":["무지"],"핏":"노멀"}],"하의":[{}],"원피스":[{}],"상의":[{}]}},"파일 번호":371089,"파일 이름":"159945813331135100_71016362.jpg"}}