{"이미지 정보":{"이미지 식별자":371096,"이미지 높이":1066,"이미지 파일명":"159945823468358100_1789345763.jpg","이미지 너비":800},"데이터셋 정보":{"파일 생성일자":"2020-09-15 02:38:21","데이터셋 상세설명":{"렉트좌표":{"아우터":[{"X좌표":85.5,"Y좌표":0.499625,"가로":620,"세로":928}],"하의":[{}],"원피스":[{}],"상의":[{}]},"폴리곤좌표":{"아우터":[{"X좌표30":424.0,"X좌표8":704.0,"X좌표9":702.0,"Y좌표30":2.99887,"X좌표2":491.0,"X좌표3":549.0,"X좌표1":424.0,"X좌표6":655.0,"X좌표7":696.0,"X좌표4":581.0,"X좌표5":620.0,"Y좌표26":203.923,"Y좌표25":279.895,"Y좌표28":43.9835,"Y좌표9":725.128,"Y좌표27":91.9655,"Y좌표22":519.805,"Y좌표21":692.14,"Y좌표24":387.854,"Y좌표23":405.848,"Y좌표20":858.078,"X좌표19":236.0,"X좌표18":323.0,"X좌표17":402.0,"X좌표16":527.0,"X좌표15":516.0,"X좌표14":502.0,"X좌표13":511.0,"X좌표12":572.0,"X좌표11":626.0,"Y좌표4":167.937,"X좌표10":706.0,"Y좌표3":70.9734,"Y좌표2":31.988,"Y좌표1":0.999625,"Y좌표8":627.165,"Y좌표7":545.795,"Y좌표29":4.99812,"Y좌표6":418.843,"Y좌표5":271.898,"Y좌표15":788.104,"Y좌표14":668.749,"Y좌표17":924.053,"Y좌표16":890.066,"Y좌표11":815.094,"Y좌표10":754.117,"Y좌표13":699.138,"Y좌표12":833.087,"X좌표29":278.0,"X좌표28":220.0,"X좌표27":162.0,"X좌표26":133.0,"X좌표25":91.0,"X좌표24":86.0,"X좌표23":133.0,"X좌표22":131.0,"X좌표21":141.0,"X좌표20":147.0,"Y좌표19":903.061,"Y좌표18":929.051}],"하의":[{}],"원피스":[{}],"상의":[{}]},"라벨링":{"스타일":[{"스타일":"펑크","서브스타일":"스트리트"}],"아우터":[{"기장":"하프","색상":"카키","카테고리":"재킷","디테일":["슬릿"],"소매기장":"7부소매","소재":["가죽"],"프린트":["무지"],"핏":"노멀"}],"하의":[{}],"원피스":[{}],"상의":[{}]}},"파일 번호":371096,"파일 이름":"159945823468358100_1789345763.jpg"}}