{"이미지 정보":{"이미지 식별자":371080,"이미지 높이":1066,"이미지 파일명":"159945812827510900_921037884.jpg","이미지 너비":800},"데이터셋 정보":{"파일 생성일자":"2020-09-15 02:38:11","데이터셋 상세설명":{"렉트좌표":{"아우터":[{"X좌표":0.5,"Y좌표":4.49812,"가로":775,"세로":1054}],"하의":[{}],"원피스":[{}],"상의":[{}]},"폴리곤좌표":{"아우터":[{"Y좌표47":8.99662,"Y좌표44":113.957,"Y좌표43":192.928,"Y좌표46":7.997,"Y좌표45":59.9775,"Y좌표40":55.979,"Y좌표42":184.931,"Y좌표41":119.955,"X좌표39":340.0,"X좌표38":283.0,"X좌표37":243.0,"X좌표36":224.0,"X좌표35":164.0,"X좌표34":80.0,"X좌표33":64.0,"X좌표32":24.0,"X좌표31":1.0,"X좌표30":29.0,"Y좌표37":61.9767,"Y좌표36":52.9801,"X좌표8":767.0,"Y좌표39":11.9955,"X좌표9":768.0,"Y좌표38":40.9846,"Y좌표33":222.916,"Y좌표32":276.896,"Y좌표35":108.959,"Y좌표34":199.925,"Y좌표31":359.865,"Y좌표30":399.85,"X좌표47":344.0,"X좌표46":496.0,"X좌표45":508.0,"X좌표44":457.0,"X좌표2":528.0,"X좌표43":377.0,"X좌표3":566.0,"X좌표42":361.0,"X좌표41":351.0,"X좌표1":492.0,"X좌표40":328.0,"X좌표6":724.0,"X좌표7":738.0,"X좌표4":618.0,"X좌표5":686.0,"Y좌표26":467.824,"Y좌표25":526.802,"Y좌표28":420.842,"Y좌표9":683.144,"Y좌표27":403.848,"Y좌표22":865.075,"Y좌표21":903.061,"Y좌표24":578.783,"Y좌표23":699.138,"Y좌표20":933.05,"X좌표19":337.0,"X좌표18":508.0,"X좌표17":520.0,"X좌표16":600.0,"X좌표15":624.0,"X좌표14":641.0,"X좌표13":666.0,"X좌표12":776.0,"X좌표11":773.0,"Y좌표4":74.9719,"X좌표10":760.0,"Y좌표3":31.988,"Y좌표2":5.99775,"Y좌표1":4.99812,"Y좌표8":562.189,"Y좌표7":311.883,"Y좌표29":417.843,"Y좌표6":200.925,"Y좌표5":125.953,"Y좌표15":958.04,"Y좌표14":811.096,"Y좌표17":964.038,"Y좌표16":968.037,"Y좌표11":829.089,"Y좌표10":771.111,"Y좌표13":922.054,"Y좌표12":930.051,"X좌표29":52.0,"X좌표28":128.0,"X좌표27":153.0,"X좌표26":194.0,"X좌표25":204.0,"X좌표24":177.0,"X좌표23":150.0,"X좌표22":131.0,"X좌표21":188.0,"X좌표20":343.0,"Y좌표19":1049.01,"Y좌표18":1059.0}],"하의":[{}],"원피스":[{}],"상의":[{}]},"라벨링":{"스타일":[{"스타일":"펑크","서브스타일":"스트리트"}],"아우터":[{"기장":"하프","색상":"카키","카테고리":"재킷","옷깃":"셔츠칼라","디테일":["띠","포켓"],"소매기장":"긴팔","소재":["가죽"],"프린트":["무지"],"핏":"노멀"}],"하의":[{}],"원피스":[{}],"상의":[{}]}},"파일 번호":371080,"파일 이름":"159945812827510900_921037884.jpg"}}