{"이미지 정보":{"이미지 식별자":371081,"이미지 높이":1066,"이미지 파일명":"159945812885112300_874722714.jpg","이미지 너비":800},"데이터셋 정보":{"파일 생성일자":"2020-09-15 02:38:12","데이터셋 상세설명":{"렉트좌표":{"아우터":[{"X좌표":67.5,"Y좌표":-0.5,"가로":661,"세로":1059}],"하의":[{}],"원피스":[{}],"상의":[{}]},"폴리곤좌표":{"아우터":[{"X좌표39":312.0,"X좌표38":340.0,"X좌표37":365.0,"X좌표36":412.0,"X좌표35":428.0,"X좌표34":423.0,"X좌표33":412.0,"X좌표32":409.0,"X좌표31":559.0,"X좌표30":574.0,"X좌표49":87.0,"X좌표48":104.0,"X좌표47":148.0,"X좌표46":139.0,"X좌표45":215.0,"X좌표44":218.0,"X좌표43":228.0,"X좌표42":240.0,"X좌표41":240.0,"X좌표40":296.0,"Y좌표26":335.274,"Y좌표25":435.237,"Y좌표28":203.923,"Y좌표27":268.899,"Y좌표22":643.159,"Y좌표21":720.13,"Y좌표24":514.207,"Y좌표23":596.176,"Y좌표20":757.116,"X좌표59":123.0,"X좌표58":101.0,"X좌표57":92.0,"X좌표56":68.0,"X좌표55":104.0,"X좌표54":92.0,"X좌표53":100.0,"X좌표52":111.0,"X좌표51":133.0,"X좌표50":130.0,"Y좌표29":134.949,"Y좌표15":750.118,"Y좌표14":715.132,"Y좌표17":922.054,"Y좌표16":909.059,"Y좌표11":550.193,"Y좌표10":502.211,"Y좌표13":649.156,"Y좌표12":581.182,"X좌표66":408.0,"X좌표65":372.0,"X좌표64":348.0,"X좌표63":298.0,"X좌표62":228.0,"Y좌표19":854.079,"X좌표61":186.0,"Y좌표18":921.054,"X좌표60":148.0,"Y좌표48":900.062,"Y좌표47":918.055,"Y좌표49":870.073,"Y좌표44":974.034,"Y좌표43":926.052,"Y좌표46":1048.01,"Y좌표45":1059.0,"Y좌표40":648.157,"Y좌표42":842.084,"Y좌표41":724.128,"Y좌표37":417.843,"Y좌표36":276.896,"X좌표8":683.0,"Y좌표39":599.175,"X좌표9":701.0,"Y좌표38":502.211,"Y좌표33":73.9722,"Y좌표32":0.0,"Y좌표35":175.934,"Y좌표34":115.956,"Y좌표31":10.9959,"Y좌표30":92.9651,"X좌표2":615.0,"X좌표3":664.0,"X좌표1":561.0,"X좌표6":719.0,"X좌표7":700.0,"X좌표4":725.0,"X좌표5":716.0,"Y좌표9":475.222,"Y좌표66":0.999625,"Y좌표65":1.99925,"Y좌표62":19.9925,"Y좌표61":51.9805,"Y좌표64":11.9955,"Y좌표63":8.99662,"Y좌표60":114.957,"X좌표19":654.0,"X좌표18":660.0,"X좌표17":699.0,"X좌표16":724.0,"X좌표15":697.0,"X좌표14":728.0,"X좌표13":729.0,"X좌표12":724.0,"X좌표11":712.0,"Y좌표4":146.945,"X좌표10":680.0,"Y좌표3":95.964,"Y좌표2":67.9745,"Y좌표1":10.9959,"Y좌표8":437.236,"Y좌표7":327.877,"Y좌표6":235.911,"Y좌표5":174.934,"Y좌표59":189.929,"Y좌표58":270.898,"Y좌표55":443.833,"Y좌표54":496.814,"Y좌표57":335.874,"Y좌표56":385.855,"Y좌표51":678.145,"Y좌표50":794.102,"Y좌표53":570.786,"Y좌표52":626.765,"X좌표29":568.0,"X좌표28":554.0,"X좌표27":564.0,"X좌표26":588.0,"X좌표25":575.0,"X좌표24":596.0,"X좌표23":615.0,"X좌표22":651.0,"X좌표21":672.0,"X좌표20":673.0}],"하의":[{}],"원피스":[{}],"상의":[{}]},"라벨링":{"스타일":[{"스타일":"펑크","서브스타일":"스트리트"}],"아우터":[{"기장":"하프","색상":"카키","카테고리":"재킷","옷깃":"셔츠칼라","디테일":["포켓"],"소매기장":"긴팔","소재":["가죽"],"프린트":["무지"],"핏":"노멀"}],"하의":[{}],"원피스":[{}],"상의":[{}]}},"파일 번호":371081,"파일 이름":"159945812885112300_874722714.jpg"}}