{"이미지 정보":{"이미지 식별자":899700,"이미지 높이":800,"이미지 파일명":"2-pt5916k09-1 (5185).JPG","이미지 너비":800},"데이터셋 정보":{"파일 생성일자":"2020-11-06 13:28:55","데이터셋 상세설명":{"렉트좌표":{"아우터":[{"X좌표":409.037,"Y좌표":4.79852,"가로":292,"세로":407}],"하의":[{}],"원피스":[{}],"상의":[{}]},"폴리곤좌표":{"아우터":[{"X좌표38":624.466,"X좌표37":618.702,"X좌표36":602.174,"X좌표35":580.23,"X좌표34":571.688,"X좌표33":560.786,"X좌표32":557.591,"X좌표31":546.272,"X좌표30":533.078,"Y좌표37":87.3102,"Y좌표36":118.212,"X좌표8":679.465,"X좌표9":639.327,"Y좌표38":13.6316,"Y좌표33":175.155,"Y좌표32":115.712,"Y좌표35":165.641,"Y좌표34":205.64,"Y좌표31":77.5188,"Y좌표30":14.3955,"X좌표2":663.146,"X좌표3":701.826,"X좌표1":628.632,"X좌표6":695.784,"X좌표7":690.993,"X좌표4":697.382,"X좌표5":698.84,"Y좌표26":126.129,"Y좌표25":163.766,"Y좌표28":35.2283,"Y좌표9":403.968,"Y좌표27":64.533,"Y좌표22":277.444,"Y좌표21":295.568,"Y좌표24":203.14,"Y좌표23":245.431,"Y좌표20":323.97,"X좌표19":473.634,"X좌표18":531.411,"X좌표17":548.841,"X좌표16":566.619,"X좌표15":572.522,"X좌표14":581.966,"X좌표13":590.855,"X좌표12":593.841,"X좌표11":599.258,"Y좌표4":130.017,"X좌표10":640.715,"Y좌표3":67.033,"Y좌표2":18.9787,"Y좌표1":5.29852,"Y좌표8":412.649,"Y좌표7":348.345,"Y좌표29":24.1175,"Y좌표6":295.082,"Y좌표5":222.654,"Y좌표15":212.862,"Y좌표14":257.722,"Y좌표17":331.054,"Y좌표16":283.069,"Y좌표11":386.191,"Y좌표10":366.678,"Y좌표13":296.541,"Y좌표12":340.22,"X좌표29":511.411,"X좌표28":479.259,"X좌표27":452.453,"X좌표26":427.801,"X좌표25":413.287,"X좌표24":409.537,"X좌표23":434.12,"X좌표22":432.731,"X좌표21":463.217,"X좌표20":448.634,"Y좌표19":353.484,"Y좌표18":392.163}],"하의":[{}],"원피스":[{}],"상의":[{}]},"라벨링":{"스타일":[{"스타일":"펑크","서브스타일":"로맨틱"}],"아우터":[{"기장":"노말","색상":"블랙","카테고리":"재킷","옷깃":"테일러드칼라","디테일":["지퍼","단추"],"소매기장":"긴팔","소재":["가죽"],"프린트":["무지"],"핏":"노멀"}],"하의":[{}],"원피스":[{}],"상의":[{}]}},"파일 번호":899700,"파일 이름":"2-pt5916k09-1 (5185).JPG"}}