{"이미지 정보":{"이미지 식별자":899680,"이미지 높이":800,"이미지 파일명":"2-pt5916k09-1 (5165).JPG","이미지 너비":800},"데이터셋 정보":{"파일 생성일자":"2020-11-06 13:28:46","데이터셋 상세설명":{"렉트좌표":{"아우터":[{"X좌표":242.303,"Y좌표":6.04848,"가로":487,"세로":668}],"하의":[{}],"원피스":[{}],"상의":[{}]},"폴리곤좌표":{"아우터":[{"X좌표39":331.552,"X좌표38":294.261,"X좌표37":267.525,"X좌표36":251.9,"X좌표35":245.719,"X좌표34":245.025,"X좌표33":245.233,"X좌표32":242.803,"X좌표31":272.455,"X좌표30":299.955,"X좌표49":548.425,"X좌표48":518.564,"X좌표47":485.231,"X좌표46":445.579,"X좌표45":448.009,"X좌표44":449.815,"X좌표43":434.606,"X좌표42":430.301,"X좌표41":423.079,"X좌표40":375.649,"Y좌표26":586.533,"Y좌표25":596.046,"Y좌표28":532.576,"Y좌표27":565.075,"Y좌표22":427.857,"Y좌표21":382.163,"Y좌표24":542.228,"Y좌표23":491.952,"Y좌표20":461.258,"X좌표52":586.341,"X좌표51":583.147,"X좌표50":573.494,"Y좌표29":491.049,"Y좌표15":595.838,"Y좌표14":661.322,"Y좌표17":640.073,"Y좌표16":623.546,"Y좌표11":585.63,"Y좌표10":528.479,"Y좌표13":675.072,"Y좌표12":674.03,"Y좌표19":518.271,"Y좌표18":583.963,"Y좌표48":192.446,"Y좌표47":249.25,"Y좌표49":143.003,"Y좌표44":212.654,"Y좌표43":137.448,"Y좌표46":320.637,"Y좌표45":292.166,"Y좌표40":9.95117,"Y좌표42":64.0469,"Y좌표41":10.5762,"Y좌표37":116.059,"Y좌표36":215.848,"X좌표8":723.631,"Y좌표39":17.0343,"X좌표9":714.951,"Y좌표38":39.1865,"Y좌표33":455.911,"Y좌표32":511.604,"Y좌표35":289.874,"Y좌표34":388.76,"Y좌표31":492.021,"Y좌표30":486.049,"X좌표2":640.993,"X좌표3":682.312,"X좌표1":593.91,"X좌표6":729.812,"X좌표7":727.381,"X좌표4":717.798,"X좌표5":729.812,"Y좌표9":454.314,"X좌표19":470.301,"X좌표18":483.425,"X좌표17":491.481,"X좌표16":548.147,"X좌표15":590.369,"X좌표14":575.23,"X좌표13":621.549,"X좌표12":666.271,"X좌표11":690.993,"Y좌표4":73.9078,"X좌표10":699.604,"Y좌표3":41.4087,"Y좌표2":16.9649,"Y좌표1":6.54848,"Y좌표8":379.525,"Y좌표7":304.665,"Y좌표6":222.307,"Y좌표5":116.337,"Y좌표51":53.4222,"Y좌표50":102.796,"Y좌표52":6.54848,"X좌표29":322.316,"X좌표28":326.552,"X좌표27":344.746,"X좌표26":380.163,"X좌표25":420.37,"X좌표24":440.092,"X좌표23":448.426,"X좌표22":448.981,"X좌표21":450.37,"X좌표20":464.745}],"하의":[{}],"원피스":[{}],"상의":[{}]},"라벨링":{"스타일":[{"스타일":"펑크","서브스타일":"로맨틱"}],"아우터":[{"기장":"노말","색상":"블랙","카테고리":"재킷","옷깃":"테일러드칼라","디테일":["지퍼","단추"],"소매기장":"긴팔","소재":["가죽"],"프린트":["무지"],"핏":"노멀"}],"하의":[{}],"원피스":[{}],"상의":[{}]}},"파일 번호":899680,"파일 이름":"2-pt5916k09-1 (5165).JPG"}}