{"이미지 정보":{"이미지 식별자":899683,"이미지 높이":800,"이미지 파일명":"2-pt5916k09-1 (5168).JPG","이미지 너비":800},"데이터셋 정보":{"파일 생성일자":"2020-11-06 13:28:48","데이터셋 상세설명":{"렉트좌표":{"아우터":[{"X좌표":274.316,"Y좌표":7.43734,"가로":437,"세로":587}],"하의":[{}],"원피스":[{}],"상의":[{}]},"폴리곤좌표":{"아우터":[{"X좌표39":361.691,"X좌표38":369.815,"X좌표37":418.495,"X좌표36":424.329,"X좌표35":421.62,"X좌표34":426.482,"X좌표33":443.079,"X좌표32":448.148,"X좌표31":447.176,"X좌표30":437.245,"X좌표49":356.135,"X좌표48":322.802,"X좌표47":297.038,"X좌표46":285.094,"X좌표45":274.816,"X좌표44":277.455,"X좌표43":312.316,"X좌표42":291.969,"X좌표41":287.108,"X좌표40":282.177,"Y좌표26":115.018,"Y좌표25":145.92,"Y좌표28":57.936,"Y좌표27":39.3254,"Y좌표22":285.013,"Y좌표21":324.595,"Y좌표24":194.668,"Y좌표23":238.973,"Y좌표20":381.955,"X좌표54":577.174,"X좌표53":560.161,"X좌표52":434.537,"X좌표51":413.009,"X좌표50":382.801,"Y좌표29":107.24,"Y좌표15":579.519,"Y좌표14":549.52,"Y좌표17":532.923,"Y좌표16":595.144,"Y좌표11":454.8,"Y좌표10":410.843,"Y좌표13":576.533,"Y좌표12":520.84,"Y좌표19":432.231,"Y좌표18":485.077,"Y좌표48":61.3387,"Y좌표47":114.532,"Y좌표49":43.4225,"Y좌표44":309.665,"Y좌표43":362.997,"Y좌표46":194.113,"Y좌표45":252.583,"Y좌표40":565.144,"Y좌표42":431.12,"Y좌표41":499.035,"Y좌표37":572.922,"Y좌표36":494.105,"X좌표8":711.965,"Y좌표39":576.394,"X좌표9":704.951,"Y좌표38":542.228,"Y좌표33":332.165,"Y좌표32":279.527,"Y좌표35":447.023,"Y좌표34":394.038,"Y좌표31":222.168,"Y좌표30":151.753,"X좌표2":612.66,"X좌표3":634.257,"X좌표1":577.174,"X좌표6":699.951,"X좌표7":708.215,"X좌표4":659.188,"X좌표5":688.493,"Y좌표9":360.15,"X좌표19":511.758,"X좌표18":528.217,"X좌표17":540.925,"X좌표16":551.966,"X좌표15":604.188,"X좌표14":613.563,"X좌표13":675.16,"X좌표12":692.451,"X좌표11":702.312,"Y좌표4":47.1724,"X좌표10":708.701,"Y좌표3":29.534,"Y좌표2":10.09,"Y좌표1":10.5762,"Y좌표8":305.638,"Y좌표7":225.848,"Y좌표6":116.059,"Y좌표5":74.255,"Y좌표54":7.93734,"Y좌표51":16.4788,"Y좌표50":43.978,"Y좌표53":37.2421,"Y좌표52":43.8391,"X좌표29":424.954,"X좌표28":429.537,"X좌표27":566.411,"X좌표26":574.883,"X좌표25":563.98,"X좌표24":540.439,"X좌표23":523.911,"X좌표22":502.939,"X좌표21":484.467,"X좌표20":500.092}],"하의":[{}],"원피스":[{}],"상의":[{}]},"라벨링":{"스타일":[{"스타일":"펑크","서브스타일":"로맨틱"}],"아우터":[{"기장":"노말","색상":"블랙","카테고리":"재킷","옷깃":"테일러드칼라","디테일":["지퍼","단추"],"소매기장":"긴팔","소재":["가죽"],"프린트":["무지"],"핏":"노멀"}],"하의":[{}],"원피스":[{}],"상의":[{}]}},"파일 번호":899683,"파일 이름":"2-pt5916k09-1 (5168).JPG"}}