{"이미지 정보":{"이미지 식별자":899696,"이미지 높이":800,"이미지 파일명":"2-pt5916k09-1 (5181).JPG","이미지 너비":800},"데이터셋 정보":{"파일 생성일자":"2020-11-06 13:28:53","데이터셋 상세설명":{"렉트좌표":{"아우터":[{"X좌표":405.982,"Y좌표":4.65963,"가로":286,"세로":365}],"하의":[{}],"원피스":[{}],"상의":[{}]},"폴리곤좌표":{"아우터":[{"Y좌표40":9.04842,"X좌표39":560.855,"X좌표38":496.342,"X좌표37":500.647,"X좌표36":468.217,"X좌표35":451.898,"X좌표34":438.704,"X좌표33":428.982,"X좌표32":430.579,"X좌표31":419.12,"X좌표30":406.482,"Y좌표37":14.2566,"Y좌표36":40.7837,"X좌표8":624.743,"Y좌표39":26.548,"X좌표9":606.41,"Y좌표38":42.242,"Y좌표33":145.642,"Y좌표32":195.016,"Y좌표35":68.4218,"Y좌표34":107.657,"Y좌표31":235.639,"Y좌표30":299.943,"X좌표2":619.952,"X좌표3":653.632,"X좌표1":586.758,"X좌표40":585.299,"X좌표6":692.937,"X좌표7":656.132,"X좌표4":662.66,"X좌표5":685.784,"Y좌표26":280.638,"Y좌표25":231.473,"Y좌표28":357.581,"Y좌표9":274.736,"Y좌표27":321.748,"Y좌표22":82.1714,"Y좌표21":39.1865,"Y좌표24":183.835,"Y좌표23":129.462,"Y좌표20":26.8952,"X좌표19":551.897,"X좌표18":532.661,"X좌표17":513.078,"X좌표16":494.467,"X좌표15":497.661,"X좌표14":499.328,"X좌표13":506.411,"X좌표12":559.119,"X좌표11":608.077,"Y좌표4":86.1297,"X좌표10":610.785,"Y좌표3":38.2837,"Y좌표2":15.2288,"Y좌표1":5.15963,"Y좌표8":265.361,"Y좌표7":246.403,"Y좌표29":364.594,"Y좌표6":217.029,"Y좌표5":169.877,"Y좌표15":209.321,"Y좌표14":274.458,"Y좌표17":141.059,"Y좌표16":181.752,"Y좌표11":330.151,"Y좌표10":298.971,"Y좌표13":370.636,"Y좌표12":352.511,"X좌표29":407.384,"X좌표28":459.051,"X좌표27":474.189,"X좌표26":477.245,"X좌표25":485.925,"X좌표24":482.453,"X좌표23":487.036,"X좌표22":491.411,"X좌표21":498.078,"X좌표20":561.411,"Y좌표19":63.9775,"Y좌표18":108.212}],"하의":[{}],"원피스":[{}],"상의":[{}]},"라벨링":{"스타일":[{"스타일":"펑크","서브스타일":"로맨틱"}],"아우터":[{"기장":"노말","색상":"블랙","카테고리":"재킷","옷깃":"테일러드칼라","디테일":["지퍼","단추"],"소매기장":"긴팔","소재":["가죽"],"프린트":["무지"],"핏":"노멀"}],"하의":[{}],"원피스":[{}],"상의":[{}]}},"파일 번호":899696,"파일 이름":"2-pt5916k09-1 (5181).JPG"}}