{"이미지 정보":{"이미지 식별자":899692,"이미지 높이":800,"이미지 파일명":"2-pt5916k09-1 (5177).JPG","이미지 너비":800},"데이터셋 정보":{"파일 생성일자":"2020-11-06 13:28:52","데이터셋 상세설명":{"렉트좌표":{"아우터":[{"X좌표":205.637,"Y좌표":6.11792,"가로":471,"세로":630}],"하의":[{}],"원피스":[{}],"상의":[{}]},"폴리곤좌표":{"아우터":[{"X좌표36":529.605,"X좌표35":519.675,"X좌표34":501.203,"X좌표33":473.078,"X좌표32":431.968,"X좌표31":393.218,"X좌표30":387.662,"Y좌표36":15.4371,"X좌표8":640.715,"X좌표9":605.924,"Y좌표33":175.363,"Y좌표32":245.084,"Y좌표35":77.866,"Y좌표34":125.851,"Y좌표31":116.962,"Y좌표30":67.3802,"X좌표2":572.174,"X좌표3":600.369,"X좌표1":535.925,"X좌표6":673.771,"X좌표7":677.59,"X좌표4":655.646,"X좌표5":667.521,"Y좌표26":86.4769,"Y좌표25":139.67,"Y좌표28":33.145,"Y좌표9":447.648,"Y좌표27":46.6169,"Y좌표22":345.637,"Y좌표21":394.385,"Y좌표24":228.07,"Y좌표23":278.902,"Y좌표20":447.925,"X좌표19":261.761,"X좌표18":279.33,"X좌표17":330.649,"X좌표16":378.218,"X좌표15":420.023,"X좌표14":473.634,"X좌표13":512.245,"X좌표12":560.925,"X좌표11":566.758,"Y좌표4":73.6994,"X좌표10":575.855,"Y좌표3":32.8672,"Y좌표2":10.1595,"Y좌표1":7.17346,"Y좌표8":397.718,"Y좌표7":330.984,"Y좌표29":6.61792,"Y좌표6":235.431,"Y좌표5":161.267,"Y좌표15":637.434,"Y좌표14":607.157,"Y좌표17":563.547,"Y좌표16":607.921,"Y좌표11":521.673,"Y좌표10":470.008,"Y좌표13":579.241,"Y좌표12":559.589,"X좌표29":382.801,"X좌표28":305.024,"X좌표27":260.719,"X좌표26":234.817,"X좌표25":223.081,"X좌표24":213.984,"X좌표23":206.137,"X좌표22":213.359,"X좌표21":252.108,"X좌표20":275.928,"Y좌표19":494.521,"Y좌표18":520.91}],"하의":[{}],"원피스":[{}],"상의":[{}]},"라벨링":{"스타일":[{"스타일":"펑크","서브스타일":"로맨틱"}],"아우터":[{"기장":"노말","색상":"블랙","카테고리":"재킷","옷깃":"테일러드칼라","디테일":["지퍼","단추"],"소매기장":"긴팔","소재":["가죽"],"프린트":["무지"],"핏":"노멀"}],"하의":[{}],"원피스":[{}],"상의":[{}]}},"파일 번호":899692,"파일 이름":"2-pt5916k09-1 (5177).JPG"}}