{"이미지 정보":{"이미지 식별자":899694,"이미지 높이":800,"이미지 파일명":"2-pt5916k09-1 (5179).JPG","이미지 너비":800},"데이터셋 정보":{"파일 생성일자":"2020-11-06 13:28:53","데이터셋 상세설명":{"렉트좌표":{"아우터":[{"X좌표":407.926,"Y좌표":3.1319,"가로":256,"세로":354}],"하의":[{}],"원피스":[{}],"상의":[{}]},"폴리곤좌표":{"아우터":[{"X좌표31":589.535,"X좌표30":585.577,"X좌표8":633.285,"X좌표9":610.646,"Y좌표31":12.5206,"Y좌표30":77.5188,"X좌표2":622.521,"X좌표3":658.354,"X좌표1":587.73,"X좌표6":660.438,"X좌표7":650.785,"X좌표4":664.257,"X좌표5":665.299,"Y좌표26":19.1176,"Y좌표25":45.853,"Y좌표28":8.21511,"Y좌표9":332.72,"Y좌표27":3.6319,"Y좌표22":169.669,"Y좌표21":223.209,"Y좌표24":77.5882,"Y좌표23":125.434,"Y좌표20":274.319,"X좌표19":438.079,"X좌표18":461.898,"X좌표17":474.745,"X좌표16":520.161,"X좌표15":522.106,"X좌표14":527.869,"X좌표13":552.383,"X좌표12":561.966,"X좌표11":571.549,"Y좌표4":105.157,"X좌표10":575.438,"Y좌표3":44.1169,"Y좌표2":6.27071,"Y좌표1":7.52069,"Y좌표8":348.553,"Y좌표7":271.819,"Y좌표29":153.42,"Y좌표6":220.015,"Y좌표5":157.169,"Y좌표15":290.638,"Y좌표14":240.709,"Y좌표17":358.414,"Y좌표16":339.664,"Y좌표11":300.221,"Y좌표10":340.498,"Y좌표13":209.599,"Y좌표12":247.375,"X좌표29":551.064,"X좌표28":530.092,"X좌표27":490.578,"X좌표26":454.884,"X좌표25":434.259,"X좌표24":422.384,"X좌표23":414.537,"X좌표22":408.426,"X좌표21":418.148,"X좌표20":443.981,"Y좌표19":312.999,"Y좌표18":324.526}],"하의":[{}],"원피스":[{}],"상의":[{}]},"라벨링":{"스타일":[{"스타일":"펑크","서브스타일":"로맨틱"}],"아우터":[{"기장":"노말","색상":"블랙","카테고리":"재킷","옷깃":"테일러드칼라","디테일":["지퍼","단추"],"소매기장":"긴팔","소재":["가죽"],"프린트":["무지"],"핏":"노멀"}],"하의":[{}],"원피스":[{}],"상의":[{}]}},"파일 번호":899694,"파일 이름":"2-pt5916k09-1 (5179).JPG"}}