{"이미지 정보":{"이미지 식별자":899681,"이미지 높이":800,"이미지 파일명":"2-pt5916k09-1 (5166).JPG","이미지 너비":800},"데이터셋 정보":{"파일 생성일자":"2020-11-06 13:28:47","데이터셋 상세설명":{"렉트좌표":{"아우터":[{"X좌표":262.442,"Y좌표":2.85413,"가로":486,"세로":606}],"하의":[{}],"원피스":[{}],"상의":[{}]},"폴리곤좌표":{"아우터":[{"Y좌표48":6.96515,"Y좌표47":6.68738,"Y좌표44":34.0478,"Y좌표43":88.9768,"Y좌표46":12.3122,"Y좌표45":15.1594,"Y좌표40":315.776,"Y좌표42":172.586,"Y좌표41":232.653,"X좌표39":298.844,"X좌표38":342.246,"X좌표37":353.218,"X좌표36":338.496,"X좌표35":365.788,"X좌표34":420.509,"X좌표33":438.287,"X좌표32":456.967,"X좌표31":485.925,"X좌표30":507.245,"Y좌표37":472.855,"Y좌표36":549.381,"X좌표8":749.117,"Y좌표39":357.581,"X좌표9":731.409,"Y좌표38":427.37,"Y좌표33":570.075,"Y좌표32":518.826,"Y좌표35":575.075,"Y좌표34":601.949,"Y좌표31":449.175,"Y좌표30":388.483,"X좌표48":598.563,"X좌표47":430.37,"X좌표46":388.635,"X좌표45":350.996,"X좌표44":315.372,"X좌표2":653.354,"X좌표43":292.941,"X좌표3":693.284,"X좌표42":270.997,"X좌표41":262.942,"X좌표1":598.563,"X좌표40":268.497,"X좌표6":744.395,"X좌표7":748.006,"X좌표4":734.881,"X좌표5":742.381,"Y좌표26":134.878,"Y좌표25":85.4352,"Y좌표28":280.43,"Y좌표9":376.677,"Y좌표27":209.807,"Y좌표22":83.6992,"Y좌표21":121.268,"Y좌표24":25.7146,"Y좌표23":24.8813,"Y좌표20":181.405,"X좌표19":537.522,"X좌표18":518.842,"X좌표17":510.995,"X좌표16":530.717,"X좌표15":550.647,"X좌표14":564.883,"X좌표13":577.105,"X좌표12":623.216,"X좌표11":657.66,"Y좌표4":55.4361,"X좌표10":668.285,"Y좌표3":23.0758,"Y좌표2":3.35413,"Y좌표1":4.60409,"Y좌표8":324.665,"Y좌표7":256.681,"Y좌표29":340.706,"Y좌표6":187.863,"Y좌표5":110.99,"Y좌표15":473.272,"Y좌표14":541.603,"Y좌표17":335.706,"Y좌표16":409.107,"Y좌표11":534.52,"Y좌표10":469.175,"Y좌표13":609.935,"Y좌표12":581.602,"X좌표29":499.606,"X좌표28":494.189,"X좌표27":488.078,"X좌표26":469.745,"X좌표25":453.078,"X좌표24":433.704,"X좌표23":596.966,"X좌표22":608.285,"X좌표21":592.244,"X좌표20":565.716,"Y좌표19":238.626,"Y좌표18":288.624}],"하의":[{}],"원피스":[{}],"상의":[{}]},"라벨링":{"스타일":[{"스타일":"펑크","서브스타일":"로맨틱"}],"아우터":[{"기장":"노말","색상":"블랙","카테고리":"재킷","옷깃":"테일러드칼라","디테일":["지퍼","단추"],"소매기장":"긴팔","소재":["가죽"],"프린트":["무지"],"핏":"노멀"}],"하의":[{}],"원피스":[{}],"상의":[{}]}},"파일 번호":899681,"파일 이름":"2-pt5916k09-1 (5166).JPG"}}