{"이미지 정보":{"이미지 식별자":899699,"이미지 높이":800,"이미지 파일명":"2-pt5916k09-1 (5184).JPG","이미지 너비":800},"데이터셋 정보":{"파일 생성일자":"2020-11-06 13:28:55","데이터셋 상세설명":{"렉트좌표":{"아우터":[{"X좌표":420.843,"Y좌표":8.34009,"가로":249,"세로":384}],"하의":[{}],"원피스":[{}],"상의":[{}]},"폴리곤좌표":{"아우터":[{"X좌표31":601.549,"X좌표30":575.091,"X좌표8":654.604,"X좌표9":643.077,"Y좌표31":14.6038,"Y좌표30":87.8657,"X좌표2":636.827,"X좌표3":665.507,"X좌표1":608.077,"X좌표6":665.021,"X좌표7":661.688,"X좌표4":670.646,"X좌표5":666.062,"Y좌표26":55.7833,"Y좌표25":13.4233,"Y좌표28":166.475,"Y좌표9":393.76,"Y좌표27":99.8793,"Y좌표22":119.532,"Y좌표21":160.086,"Y좌표24":24.6036,"Y좌표23":52.1028,"Y좌표20":204.529,"X좌표19":422.662,"X좌표18":444.884,"X좌표17":442.592,"X좌표16":480.578,"X좌표15":514.12,"X좌표14":517.314,"X좌표13":533.494,"X좌표12":538.911,"X좌표11":602.799,"Y좌표4":108.837,"X좌표10":589.883,"Y좌표3":52.1722,"Y좌표2":24.4647,"Y좌표1":8.84009,"Y좌표8":348.345,"Y좌표7":287.791,"Y좌표29":121.059,"Y좌표6":227.515,"Y좌표5":169.044,"Y좌표15":350.914,"Y좌표14":314.387,"Y좌표17":311.679,"Y좌표16":337.581,"Y좌표11":346.331,"Y좌표10":387.649,"Y좌표13":266.889,"Y좌표12":368.9,"X좌표29":551.689,"X좌표28":523.147,"X좌표27":518.356,"X좌표26":515.786,"X좌표25":507.87,"X좌표24":459.606,"X좌표23":435.44,"X좌표22":424.12,"X좌표21":421.343,"X좌표20":422.384,"Y좌표19":252.861,"Y좌표18":271.402}],"하의":[{}],"원피스":[{}],"상의":[{}]},"라벨링":{"스타일":[{"스타일":"펑크","서브스타일":"로맨틱"}],"아우터":[{"기장":"노말","색상":"블랙","카테고리":"재킷","옷깃":"테일러드칼라","디테일":["지퍼","단추"],"소매기장":"긴팔","소재":["가죽"],"프린트":["무지"],"핏":"노멀"}],"하의":[{}],"원피스":[{}],"상의":[{}]}},"파일 번호":899699,"파일 이름":"2-pt5916k09-1 (5184).JPG"}}