{"이미지 정보":{"이미지 식별자":899695,"이미지 높이":800,"이미지 파일명":"2-pt5916k09-1 (5180).JPG","이미지 너비":800},"데이터셋 정보":{"파일 생성일자":"2020-11-06 13:28:53","데이터셋 상세설명":{"렉트좌표":{"아우터":[{"X좌표":382.371,"Y좌표":8.47899,"가로":325,"세로":384}],"하의":[{}],"원피스":[{}],"상의":[{}]},"폴리곤좌표":{"아우터":[{"Y좌표40":49.1862,"Y좌표42":15.7149,"Y좌표41":32.9367,"X좌표39":509.953,"X좌표38":456.759,"X좌표37":426.204,"X좌표36":410.301,"X좌표35":398.773,"X좌표34":393.079,"X좌표33":397.801,"X좌표32":396.76,"X좌표31":392.385,"X좌표30":382.871,"Y좌표37":47.7974,"Y좌표36":89.6712,"X좌표8":675.923,"Y좌표39":18.9787,"X좌표9":646.271,"Y좌표38":36.2005,"Y좌표33":228.626,"Y좌표32":270.5,"Y좌표35":142.1,"Y좌표34":186.613,"Y좌표31":325.22,"Y좌표30":381.608,"X좌표2":624.882,"X좌표3":655.715,"X좌표42":596.688,"X좌표41":577.174,"X좌표1":598.285,"X좌표40":515.231,"X좌표6":708.84,"X좌표7":693.423,"X좌표4":678.215,"X좌표5":698.979,"Y좌표26":331.331,"Y좌표25":294.735,"Y좌표28":356.956,"Y좌표9":274.805,"Y좌표27":389.455,"Y좌표22":144.6,"Y좌표21":101.615,"Y좌표24":243.278,"Y좌표23":192.863,"Y좌표20":42.4503,"X좌표19":575.438,"X좌표18":576.688,"X좌표17":559.883,"X좌표16":549.744,"X좌표15":548.564,"X좌표14":574.952,"X좌표13":586.827,"X좌표12":594.188,"X좌표11":620.368,"Y좌표4":99.671,"X좌표10":636.896,"Y좌표3":44.3947,"Y좌표2":25.9924,"Y좌표1":8.97899,"Y좌표8":260.778,"Y좌표7":221.89,"Y좌표29":393.135,"Y좌표6":171.197,"Y좌표5":131.753,"Y좌표15":222.723,"Y좌표14":275.638,"Y좌표17":149.67,"Y좌표16":186.057,"Y좌표11":348.414,"Y좌표10":309.457,"Y좌표13":318.832,"Y좌표12":372.302,"X좌표29":425.232,"X좌표28":433.773,"X좌표27":484.745,"X좌표26":501.828,"X좌표25":514.467,"X좌표24":522.244,"X좌표23":519.675,"X좌표22":516.967,"X좌표21":508.217,"X좌표20":512.87,"Y좌표19":27.034,"Y좌표18":107.24}],"하의":[{}],"원피스":[{}],"상의":[{}]},"라벨링":{"스타일":[{"스타일":"펑크","서브스타일":"로맨틱"}],"아우터":[{"기장":"노말","색상":"블랙","카테고리":"재킷","옷깃":"테일러드칼라","디테일":["지퍼","단추"],"소매기장":"긴팔","소재":["가죽"],"프린트":["무지"],"핏":"노멀"}],"하의":[{}],"원피스":[{}],"상의":[{}]}},"파일 번호":899695,"파일 이름":"2-pt5916k09-1 (5180).JPG"}}