{"이미지 정보":{"이미지 식별자":899684,"이미지 높이":800,"이미지 파일명":"2-pt5916k09-1 (5169).JPG","이미지 너비":800},"데이터셋 정보":{"파일 생성일자":"2020-11-06 13:28:48","데이터셋 상세설명":{"렉트좌표":{"아우터":[{"X좌표":126.054,"Y좌표":8.82619,"가로":588,"세로":571}],"하의":[{}],"원피스":[{}],"상의":[{}]},"폴리곤좌표":{"아우터":[{"X좌표39":275.441,"X좌표38":287.802,"X좌표37":339.191,"X좌표36":356.968,"X좌표35":366.135,"X좌표34":368.913,"X좌표33":355.927,"X좌표32":340.788,"X좌표31":330.441,"X좌표30":321.344,"X좌표49":184.262,"X좌표48":155.582,"X좌표47":135.582,"X좌표46":126.554,"X좌표45":142.387,"X좌표44":168.984,"X좌표43":197.109,"X좌표42":189.956,"X좌표41":186.97,"X좌표40":202.248,"Y좌표26":38.8393,"Y좌표25":107.449,"Y좌표28":98.1432,"Y좌표27":47.6585,"Y좌표22":236.889,"Y좌표21":294.318,"Y좌표24":142.1,"Y좌표23":195.293,"Y좌표20":337.373,"X좌표58":476.967,"X좌표57":459.676,"X좌표56":357.385,"X좌표55":336.621,"X좌표54":307.247,"X좌표53":282.177,"X좌표52":260.719,"X좌표51":235.095,"X좌표50":210.303,"Y좌표29":167.1,"Y좌표15":452.37,"Y좌표14":405.218,"Y좌표17":467.578,"Y좌표16":470.772,"Y좌표11":292.166,"Y좌표10":263.555,"Y좌표13":357.581,"Y좌표12":323.693,"Y좌표19":367.164,"Y좌표18":409.038,"Y좌표48":146.753,"Y좌표47":171.058,"Y좌표49":106.199,"Y좌표44":375.705,"Y좌표43":420.01,"Y좌표46":238.973,"Y좌표45":307.304,"Y좌표40":580.977,"Y좌표42":453.55,"Y좌표41":502.854,"Y좌표37":571.88,"Y좌표36":552.645,"X좌표8":690.229,"Y좌표39":576.186,"X좌표9":713.215,"Y좌표38":557.089,"Y좌표33":412.024,"Y좌표32":356.053,"Y좌표35":509.452,"Y좌표34":459.245,"Y좌표31":295.152,"Y좌표30":231.542,"X좌표2":518.981,"X좌표3":546.689,"X좌표1":478.634,"X좌표6":641.896,"X좌표7":665.924,"X좌표4":584.674,"X좌표5":617.313,"Y좌표9":209.321,"X좌표19":521.133,"X좌표18":508.356,"X좌표17":515.578,"X좌표16":552.869,"X좌표15":607.174,"X좌표14":607.105,"X좌표13":608.007,"X좌표12":657.451,"X좌표11":690.368,"Y좌표4":40.4365,"X좌표10":715.02,"Y좌표3":25.0202,"Y좌표2":11.2706,"Y좌표1":12.2428,"Y좌표8":180.572,"Y좌표7":150.086,"Y좌표6":114.809,"Y좌표5":64.9497,"Y좌표58":11.5484,"Y좌표55":9.32619,"Y좌표54":36.2005,"Y좌표57":36.0616,"Y좌표56":36.756,"Y좌표51":48.4223,"Y좌표50":71.894,"Y좌표53":46.2002,"Y좌표52":50.5751,"X좌표29":323.01,"X좌표28":333.705,"X좌표27":351.621,"X좌표26":458.217,"X좌표25":486.273,"X좌표24":493.564,"X좌표23":499.884,"X좌표22":497.939,"X좌표21":492.939,"X좌표20":501.064}],"하의":[{}],"원피스":[{}],"상의":[{}]},"라벨링":{"스타일":[{"스타일":"펑크","서브스타일":"로맨틱"}],"아우터":[{"기장":"노말","색상":"블랙","카테고리":"재킷","옷깃":"테일러드칼라","디테일":["지퍼","단추"],"소매기장":"긴팔","소재":["가죽"],"프린트":["무지"],"핏":"노멀"}],"하의":[{}],"원피스":[{}],"상의":[{}]}},"파일 번호":899684,"파일 이름":"2-pt5916k09-1 (5169).JPG"}}