{"이미지 정보":{"이미지 식별자":899690,"이미지 높이":800,"이미지 파일명":"2-pt5916k09-1 (5175).JPG","이미지 너비":800},"데이터셋 정보":{"파일 생성일자":"2020-11-06 13:28:51","데이터셋 상세설명":{"렉트좌표":{"아우터":[{"X좌표":217.303,"Y좌표":6.11792,"가로":446,"세로":560}],"하의":[{}],"원피스":[{}],"상의":[{}]},"폴리곤좌표":{"아우터":[{"Y좌표44":124.809,"Y좌표43":172.03,"Y좌표46":9.53453,"Y좌표45":83.8381,"Y좌표40":220.501,"Y좌표42":210.362,"Y좌표41":272.097,"X좌표39":442.454,"X좌표38":426.968,"X좌표37":422.593,"X좌표36":405.023,"X좌표35":349.191,"X좌표34":307.524,"X좌표33":278.289,"X좌표32":265.233,"X좌표31":263.497,"X좌표30":261.553,"Y좌표37":51.825,"Y좌표36":12.7289,"X좌표8":656.757,"Y좌표39":176.822,"X좌표9":591.48,"Y좌표38":110.226,"Y좌표33":74.7411,"Y좌표32":154.739,"Y좌표35":24.6036,"Y좌표34":36.8949,"Y좌표31":229.737,"Y좌표30":290.846,"X좌표46":547.522,"X좌표45":545.23,"X좌표44":529.953,"X좌표2":595.994,"X좌표43":495.856,"X좌표3":632.104,"X좌표42":477.523,"X좌표41":450.509,"X좌표1":552.244,"X좌표40":446.134,"X좌표6":664.326,"X좌표7":663.632,"X좌표4":655.16,"X좌표5":659.396,"Y좌표26":566.811,"Y좌표25":564.797,"Y좌표28":486.883,"Y좌표9":391.26,"Y좌표27":549.798,"Y좌표22":431.606,"Y좌표21":514.521,"Y좌표24":536.951,"Y좌표23":484.174,"Y좌표20":537.923,"X좌표19":430.44,"X좌표18":449.467,"X좌표17":449.398,"X좌표16":446.967,"X좌표15":449.398,"X좌표14":458.912,"X좌표13":477.939,"X좌표12":491.62,"X좌표11":510.231,"Y좌표4":78.8382,"X좌표10":601.41,"Y좌표3":45.9919,"Y좌표2":17.451,"Y좌표1":6.61792,"Y좌표8":327.859,"Y좌표7":273.347,"Y좌표29":354.456,"Y좌표6":211.612,"Y좌표5":150.364,"Y좌표15":282.374,"Y좌표14":320.359,"Y좌표17":424.037,"Y좌표16":370.636,"Y좌표11":534.173,"Y좌표10":493.41,"Y좌표13":405.218,"Y좌표12":474.383,"X좌표29":240.858,"X좌표28":230.025,"X좌표27":217.803,"X좌표26":244.817,"X좌표25":290.163,"X좌표24":295.65,"X좌표23":299.816,"X좌표22":316.066,"X좌표21":327.038,"X좌표20":367.732,"Y좌표19":538.895,"Y좌표18":481.119}],"하의":[{}],"원피스":[{}],"상의":[{}]},"라벨링":{"스타일":[{"스타일":"펑크","서브스타일":"로맨틱"}],"아우터":[{"기장":"노말","색상":"블랙","카테고리":"재킷","옷깃":"테일러드칼라","디테일":["지퍼","단추"],"소매기장":"긴팔","소재":["가죽"],"프린트":["무지"],"핏":"노멀"}],"하의":[{}],"원피스":[{}],"상의":[{}]}},"파일 번호":899690,"파일 이름":"2-pt5916k09-1 (5175).JPG"}}