{"이미지 정보":{"이미지 식별자":994994,"이미지 높이":533,"이미지 파일명":"20180305(샘플)-bl1-지끼(샘플IMG_0576 (1011).jpg","이미지 너비":800},"데이터셋 정보":{"파일 생성일자":"2020-11-10 14:43:00","데이터셋 상세설명":{"렉트좌표":{"아우터":[{}],"하의":[{"X좌표":327.516,"Y좌표":128.397,"가로":159,"세로":266}],"원피스":[{}],"상의":[{"X좌표":347.516,"Y좌표":1.51378,"가로":159,"세로":150}]},"폴리곤좌표":{"아우터":[{}],"하의":[{"Y좌표9":293.746,"X좌표19":467.016,"X좌표18":478.016,"X좌표17":476.016,"X좌표16":488.016,"X좌표15":479.016,"X좌표14":466.016,"X좌표13":444.016,"X좌표12":431.016,"X좌표11":422.016,"Y좌표4":173.856,"X좌표10":379.016,"Y좌표3":143.884,"Y좌표2":128.897,"Y좌표1":140.886,"Y좌표8":356.689,"Y좌표7":303.737,"Y좌표6":267.77,"Y좌표5":232.802,"Y좌표15":380.667,"Y좌표14":375.671,"X좌표8":328.016,"Y좌표17":263.774,"X좌표9":359.016,"Y좌표16":357.688,"Y좌표11":385.662,"Y좌표10":392.656,"Y좌표13":395.653,"Y좌표12":362.683,"X좌표2":388.016,"X좌표3":379.016,"X좌표1":461.016,"X좌표6":344.016,"Y좌표19":141.886,"X좌표7":336.016,"Y좌표18":190.841,"X좌표4":367.016,"X좌표5":356.016}],"원피스":[{}],"상의":[{"Y좌표9":132.894,"X좌표16":459.016,"X좌표15":474.016,"X좌표14":501.016,"X좌표13":508.016,"X좌표12":472.016,"X좌표11":439.016,"Y좌표4":21.9955,"X좌표10":409.016,"Y좌표3":11.0055,"Y좌표2":9.00737,"Y좌표1":2.01378,"Y좌표8":125.9,"Y좌표7":145.882,"Y좌표6":118.907,"Y좌표5":47.9716,"Y좌표15":3.01286,"Y좌표14":13.0037,"X좌표8":376.016,"X좌표9":394.016,"Y좌표16":4.01195,"Y좌표11":152.875,"Y좌표10":117.908,"Y좌표13":71.9496,"Y좌표12":133.893,"X좌표2":437.016,"X좌표3":413.016,"X좌표1":459.016,"X좌표6":348.016,"X좌표7":362.016,"X좌표4":394.016,"X좌표5":386.016}]},"라벨링":{"스타일":[{"스타일":"펑크","서브스타일":"아방가르드"}],"아우터":[{}],"하의":[{"기장":"발목","색상":"그린","카테고리":"스커트","디테일":["퀄팅","플레어"],"소재":["우븐","메시"],"프린트":["무지"],"핏":"노멀"}],"원피스":[{}],"상의":[{"기장":"노멀","색상":"화이트","서브색상":"레드","카테고리":"티셔츠","소매기장":"7부소매","소재":["우븐"],"프린트":["레터링","무지"],"넥라인":"라운드넥","핏":"루즈"}]}},"파일 번호":994994,"파일 이름":"20180305(샘플)-bl1-지끼(샘플IMG_0576 (1011).jpg"}}