{"이미지 정보":{"이미지 식별자":976409,"이미지 높이":1049,"이미지 파일명":"6sk1938-1 (1952).jpg","이미지 너비":800},"데이터셋 정보":{"파일 생성일자":"2020-11-10 12:46:45","데이터셋 상세설명":{"렉트좌표":{"아우터":[{"X좌표":95.7593,"Y좌표":3.49958,"가로":610,"세로":761}],"하의":[{"X좌표":192.759,"Y좌표":589.141,"가로":351,"세로":453}],"원피스":[{}],"상의":[{"X좌표":303.0,"Y좌표":32.5,"가로":195,"세로":577}]},"폴리곤좌표":{"아우터":[{"Y좌표44":4.99947,"Y좌표43":21.9977,"Y좌표45":7.99915,"Y좌표40":142.985,"Y좌표42":49.9947,"Y좌표41":81.9913,"X좌표39":699.259,"X좌표38":685.259,"X좌표37":704.259,"X좌표36":651.259,"X좌표35":602.259,"X좌표34":581.259,"X좌표33":559.259,"X좌표32":515.259,"X좌표31":410.259,"X좌표30":375.259,"Y좌표37":431.954,"Y좌표36":468.95,"X좌표8":118.259,"Y좌표39":238.975,"X좌표9":120.259,"Y좌표38":367.961,"Y좌표33":681.928,"Y좌표32":734.922,"Y좌표35":494.948,"Y좌표34":640.932,"Y좌표31":763.919,"Y좌표30":623.934,"X좌표45":495.259,"X좌표44":535.259,"X좌표2":333.259,"X좌표43":573.259,"X좌표3":285.259,"X좌표42":653.259,"X좌표41":691.259,"X좌표1":352.259,"X좌표40":706.259,"X좌표6":170.259,"X좌표7":133.259,"X좌표4":192.259,"X좌표5":192.259,"Y좌표26":187.98,"Y좌표25":97.9896,"Y좌표28":425.955,"Y좌표9":606.936,"Y좌표27":274.971,"Y좌표22":84.991,"Y좌표21":140.985,"Y좌표24":3.99958,"Y좌표23":10.9988,"Y좌표20":283.97,"X좌표19":317.259,"X좌표18":318.259,"X좌표17":314.259,"X좌표16":282.259,"X좌표15":273.259,"X좌표14":228.259,"X좌표13":193.259,"X좌표12":186.259,"X좌표11":139.259,"Y좌표4":91.9903,"X좌표10":96.2593,"Y좌표3":51.9945,"Y좌표2":28.9969,"Y좌표1":5.99936,"Y좌표8":585.938,"Y좌표7":485.949,"Y좌표29":505.946,"Y좌표6":281.97,"Y좌표5":111.988,"Y좌표15":728.923,"Y좌표14":703.925,"Y좌표17":630.933,"Y좌표16":684.927,"Y좌표11":765.919,"Y좌표10":747.921,"Y좌표13":659.93,"Y좌표12":755.92,"X좌표29":349.259,"X좌표28":359.259,"X좌표27":396.259,"X좌표26":441.259,"X좌표25":493.259,"X좌표24":490.259,"X좌표23":363.259,"X좌표22":339.259,"X좌표21":324.259,"X좌표20":326.259,"Y좌표19":430.954,"Y좌표18":515.945}],"하의":[{"Y좌표9":829.505,"X좌표13":205.259,"X좌표12":352.259,"X좌표11":533.259,"Y좌표4":894.498,"X좌표10":544.259,"Y좌표3":787.509,"Y좌표2":660.634,"Y좌표1":589.641,"Y좌표8":910.496,"Y좌표7":1040.48,"Y좌표6":1043.48,"Y좌표5":1043.48,"X좌표8":515.259,"X좌표9":536.259,"Y좌표11":594.53,"Y좌표10":747.513,"Y좌표13":590.53,"Y좌표12":594.53,"X좌표2":193.259,"X좌표3":201.259,"X좌표1":205.259,"X좌표6":348.259,"X좌표7":497.259,"X좌표4":226.259,"X좌표5":250.259}],"원피스":[{}],"상의":[{"Y좌표9":394.0,"X좌표17":359.5,"X좌표16":392.5,"X좌표15":458.5,"X좌표14":498.5,"X좌표13":492.5,"X좌표12":457.5,"X좌표11":416.5,"Y좌표4":417.0,"X좌표10":388.5,"Y좌표3":305.0,"Y좌표2":172.0,"Y좌표1":50.0,"Y좌표8":484.0,"Y좌표7":610.0,"Y좌표6":600.0,"Y좌표5":594.0,"Y좌표15":63.0,"Y좌표14":33.0,"X좌표8":358.5,"Y좌표17":52.0,"X좌표9":363.5,"Y좌표16":78.0,"Y좌표11":223.0,"Y좌표10":294.0,"Y좌표13":99.0,"Y좌표12":159.0,"X좌표2":327.5,"X좌표3":316.5,"X좌표1":357.5,"X좌표6":337.5,"X좌표7":363.5,"X좌표4":317.5,"X좌표5":303.5}]},"라벨링":{"스타일":[{"스타일":"펑크","서브스타일":"스트리트"}],"아우터":[{"기장":"노말","색상":"블랙","카테고리":"재킷","소매기장":"긴팔","소재":["가죽"],"프린트":["무지"],"핏":"노멀"}],"하의":[{"색상":"블랙","카테고리":"청바지","소재":["데님"],"프린트":["무지"],"핏":"노멀"}],"원피스":[{}],"상의":[{"카테고리":"티셔츠","소재":["우븐"],"프린트":["무지"],"넥라인":"라운드넥","핏":"노멀"}]}},"파일 번호":976409,"파일 이름":"6sk1938-1 (1952).jpg"}}