{"이미지 정보":{"이미지 식별자":976419,"이미지 높이":1049,"이미지 파일명":"6sk1938-1 (1962).jpg","이미지 너비":800},"데이터셋 정보":{"파일 생성일자":"2020-11-10 12:46:48","데이터셋 상세설명":{"렉트좌표":{"아우터":[{"X좌표":92.5938,"Y좌표":1.00002,"가로":706,"세로":852}],"하의":[{"X좌표":285.594,"Y좌표":594.0,"가로":404,"세로":447}],"원피스":[{}],"상의":[{"X좌표":415.594,"Y좌표":24.0,"가로":206,"세로":599}]},"폴리곤좌표":{"아우터":[{"Y좌표9":600.5,"X좌표19":432.094,"X좌표18":483.094,"X좌표17":576.094,"X좌표16":665.094,"X좌표15":793.094,"X좌표14":799.094,"X좌표13":749.094,"X좌표12":657.094,"X좌표11":635.094,"Y좌표4":360.5,"X좌표10":508.094,"Y좌표3":373.5,"Y좌표2":164.5,"Y좌표1":2.5,"Y좌표8":759.5,"Y좌표7":700.5,"Y좌표6":545.5,"Y좌표5":546.5,"Y좌표15":61.5,"Y좌표14":541.5,"X좌표8":394.094,"Y좌표17":2.5,"X좌표9":451.094,"Y좌표16":1.50002,"Y좌표11":761.5,"Y좌표10":772.5,"Y좌표13":832.5,"Y좌표12":854.5,"X좌표2":255.094,"X좌표3":271.094,"X좌표1":432.094,"X좌표6":274.094,"Y좌표19":9.5,"X좌표7":278.094,"Y좌표18":317.5,"X좌표4":94.0938,"X좌표5":93.0938}],"하의":[{"X좌표8":391.094,"X좌표9":291.094,"Y좌표9":707.5,"X좌표2":360.094,"Y좌표4":729.5,"X좌표3":631.094,"Y좌표3":1042.5,"Y좌표2":1040.5,"X좌표1":286.094,"Y좌표1":703.5,"X좌표6":497.094,"Y좌표8":724.5,"X좌표7":434.094,"Y좌표7":602.5,"X좌표4":690.094,"Y좌표6":594.5,"X좌표5":522.094,"Y좌표5":759.5}],"원피스":[{}],"상의":[{"X좌표8":438.094,"X좌표9":416.094,"Y좌표9":106.5,"X좌표2":432.094,"Y좌표4":619.5,"X좌표3":424.094,"Y좌표3":623.5,"Y좌표2":482.5,"X좌표1":423.094,"Y좌표1":101.5,"X좌표6":622.094,"Y좌표8":76.5,"X좌표7":605.094,"Y좌표7":24.5,"X좌표4":495.094,"Y좌표6":92.5,"X좌표5":469.094,"Y좌표5":457.5}]},"라벨링":{"스타일":[{"스타일":"펑크","서브스타일":"스트리트"}],"아우터":[{"기장":"노말","색상":"블랙","카테고리":"재킷","소매기장":"긴팔","소재":["가죽"],"프린트":["무지"],"핏":"노멀"}],"하의":[{"색상":"블루","카테고리":"청바지","소재":["데님"],"프린트":["무지"],"핏":"노멀"}],"원피스":[{}],"상의":[{"색상":"화이트","카테고리":"티셔츠","소매기장":"없음","소재":["우븐"],"프린트":["무지"],"넥라인":"라운드넥","핏":"노멀"}]}},"파일 번호":976419,"파일 이름":"6sk1938-1 (1962).jpg"}}