{"이미지 정보":{"이미지 식별자":976415,"이미지 높이":1049,"이미지 파일명":"6sk1938-1 (1958).jpg","이미지 너비":800},"데이터셋 정보":{"파일 생성일자":"2020-11-10 12:46:47","데이터셋 상세설명":{"렉트좌표":{"아우터":[{"X좌표":314.759,"Y좌표":8.49905,"가로":221,"세로":502}],"하의":[{"X좌표":233.759,"Y좌표":368.35,"가로":271,"세로":620}],"원피스":[{}],"상의":[{}]},"폴리곤좌표":{"아우터":[{"Y좌표9":511.946,"Y좌표22":8.99905,"Y좌표21":30.9967,"Y좌표20":61.9934,"X좌표19":496.259,"X좌표18":536.259,"X좌표17":532.259,"X좌표16":517.259,"X좌표15":536.259,"X좌표14":520.259,"X좌표13":533.259,"X좌표12":500.259,"X좌표11":474.259,"Y좌표4":287.969,"X좌표10":459.259,"Y좌표3":177.981,"Y좌표2":86.9908,"Y좌표1":8.99905,"Y좌표8":501.947,"Y좌표7":453.952,"Y좌표6":412.956,"Y좌표5":388.959,"Y좌표15":347.963,"Y좌표14":362.962,"X좌표8":389.259,"Y좌표17":242.974,"X좌표9":430.259,"Y좌표16":313.967,"Y좌표11":422.955,"Y좌표10":511.946,"Y좌표13":418.956,"Y좌표12":423.955,"X좌표22":376.259,"X좌표2":329.259,"X좌표21":435.259,"X좌표3":317.259,"X좌표20":452.259,"X좌표1":371.259,"X좌표6":374.259,"Y좌표19":136.985,"X좌표7":387.259,"Y좌표18":206.978,"X좌표4":318.259,"X좌표5":315.259}],"하의":[{"X좌표8":298.259,"X좌표9":234.259,"X좌표2":350.259,"X좌표3":362.259,"X좌표1":359.259,"X좌표6":370.259,"X좌표7":341.259,"X좌표4":383.259,"X좌표5":379.259,"Y좌표26":412.845,"Y좌표25":478.838,"Y좌표28":368.85,"Y좌표9":791.25,"Y좌표27":369.85,"Y좌표22":677.817,"Y좌표21":695.815,"Y좌표24":564.829,"Y좌표23":613.824,"Y좌표20":720.812,"X좌표19":445.259,"X좌표18":448.259,"X좌표17":458.259,"X좌표16":455.259,"X좌표15":377.259,"X좌표14":328.259,"X좌표13":344.259,"X좌표12":328.259,"X좌표11":288.259,"Y좌표4":508.946,"X좌표10":258.259,"Y좌표3":470.95,"Y좌표2":413.956,"Y좌표1":369.961,"Y좌표8":740.255,"Y좌표7":696.26,"Y좌표6":647.931,"Y좌표5":548.942,"Y좌표15":987.784,"Y좌표14":963.787,"Y좌표17":894.794,"Y좌표16":989.784,"Y좌표11":875.241,"Y좌표10":843.244,"Y좌표13":855.798,"Y좌표12":882.24,"X좌표28":362.259,"X좌표27":494.259,"X좌표26":505.259,"X좌표25":504.259,"X좌표24":491.259,"X좌표23":493.259,"X좌표22":481.259,"X좌표21":462.259,"X좌표20":462.259,"Y좌표19":753.809,"Y좌표18":815.802}],"원피스":[{}],"상의":[{}]},"라벨링":{"스타일":[{"스타일":"펑크","서브스타일":"스트리트"}],"아우터":[{"기장":"노말","색상":"블랙","카테고리":"재킷","소매기장":"긴팔","소재":["가죽"],"프린트":["무지"],"핏":"노멀"}],"하의":[{"기장":"맥시","색상":"블루","카테고리":"청바지","소재":["데님"],"프린트":["무지"],"핏":"루즈"}],"원피스":[{}],"상의":[{}]}},"파일 번호":976415,"파일 이름":"6sk1938-1 (1958).jpg"}}