{"이미지 정보":{"이미지 식별자":1229112,"이미지 높이":800,"이미지 파일명":"1-(9)-005-272-2,351-7,514-FisrtGI_355_03.jpg","이미지 너비":800},"데이터셋 정보":{"파일 생성일자":"2020-11-19 15:58:27","데이터셋 상세설명":{"렉트좌표":{"아우터":[{}],"하의":[{}],"원피스":[{}],"상의":[{"X좌표":-0.46875,"Y좌표":105.5,"가로":418,"세로":424}]},"폴리곤좌표":{"아우터":[{}],"하의":[{}],"원피스":[{}],"상의":[{"Y좌표9":516.0,"Y좌표21":106.0,"Y좌표20":166.0,"X좌표19":102.031,"X좌표18":190.031,"X좌표17":254.031,"X좌표16":324.031,"X좌표15":346.031,"X좌표14":364.031,"X좌표13":410.031,"X좌표12":418.031,"X좌표11":398.031,"Y좌표4":296.0,"X좌표10":318.031,"Y좌표3":190.0,"Y좌표2":124.0,"Y좌표1":114.0,"Y좌표8":526.0,"Y좌표7":522.0,"Y좌표6":530.0,"Y좌표5":528.0,"Y좌표15":152.0,"Y좌표14":234.0,"X좌표8":222.031,"Y좌표17":116.0,"X좌표9":270.031,"Y좌표16":122.0,"Y좌표11":452.0,"Y좌표10":478.0,"Y좌표13":288.0,"Y좌표12":398.0,"X좌표2":2.03125,"X좌표21":50.0312,"X좌표3":0.03125,"X좌표20":62.0312,"X좌표1":48.0312,"X좌표6":34.0312,"Y좌표19":186.0,"X좌표7":154.031,"Y좌표18":182.0,"X좌표4":0.03125,"X좌표5":4.03125}]},"라벨링":{"스타일":[{"스타일":"레트로"}],"아우터":[{}],"하의":[{}],"원피스":[{}],"상의":[{"기장":"크롭","색상":"민트","서브색상":"핑크","카테고리":"블라우스","디테일":["컷아웃"],"소매기장":"반팔","소재":["린넨","우븐"],"프린트":["스트라이프"],"넥라인":"원숄더","핏":"루즈"}]}},"파일 번호":1229112,"파일 이름":"1-(9)-005-272-2,351-7,514-FisrtGI_355_03.jpg"}}